track_name,analysis_level,model_id,r2,rmse,mae,n_test,source_table,claim_level,source_role,interpretation_note,display_level
Random_Promoter_DREAM_base_track,01_GC_length_only,M01_GC_length,-0.3780448108504688,6.470642863204656,4.698028590726317,89562.0,ALL_TRACKS_metrics_summary.csv,headline_base_reference,base-track structured reference,,01_GC_length_only
Random_Promoter_DREAM_base_track,02_GC_length_plus_6mer,M02_GC_length_char6,-0.3426184760622028,6.386928728641669,4.539658757046703,89562.0,ALL_TRACKS_metrics_summary.csv,headline_base_reference,base-track structured reference,Closest available table is GC/length + 6-mer; a pure 6-mer-only row was not identified.,02_GC_length_plus_6mer
Random_Promoter_DREAM_base_track,03_grammar_ladder_candidate,M03_GC_length_multi_char6,-0.3421549942831152,6.385826226084235,4.538658898018887,89562.0,ALL_TRACKS_metrics_summary.csv,headline_base_reference,base-track structured reference,,03_grammar_ladder_best
Random_Promoter_DREAM_base_track,03_grammar_ladder_candidate,M04_GC_length_windowed_char6,-0.3556581463682393,6.417869091722029,4.588641601553603,89562.0,ALL_TRACKS_metrics_summary.csv,headline_base_reference,base-track structured reference,,03_grammar_ladder_best
Random_Promoter_DREAM_base_track,03_grammar_ladder_candidate,M05_GC_length_windowed_multi_char6,-0.3611920578649914,6.430954893878905,4.600412199113127,89562.0,ALL_TRACKS_metrics_summary.csv,headline_base_reference,base-track structured reference,,03_grammar_ladder_best
Random_Promoter_DREAM_base_track,03_grammar_ladder_candidate,M06_GC_length_condition_gated_char6,-0.3426296713758245,6.386955357025836,4.539671368399617,89562.0,ALL_TRACKS_metrics_summary.csv,headline_base_reference,base-track structured reference,,03_grammar_ladder_best
Random_Promoter_DREAM_base_track,03_grammar_ladder_candidate,M07_GC_length_condition_gated_multi_char6,-0.3421631462492087,6.385845619134981,4.53867599649427,89562.0,ALL_TRACKS_metrics_summary.csv,headline_base_reference,base-track structured reference,,03_grammar_ladder_best
Random_Promoter_DREAM_base_track,03_grammar_ladder_candidate,M08_dynamic_condition_weighted_char6,-0.3498197768766122,6.404034364690268,4.5906087867339815,89562.0,ALL_TRACKS_metrics_summary.csv,headline_base_reference,base-track structured reference,,03_grammar_ladder_best
Random_Promoter_DREAM_base_track,03_grammar_ladder_candidate,M09_dynamic_condition_weighted_multi_char6,-0.34900044736042,6.402090471537643,4.587979981534996,89562.0,ALL_TRACKS_metrics_summary.csv,headline_base_reference,base-track structured reference,,03_grammar_ladder_best
Random_Promoter_DREAM_base_track,04_grammar_plus_P01_P05_candidate,T01_mutational_prior_proxy,-0.356907268238718,6.420825166910239,4.666456476647723,89562.0,ALL_TRACKS_metrics_summary.csv,headline_base_reference,base-track structured reference,,04_grammar_plus_P01_P05_best
Random_Promoter_DREAM_base_track,04_grammar_plus_P01_P05_candidate,T02_selection_potential_proxy,-0.3452293987146542,6.393135882025646,4.543375732864161,89562.0,ALL_TRACKS_metrics_summary.csv,headline_base_reference,base-track structured reference,,04_grammar_plus_P01_P05_best
Random_Promoter_DREAM_base_track,04_grammar_plus_P01_P05_candidate,T03_latent_state_operator_proxy,-0.3511226758134054,6.407124331675494,4.5966523618496575,89562.0,ALL_TRACKS_metrics_summary.csv,headline_base_reference,base-track structured reference,,04_grammar_plus_P01_P05_best
Random_Promoter_DREAM_base_track,04_grammar_plus_P01_P05_candidate,T04_observable_alignment_proxy,-0.3495162203450643,6.403314233084763,4.546516292844725,89562.0,ALL_TRACKS_metrics_summary.csv,headline_base_reference,base-track structured reference,,04_grammar_plus_P01_P05_best
Random_Promoter_DREAM_base_track,04_grammar_plus_P01_P05_candidate,T05_uncertainty_ensemble_proxy,-0.3503428519828777,6.405275073469585,4.548154790140534,89562.0,ALL_TRACKS_metrics_summary.csv,headline_base_reference,base-track structured reference,,04_grammar_plus_P01_P05_best
PARM_GSE301246_held_out_context_track_TaskB,01_GC_length_only,M01_GC_length,0.004032794953191,0.6558457606768565,0.5123065955155294,133.0,ALL_TRACKS_metrics_summary.csv,headline_transfer_evidence,held-out/context transfer branch,,01_GC_length_only
PARM_GSE301246_held_out_context_track_TaskB,02_GC_length_plus_6mer,M02_GC_length_char6,-0.3460753217044452,0.7624544045165879,0.5731316213136395,133.0,ALL_TRACKS_metrics_summary.csv,headline_transfer_evidence,held-out/context transfer branch,Closest available table is GC/length + 6-mer; a pure 6-mer-only row was not identified.,02_GC_length_plus_6mer
PARM_GSE301246_held_out_context_track_TaskB,03_grammar_ladder_candidate,M03_GC_length_multi_char6,-0.4229983703785291,0.7839374246221529,0.5590801518332754,133.0,ALL_TRACKS_metrics_summary.csv,headline_transfer_evidence,held-out/context transfer branch,,03_grammar_ladder_best
PARM_GSE301246_held_out_context_track_TaskB,03_grammar_ladder_candidate,M04_GC_length_windowed_char6,-0.4312191923284521,0.7861986109669731,0.5735254997478414,133.0,ALL_TRACKS_metrics_summary.csv,headline_transfer_evidence,held-out/context transfer branch,,03_grammar_ladder_best
PARM_GSE301246_held_out_context_track_TaskB,03_grammar_ladder_candidate,M05_GC_length_windowed_multi_char6,-1.0536151812272343,0.9417567237687668,0.649466607478577,133.0,ALL_TRACKS_metrics_summary.csv,headline_transfer_evidence,held-out/context transfer branch,,03_grammar_ladder_best
PARM_GSE301246_held_out_context_track_TaskB,03_grammar_ladder_candidate,M06_GC_length_condition_gated_char6,-0.7927131256718714,0.8799025891274758,0.7066424389302334,133.0,ALL_TRACKS_metrics_summary.csv,headline_transfer_evidence,held-out/context transfer branch,,03_grammar_ladder_best
PARM_GSE301246_held_out_context_track_TaskB,03_grammar_ladder_candidate,M07_GC_length_condition_gated_multi_char6,-0.7669488996728462,0.8735568858635196,0.6700331944350995,133.0,ALL_TRACKS_metrics_summary.csv,headline_transfer_evidence,held-out/context transfer branch,,03_grammar_ladder_best
PARM_GSE301246_held_out_context_track_TaskB,03_grammar_ladder_candidate,M08_dynamic_condition_weighted_char6,-0.4873049071014061,0.801455109324464,0.6365637669229572,133.0,ALL_TRACKS_metrics_summary.csv,headline_transfer_evidence,held-out/context transfer branch,,03_grammar_ladder_best
PARM_GSE301246_held_out_context_track_TaskB,03_grammar_ladder_candidate,M09_dynamic_condition_weighted_multi_char6,-0.8905965915881968,0.9036050133484232,0.6638204843223661,133.0,ALL_TRACKS_metrics_summary.csv,headline_transfer_evidence,held-out/context transfer branch,,03_grammar_ladder_best
PARM_GSE301246_held_out_context_track_TaskB,04_grammar_plus_P01_P05_candidate,T01_mutational_prior_proxy,0.0138868353099598,0.6525932461357723,0.5098057222025701,133.0,ALL_TRACKS_metrics_summary.csv,headline_transfer_evidence,held-out/context transfer branch,,04_grammar_plus_P01_P05_best
PARM_GSE301246_held_out_context_track_TaskB,04_grammar_plus_P01_P05_candidate,T02_selection_potential_proxy,-0.3460383151368691,0.7624439236713034,0.5731767894909708,133.0,ALL_TRACKS_metrics_summary.csv,headline_transfer_evidence,held-out/context transfer branch,,04_grammar_plus_P01_P05_best
PARM_GSE301246_held_out_context_track_TaskB,04_grammar_plus_P01_P05_candidate,T03_latent_state_operator_proxy,-0.014988144150636,0.6620787989977958,0.5261285502041434,133.0,ALL_TRACKS_metrics_summary.csv,headline_transfer_evidence,held-out/context transfer branch,,04_grammar_plus_P01_P05_best
PARM_GSE301246_held_out_context_track_TaskB,04_grammar_plus_P01_P05_candidate,T04_observable_alignment_proxy,-0.9517263935942628,0.91809720255791,0.7128670594421876,133.0,ALL_TRACKS_metrics_summary.csv,headline_transfer_evidence,held-out/context transfer branch,,04_grammar_plus_P01_P05_best
PARM_GSE301246_held_out_context_track_TaskB,04_grammar_plus_P01_P05_candidate,T05_uncertainty_ensemble_proxy,-0.0900094574162395,0.6861109168629391,0.5466157507958871,133.0,ALL_TRACKS_metrics_summary.csv,headline_transfer_evidence,held-out/context transfer branch,,04_grammar_plus_P01_P05_best
PARM_GSE301246_Task_C_stress_test,01_GC_length_only,M01_GC_length,-0.1454147563776815,0.1613166886707199,0.1025262116502254,32976.0,ALL_TRACKS_metrics_summary.csv,stress_test_boundary,boundary/stress-test branch,,01_GC_length_only
PARM_GSE301246_Task_C_stress_test,02_GC_length_plus_6mer,M02_GC_length_char6,-0.1780956522229646,0.1636018417395175,0.1020187281461221,32976.0,ALL_TRACKS_metrics_summary.csv,stress_test_boundary,boundary/stress-test branch,Closest available table is GC/length + 6-mer; a pure 6-mer-only row was not identified.,02_GC_length_plus_6mer
PARM_GSE301246_Task_C_stress_test,03_grammar_ladder_candidate,M03_GC_length_multi_char6,-0.211438112556654,0.1659008182917805,0.1022150730501196,32976.0,ALL_TRACKS_metrics_summary.csv,stress_test_boundary,boundary/stress-test branch,,03_grammar_ladder_best
PARM_GSE301246_Task_C_stress_test,03_grammar_ladder_candidate,M04_GC_length_windowed_char6,-0.1733915466027,0.1632748860598208,0.1021824139655779,32976.0,ALL_TRACKS_metrics_summary.csv,stress_test_boundary,boundary/stress-test branch,,03_grammar_ladder_best
PARM_GSE301246_Task_C_stress_test,03_grammar_ladder_candidate,M05_GC_length_windowed_multi_char6,-0.3081900174337753,0.1723984382261381,0.1036107369058517,32976.0,ALL_TRACKS_metrics_summary.csv,stress_test_boundary,boundary/stress-test branch,,03_grammar_ladder_best
PARM_GSE301246_Task_C_stress_test,03_grammar_ladder_candidate,M06_GC_length_condition_gated_char6,-0.0388875635281249,0.1536321773004771,0.0772293180340149,32976.0,ALL_TRACKS_metrics_summary.csv,stress_test_boundary,boundary/stress-test branch,,03_grammar_ladder_best
PARM_GSE301246_Task_C_stress_test,03_grammar_ladder_candidate,M07_GC_length_condition_gated_multi_char6,-0.0415946833937972,0.1538322134492428,0.0797860976373642,32976.0,ALL_TRACKS_metrics_summary.csv,stress_test_boundary,boundary/stress-test branch,,03_grammar_ladder_best
PARM_GSE301246_Task_C_stress_test,03_grammar_ladder_candidate,M08_dynamic_condition_weighted_char6,-0.0500121865665343,0.1544525495446718,0.0845295954951965,32976.0,ALL_TRACKS_metrics_summary.csv,stress_test_boundary,boundary/stress-test branch,,03_grammar_ladder_best
PARM_GSE301246_Task_C_stress_test,03_grammar_ladder_candidate,M09_dynamic_condition_weighted_multi_char6,-0.1497789133143778,0.1616237137138979,0.1008474996474934,32976.0,ALL_TRACKS_metrics_summary.csv,stress_test_boundary,boundary/stress-test branch,,03_grammar_ladder_best
PARM_GSE301246_Task_C_stress_test,04_grammar_plus_P01_P05_candidate,T01_mutational_prior_proxy,-0.1454526402705984,0.1613193563740973,0.1025268334972342,32976.0,ALL_TRACKS_metrics_summary.csv,stress_test_boundary,boundary/stress-test branch,,04_grammar_plus_P01_P05_best
PARM_GSE301246_Task_C_stress_test,04_grammar_plus_P01_P05_candidate,T02_selection_potential_proxy,-0.1780682724400268,0.1635999406167466,0.1020168660542156,32976.0,ALL_TRACKS_metrics_summary.csv,stress_test_boundary,boundary/stress-test branch,,04_grammar_plus_P01_P05_best
PARM_GSE301246_Task_C_stress_test,04_grammar_plus_P01_P05_candidate,T03_latent_state_operator_proxy,-0.1474424065106316,0.1614594095381593,0.1024584315293486,32976.0,ALL_TRACKS_metrics_summary.csv,stress_test_boundary,boundary/stress-test branch,,04_grammar_plus_P01_P05_best
PARM_GSE301246_Task_C_stress_test,04_grammar_plus_P01_P05_candidate,T04_observable_alignment_proxy,-0.1539308803120251,0.1619152704627864,0.0940906561678189,32976.0,ALL_TRACKS_metrics_summary.csv,stress_test_boundary,boundary/stress-test branch,,04_grammar_plus_P01_P05_best
PARM_GSE301246_Task_C_stress_test,04_grammar_plus_P01_P05_candidate,T05_uncertainty_ensemble_proxy,-0.1458563130401315,0.1613477794152512,0.0931098457828759,32976.0,ALL_TRACKS_metrics_summary.csv,stress_test_boundary,boundary/stress-test branch,,04_grammar_plus_P01_P05_best
GSE221384_context_track,01_GC_length_only,M01_GC_length,-0.0934772049072243,1.896216713715393,1.629220282362712,37500.0,ALL_TRACKS_metrics_summary.csv,exploratory_extra,external/context sequence-target branch,,01_GC_length_only
GSE221384_context_track,02_GC_length_plus_6mer,M02_GC_length_char6,0.129254892851815,1.6921101268955785,1.4070285824072553,37500.0,ALL_TRACKS_metrics_summary.csv,exploratory_extra,external/context sequence-target branch,Closest available table is GC/length + 6-mer; a pure 6-mer-only row was not identified.,02_GC_length_plus_6mer
GSE221384_context_track,03_grammar_ladder_candidate,M03_GC_length_multi_char6,0.1784044300747667,1.6436606106730005,1.3592621217167762,37500.0,ALL_TRACKS_metrics_summary.csv,exploratory_extra,external/context sequence-target branch,,03_grammar_ladder_best
GSE221384_context_track,03_grammar_ladder_candidate,M04_GC_length_windowed_char6,0.1315331881132105,1.6898949829453342,1.4061959654039715,37500.0,ALL_TRACKS_metrics_summary.csv,exploratory_extra,external/context sequence-target branch,,03_grammar_ladder_best
GSE221384_context_track,03_grammar_ladder_candidate,M05_GC_length_windowed_multi_char6,0.1350909471654263,1.6864300208038514,1.4027348218020594,37500.0,ALL_TRACKS_metrics_summary.csv,exploratory_extra,external/context sequence-target branch,,03_grammar_ladder_best
GSE221384_context_track,03_grammar_ladder_candidate,M06_GC_length_condition_gated_char6,0.0496529964904562,1.7677636854512917,1.4938760724669855,37500.0,ALL_TRACKS_metrics_summary.csv,exploratory_extra,external/context sequence-target branch,,03_grammar_ladder_best
GSE221384_context_track,03_grammar_ladder_candidate,M07_GC_length_condition_gated_multi_char6,0.1246689039546906,1.696560228041183,1.4361239829113113,37500.0,ALL_TRACKS_metrics_summary.csv,exploratory_extra,external/context sequence-target branch,,03_grammar_ladder_best
GSE221384_context_track,03_grammar_ladder_candidate,M08_dynamic_condition_weighted_char6,0.0328994368094371,1.7832774643846268,1.5194138467321363,37500.0,ALL_TRACKS_metrics_summary.csv,exploratory_extra,external/context sequence-target branch,,03_grammar_ladder_best
GSE221384_context_track,03_grammar_ladder_candidate,M09_dynamic_condition_weighted_multi_char6,0.1204306696801675,1.7006625254395549,1.4221405693183042,37500.0,ALL_TRACKS_metrics_summary.csv,exploratory_extra,external/context sequence-target branch,,03_grammar_ladder_best
GSE221384_context_track,04_grammar_plus_P01_P05_candidate,T01_mutational_prior_proxy,-0.0933117494483211,1.8960732487788965,1.6290223996260929,37500.0,ALL_TRACKS_metrics_summary.csv,exploratory_extra,external/context sequence-target branch,,04_grammar_plus_P01_P05_best
GSE221384_context_track,04_grammar_plus_P01_P05_candidate,T02_selection_potential_proxy,0.1293159713530498,1.6920507792391335,1.4069304320211296,37500.0,ALL_TRACKS_metrics_summary.csv,exploratory_extra,external/context sequence-target branch,,04_grammar_plus_P01_P05_best
GSE221384_context_track,04_grammar_plus_P01_P05_candidate,T03_latent_state_operator_proxy,-0.0697774467273533,1.875555077389216,1.6057544864156772,37500.0,ALL_TRACKS_metrics_summary.csv,exploratory_extra,external/context sequence-target branch,,04_grammar_plus_P01_P05_best
GSE221384_context_track,04_grammar_plus_P01_P05_candidate,T04_observable_alignment_proxy,0.2117140378824361,1.609996750848716,1.326798064371269,37500.0,ALL_TRACKS_metrics_summary.csv,exploratory_extra,external/context sequence-target branch,,04_grammar_plus_P01_P05_best
GSE221384_context_track,04_grammar_plus_P01_P05_candidate,T05_uncertainty_ensemble_proxy,0.2084672223661844,1.613308994809454,1.329256668135541,37500.0,ALL_TRACKS_metrics_summary.csv,exploratory_extra,external/context sequence-target branch,,04_grammar_plus_P01_P05_best
Random_Promoter_DREAM_base_track_2,01_GC_length_only,M01_GC_length,0.0690145919100142,0.7247006162099205,0.6030073773102583,14221.0,ALL_TRACKS_metrics_summary.csv,headline_base_reference,base-track structured reference,,01_GC_length_only
Random_Promoter_DREAM_base_track_2,02_GC_length_plus_6mer,M02_GC_length_char6,0.5852230090685919,0.4837205320324627,0.3757532992445817,14221.0,ALL_TRACKS_metrics_summary.csv,headline_base_reference,base-track structured reference,Closest available table is GC/length + 6-mer; a pure 6-mer-only row was not identified.,02_GC_length_plus_6mer
Random_Promoter_DREAM_base_track_2,03_grammar_ladder_candidate,M03_GC_length_multi_char6,0.6147079453964217,0.4662106821473173,0.3567364341204999,14221.0,ALL_TRACKS_metrics_summary.csv,headline_base_reference,base-track structured reference,,03_grammar_ladder_best
Random_Promoter_DREAM_base_track_2,03_grammar_ladder_candidate,M04_GC_length_windowed_char6,0.5139458201381348,0.5236360458264755,0.4087527313059335,14221.0,ALL_TRACKS_metrics_summary.csv,headline_base_reference,base-track structured reference,,03_grammar_ladder_best
Random_Promoter_DREAM_base_track_2,03_grammar_ladder_candidate,M05_GC_length_windowed_multi_char6,0.474566004176618,0.5444353020263658,0.4223423051988878,14221.0,ALL_TRACKS_metrics_summary.csv,headline_base_reference,base-track structured reference,,03_grammar_ladder_best
Random_Promoter_DREAM_base_track_2,03_grammar_ladder_candidate,M06_GC_length_condition_gated_char6,0.585228196066853,0.4837175074367671,0.3757482244075532,14221.0,ALL_TRACKS_metrics_summary.csv,headline_base_reference,base-track structured reference,,03_grammar_ladder_best
Random_Promoter_DREAM_base_track_2,03_grammar_ladder_candidate,M07_GC_length_condition_gated_multi_char6,0.6146713505671948,0.4662328218397969,0.35675138107311,14221.0,ALL_TRACKS_metrics_summary.csv,headline_base_reference,base-track structured reference,,03_grammar_ladder_best
Random_Promoter_DREAM_base_track_2,03_grammar_ladder_candidate,M08_dynamic_condition_weighted_char6,0.5107013401907929,0.5253808111225383,0.4152575241749359,14221.0,ALL_TRACKS_metrics_summary.csv,headline_base_reference,base-track structured reference,,03_grammar_ladder_best
Random_Promoter_DREAM_base_track_2,03_grammar_ladder_candidate,M09_dynamic_condition_weighted_multi_char6,0.546368512484507,0.5058698425231405,0.3919523385673792,14221.0,ALL_TRACKS_metrics_summary.csv,headline_base_reference,base-track structured reference,,03_grammar_ladder_best
Random_Promoter_DREAM_base_track_2,04_grammar_plus_P01_P05_candidate,T01_mutational_prior_proxy,0.0777506201072139,0.7212924386926725,0.6005788197321092,14221.0,ALL_TRACKS_metrics_summary.csv,headline_base_reference,base-track structured reference,,04_grammar_plus_P01_P05_best
Random_Promoter_DREAM_base_track_2,04_grammar_plus_P01_P05_candidate,T02_selection_potential_proxy,0.585108519777675,0.4837872871813909,0.3758050013209085,14221.0,ALL_TRACKS_metrics_summary.csv,headline_base_reference,base-track structured reference,,04_grammar_plus_P01_P05_best
Random_Promoter_DREAM_base_track_2,04_grammar_plus_P01_P05_candidate,T03_latent_state_operator_proxy,0.273496534615084,0.64018580274329,0.5191171997009916,14221.0,ALL_TRACKS_metrics_summary.csv,headline_base_reference,base-track structured reference,,04_grammar_plus_P01_P05_best
Random_Promoter_DREAM_base_track_2,04_grammar_plus_P01_P05_candidate,T04_observable_alignment_proxy,0.6491104448680286,0.4449102527550926,0.337080594241646,14221.0,ALL_TRACKS_metrics_summary.csv,headline_base_reference,base-track structured reference,,04_grammar_plus_P01_P05_best
Random_Promoter_DREAM_base_track_2,04_grammar_plus_P01_P05_candidate,T05_uncertainty_ensemble_proxy,0.6487843460968599,0.4451169431391017,0.3373048735673999,14221.0,ALL_TRACKS_metrics_summary.csv,headline_base_reference,base-track structured reference,,04_grammar_plus_P01_P05_best
Random_Promoter_DREAM_base_track_3,01_GC_length_only,M01_GC_length,0.119169339176409,2.22159524685882,1.7581471875970516,30000.0,ALL_TRACKS_metrics_summary.csv,headline_base_reference,base-track structured reference,,01_GC_length_only
Random_Promoter_DREAM_base_track_3,02_GC_length_plus_6mer,M02_GC_length_char6,0.2730127410981144,2.018283294538727,1.5701297696129866,30000.0,ALL_TRACKS_metrics_summary.csv,headline_base_reference,base-track structured reference,Closest available table is GC/length + 6-mer; a pure 6-mer-only row was not identified.,02_GC_length_plus_6mer
Random_Promoter_DREAM_base_track_3,03_grammar_ladder_candidate,M03_GC_length_multi_char6,0.2761642847673939,2.013903839204759,1.5652815333690406,30000.0,ALL_TRACKS_metrics_summary.csv,headline_base_reference,base-track structured reference,,03_grammar_ladder_best
Random_Promoter_DREAM_base_track_3,03_grammar_ladder_candidate,M04_GC_length_windowed_char6,0.2275836697105069,2.080388523251942,1.6248076397021156,30000.0,ALL_TRACKS_metrics_summary.csv,headline_base_reference,base-track structured reference,,03_grammar_ladder_best
Random_Promoter_DREAM_base_track_3,03_grammar_ladder_candidate,M05_GC_length_windowed_multi_char6,0.2266843065839905,2.0815993213268387,1.6259572397160136,30000.0,ALL_TRACKS_metrics_summary.csv,headline_base_reference,base-track structured reference,,03_grammar_ladder_best
Random_Promoter_DREAM_base_track_3,03_grammar_ladder_candidate,M06_GC_length_condition_gated_char6,0.2730102519020904,2.018286749825178,1.5701279438376248,30000.0,ALL_TRACKS_metrics_summary.csv,headline_base_reference,base-track structured reference,,03_grammar_ladder_best
Random_Promoter_DREAM_base_track_3,03_grammar_ladder_candidate,M07_GC_length_condition_gated_multi_char6,0.2761593064549346,2.013910764688764,1.5652828303285249,30000.0,ALL_TRACKS_metrics_summary.csv,headline_base_reference,base-track structured reference,,03_grammar_ladder_best
Random_Promoter_DREAM_base_track_3,03_grammar_ladder_candidate,M08_dynamic_condition_weighted_char6,0.222414648639069,2.0873379110851027,1.6328055235689292,30000.0,ALL_TRACKS_metrics_summary.csv,headline_base_reference,base-track structured reference,,03_grammar_ladder_best
Random_Promoter_DREAM_base_track_3,03_grammar_ladder_candidate,M09_dynamic_condition_weighted_multi_char6,0.2271795370606298,2.0809326876816563,1.6260252343511714,30000.0,ALL_TRACKS_metrics_summary.csv,headline_base_reference,base-track structured reference,,03_grammar_ladder_best
Random_Promoter_DREAM_base_track_3,04_grammar_plus_P01_P05_candidate,T01_mutational_prior_proxy,0.121236304343599,2.218987108175489,1.7543192278306423,30000.0,ALL_TRACKS_metrics_summary.csv,headline_base_reference,base-track structured reference,,04_grammar_plus_P01_P05_best
Random_Promoter_DREAM_base_track_3,04_grammar_plus_P01_P05_candidate,T02_selection_potential_proxy,0.2730270418198451,2.0182634434001003,1.5700931782113208,30000.0,ALL_TRACKS_metrics_summary.csv,headline_base_reference,base-track structured reference,,04_grammar_plus_P01_P05_best
Random_Promoter_DREAM_base_track_3,04_grammar_plus_P01_P05_candidate,T03_latent_state_operator_proxy,0.2040454523350813,2.1118489885199194,1.6555714882690362,30000.0,ALL_TRACKS_metrics_summary.csv,headline_base_reference,base-track structured reference,,04_grammar_plus_P01_P05_best
Random_Promoter_DREAM_base_track_3,04_grammar_plus_P01_P05_candidate,T04_observable_alignment_proxy,0.2813359087852787,2.006696524468721,1.5577256799271724,30000.0,ALL_TRACKS_metrics_summary.csv,headline_base_reference,base-track structured reference,,04_grammar_plus_P01_P05_best
Random_Promoter_DREAM_base_track_3,04_grammar_plus_P01_P05_candidate,T05_uncertainty_ensemble_proxy,0.2806389983813208,2.0076692659955824,1.558304041875971,30000.0,ALL_TRACKS_metrics_summary.csv,headline_base_reference,base-track structured reference,,04_grammar_plus_P01_P05_best
Random_Promoter_DREAM_base_track_4,01_GC_length_only,M01_GC_length,0.1121457927924146,2.2450874329152817,1.7690984122870588,30000.0,ALL_TRACKS_metrics_summary.csv,headline_base_reference,base-track structured reference,,01_GC_length_only
Random_Promoter_DREAM_base_track_4,02_GC_length_plus_6mer,M02_GC_length_char6,0.2727723437498029,2.031877979548766,1.57512860818877,30000.0,ALL_TRACKS_metrics_summary.csv,headline_base_reference,base-track structured reference,Closest available table is GC/length + 6-mer; a pure 6-mer-only row was not identified.,02_GC_length_plus_6mer
Random_Promoter_DREAM_base_track_4,03_grammar_ladder_candidate,M03_GC_length_multi_char6,0.2759745248977641,2.0273995885488256,1.571462259379816,30000.0,ALL_TRACKS_metrics_summary.csv,headline_base_reference,base-track structured reference,,03_grammar_ladder_best
Random_Promoter_DREAM_base_track_4,03_grammar_ladder_candidate,M04_GC_length_windowed_char6,0.2329606162810816,2.086754035741326,1.6243442801968293,30000.0,ALL_TRACKS_metrics_summary.csv,headline_base_reference,base-track structured reference,,03_grammar_ladder_best
Random_Promoter_DREAM_base_track_4,03_grammar_ladder_candidate,M05_GC_length_windowed_multi_char6,0.2315448795405027,2.0886789254401106,1.62556024091523,30000.0,ALL_TRACKS_metrics_summary.csv,headline_base_reference,base-track structured reference,,03_grammar_ladder_best
Random_Promoter_DREAM_base_track_4,03_grammar_ladder_candidate,M06_GC_length_condition_gated_char6,0.272774129284858,2.0318754851499654,1.5751335779205409,30000.0,ALL_TRACKS_metrics_summary.csv,headline_base_reference,base-track structured reference,,03_grammar_ladder_best
Random_Promoter_DREAM_base_track_4,03_grammar_ladder_candidate,M07_GC_length_condition_gated_multi_char6,0.2759746315191337,2.0273994392694594,1.571460781093008,30000.0,ALL_TRACKS_metrics_summary.csv,headline_base_reference,base-track structured reference,,03_grammar_ladder_best
Random_Promoter_DREAM_base_track_4,03_grammar_ladder_candidate,M08_dynamic_condition_weighted_char6,0.2176410760092618,2.1074896513707664,1.6437787764875451,30000.0,ALL_TRACKS_metrics_summary.csv,headline_base_reference,base-track structured reference,,03_grammar_ladder_best
Random_Promoter_DREAM_base_track_4,03_grammar_ladder_candidate,M09_dynamic_condition_weighted_multi_char6,0.2219803182986617,2.1016370794511574,1.6383876443706626,30000.0,ALL_TRACKS_metrics_summary.csv,headline_base_reference,base-track structured reference,,03_grammar_ladder_best
Random_Promoter_DREAM_base_track_4,04_grammar_plus_P01_P05_candidate,T01_mutational_prior_proxy,0.1139769548972082,2.242771038547167,1.7659201488212437,30000.0,ALL_TRACKS_metrics_summary.csv,headline_base_reference,base-track structured reference,,04_grammar_plus_P01_P05_best
Random_Promoter_DREAM_base_track_4,04_grammar_plus_P01_P05_candidate,T02_selection_potential_proxy,0.2728665319901672,2.0317463940631293,1.5750223746492298,30000.0,ALL_TRACKS_metrics_summary.csv,headline_base_reference,base-track structured reference,,04_grammar_plus_P01_P05_best
Random_Promoter_DREAM_base_track_4,04_grammar_plus_P01_P05_candidate,T03_latent_state_operator_proxy,0.2007120591189571,2.130169002656682,1.6627743161170443,30000.0,ALL_TRACKS_metrics_summary.csv,headline_base_reference,base-track structured reference,,04_grammar_plus_P01_P05_best
Random_Promoter_DREAM_base_track_4,04_grammar_plus_P01_P05_candidate,T04_observable_alignment_proxy,0.284423689686203,2.0155352946950784,1.5614381708980112,30000.0,ALL_TRACKS_metrics_summary.csv,headline_base_reference,base-track structured reference,,04_grammar_plus_P01_P05_best
Random_Promoter_DREAM_base_track_4,04_grammar_plus_P01_P05_candidate,T05_uncertainty_ensemble_proxy,0.2834422504253469,2.016917011528146,1.562528732751333,30000.0,ALL_TRACKS_metrics_summary.csv,headline_base_reference,base-track structured reference,,04_grammar_plus_P01_P05_best
PARM_GSE301246_held_out_context_track,01_GC_length_only,M01_GC_length,-0.0584417324061128,65.589569937306,43.901540226829006,1500.0,ALL_TRACKS_metrics_summary.csv,headline_transfer_evidence,held-out/context transfer branch,,01_GC_length_only
PARM_GSE301246_held_out_context_track,02_GC_length_plus_6mer,M02_GC_length_char6,0.3468050445775915,51.52555955970716,29.9037055559948,1500.0,ALL_TRACKS_metrics_summary.csv,headline_transfer_evidence,held-out/context transfer branch,Closest available table is GC/length + 6-mer; a pure 6-mer-only row was not identified.,02_GC_length_plus_6mer
PARM_GSE301246_held_out_context_track,03_grammar_ladder_candidate,M03_GC_length_multi_char6,0.3493096427381839,51.42668037680653,27.959520791727265,1500.0,ALL_TRACKS_metrics_summary.csv,headline_transfer_evidence,held-out/context transfer branch,,03_grammar_ladder_best
PARM_GSE301246_held_out_context_track,03_grammar_ladder_candidate,M04_GC_length_windowed_char6,0.3493088839068232,51.42671036354756,30.13847582991393,1500.0,ALL_TRACKS_metrics_summary.csv,headline_transfer_evidence,held-out/context transfer branch,,03_grammar_ladder_best
PARM_GSE301246_held_out_context_track,03_grammar_ladder_candidate,M05_GC_length_windowed_multi_char6,0.3303207545400851,52.17166844238722,30.291159286934192,1500.0,ALL_TRACKS_metrics_summary.csv,headline_transfer_evidence,held-out/context transfer branch,,03_grammar_ladder_best
PARM_GSE301246_held_out_context_track,03_grammar_ladder_candidate,M06_GC_length_condition_gated_char6,0.0314935672868361,62.74116240733908,43.53458049302652,1500.0,ALL_TRACKS_metrics_summary.csv,headline_transfer_evidence,held-out/context transfer branch,,03_grammar_ladder_best
PARM_GSE301246_held_out_context_track,03_grammar_ladder_candidate,M07_GC_length_condition_gated_multi_char6,0.3839290437284294,50.03992768280192,28.44969889429846,1500.0,ALL_TRACKS_metrics_summary.csv,headline_transfer_evidence,held-out/context transfer branch,,03_grammar_ladder_best
PARM_GSE301246_held_out_context_track,03_grammar_ladder_candidate,M08_dynamic_condition_weighted_char6,0.2199669351767641,56.30640658554319,35.20110979057157,1500.0,ALL_TRACKS_metrics_summary.csv,headline_transfer_evidence,held-out/context transfer branch,,03_grammar_ladder_best
PARM_GSE301246_held_out_context_track,03_grammar_ladder_candidate,M09_dynamic_condition_weighted_multi_char6,-0.0220678669513276,64.45270859957576,45.765039508430895,1500.0,ALL_TRACKS_metrics_summary.csv,headline_transfer_evidence,held-out/context transfer branch,,03_grammar_ladder_best
PARM_GSE301246_held_out_context_track,04_grammar_plus_P01_P05_candidate,T01_mutational_prior_proxy,-0.0596300688426307,65.62637905430988,43.9190625240868,1500.0,ALL_TRACKS_metrics_summary.csv,headline_transfer_evidence,held-out/context transfer branch,,04_grammar_plus_P01_P05_best
PARM_GSE301246_held_out_context_track,04_grammar_plus_P01_P05_candidate,T02_selection_potential_proxy,0.3467387546290684,51.52817404716421,29.910672622527063,1500.0,ALL_TRACKS_metrics_summary.csv,headline_transfer_evidence,held-out/context transfer branch,,04_grammar_plus_P01_P05_best
PARM_GSE301246_held_out_context_track,04_grammar_plus_P01_P05_candidate,T03_latent_state_operator_proxy,-0.0140997680240939,64.20097853239518,42.33993821625924,1500.0,ALL_TRACKS_metrics_summary.csv,headline_transfer_evidence,held-out/context transfer branch,,04_grammar_plus_P01_P05_best
PARM_GSE301246_held_out_context_track,04_grammar_plus_P01_P05_candidate,T04_observable_alignment_proxy,0.3933334191062942,49.65652702584338,28.259495243014257,1500.0,ALL_TRACKS_metrics_summary.csv,headline_transfer_evidence,held-out/context transfer branch,,04_grammar_plus_P01_P05_best
PARM_GSE301246_held_out_context_track,04_grammar_plus_P01_P05_candidate,T05_uncertainty_ensemble_proxy,0.3955993351255749,49.56370603960791,28.49090057274019,1500.0,ALL_TRACKS_metrics_summary.csv,headline_transfer_evidence,held-out/context transfer branch,,04_grammar_plus_P01_P05_best
PARM_GSE301246_held_out_context_track_2,01_GC_length_only,M01_GC_length,-0.0289281576746662,127.89683436251316,67.23604698744954,37500.0,ALL_TRACKS_metrics_summary.csv,headline_transfer_evidence,held-out/context transfer branch,,01_GC_length_only
PARM_GSE301246_held_out_context_track_2,02_GC_length_plus_6mer,M02_GC_length_char6,0.0738462165447436,121.34134977491904,66.0695621917365,37500.0,ALL_TRACKS_metrics_summary.csv,headline_transfer_evidence,held-out/context transfer branch,Closest available table is GC/length + 6-mer; a pure 6-mer-only row was not identified.,02_GC_length_plus_6mer
PARM_GSE301246_held_out_context_track_2,03_grammar_ladder_candidate,M03_GC_length_multi_char6,0.145641794700057,116.54328796478576,63.96911116422266,37500.0,ALL_TRACKS_metrics_summary.csv,headline_transfer_evidence,held-out/context transfer branch,,03_grammar_ladder_best
PARM_GSE301246_held_out_context_track_2,03_grammar_ladder_candidate,M04_GC_length_windowed_char6,0.0716617814501907,121.4843639249628,66.03309476295156,37500.0,ALL_TRACKS_metrics_summary.csv,headline_transfer_evidence,held-out/context transfer branch,,03_grammar_ladder_best
PARM_GSE301246_held_out_context_track_2,03_grammar_ladder_candidate,M05_GC_length_windowed_multi_char6,0.0738846236574758,121.33883376769654,65.95991837360735,37500.0,ALL_TRACKS_metrics_summary.csv,headline_transfer_evidence,held-out/context transfer branch,,03_grammar_ladder_best
PARM_GSE301246_held_out_context_track_2,03_grammar_ladder_candidate,M06_GC_length_condition_gated_char6,0.0793463360493161,120.98051027698727,62.15030656132432,37500.0,ALL_TRACKS_metrics_summary.csv,headline_transfer_evidence,held-out/context transfer branch,,03_grammar_ladder_best
PARM_GSE301246_held_out_context_track_2,03_grammar_ladder_candidate,M07_GC_length_condition_gated_multi_char6,0.1338204403717569,117.34679551878118,62.82183138074818,37500.0,ALL_TRACKS_metrics_summary.csv,headline_transfer_evidence,held-out/context transfer branch,,03_grammar_ladder_best
PARM_GSE301246_held_out_context_track_2,03_grammar_ladder_candidate,M08_dynamic_condition_weighted_char6,0.0621817102742925,122.1030797700508,60.55593843863877,37500.0,ALL_TRACKS_metrics_summary.csv,headline_transfer_evidence,held-out/context transfer branch,,03_grammar_ladder_best
PARM_GSE301246_held_out_context_track_2,03_grammar_ladder_candidate,M09_dynamic_condition_weighted_multi_char6,-0.0496474734852312,129.17813239673313,64.9040620779624,37500.0,ALL_TRACKS_metrics_summary.csv,headline_transfer_evidence,held-out/context transfer branch,,03_grammar_ladder_best
PARM_GSE301246_held_out_context_track_2,04_grammar_plus_P01_P05_candidate,T01_mutational_prior_proxy,-0.0289209845915281,127.89638855090908,67.23219916294802,37500.0,ALL_TRACKS_metrics_summary.csv,headline_transfer_evidence,held-out/context transfer branch,,04_grammar_plus_P01_P05_best
PARM_GSE301246_held_out_context_track_2,04_grammar_plus_P01_P05_candidate,T02_selection_potential_proxy,0.0738390923514482,121.34181646715936,66.06904801495052,37500.0,ALL_TRACKS_metrics_summary.csv,headline_transfer_evidence,held-out/context transfer branch,,04_grammar_plus_P01_P05_best
PARM_GSE301246_held_out_context_track_2,04_grammar_plus_P01_P05_candidate,T03_latent_state_operator_proxy,-0.0200429152438377,127.34341460419584,66.64050097504949,37500.0,ALL_TRACKS_metrics_summary.csv,headline_transfer_evidence,held-out/context transfer branch,,04_grammar_plus_P01_P05_best
PARM_GSE301246_held_out_context_track_2,04_grammar_plus_P01_P05_candidate,T04_observable_alignment_proxy,-0.239659117533393,140.38425722857127,90.82902766228896,37500.0,ALL_TRACKS_metrics_summary.csv,headline_transfer_evidence,held-out/context transfer branch,,04_grammar_plus_P01_P05_best
PARM_GSE301246_held_out_context_track_2,04_grammar_plus_P01_P05_candidate,T05_uncertainty_ensemble_proxy,-0.3396554359158714,145.9364657294723,96.32055262838011,37500.0,ALL_TRACKS_metrics_summary.csv,headline_transfer_evidence,held-out/context transfer branch,,04_grammar_plus_P01_P05_best
PARM_GSE301246_held_out_context_track_3,01_GC_length_only,M01_GC_length,-0.107963245473972,249.20027056076995,184.0944215288795,10.0,ALL_TRACKS_metrics_summary.csv,headline_transfer_evidence,held-out/context transfer branch,,01_GC_length_only
PARM_GSE301246_held_out_context_track_3,02_GC_length_plus_6mer,M02_GC_length_char6,0.1271362821710379,221.18672253057423,169.92849498498975,10.0,ALL_TRACKS_metrics_summary.csv,headline_transfer_evidence,held-out/context transfer branch,Closest available table is GC/length + 6-mer; a pure 6-mer-only row was not identified.,02_GC_length_plus_6mer
PARM_GSE301246_held_out_context_track_3,03_grammar_ladder_candidate,M03_GC_length_multi_char6,0.142208150345333,219.26877502120715,146.30192556490076,10.0,ALL_TRACKS_metrics_summary.csv,headline_transfer_evidence,held-out/context transfer branch,,03_grammar_ladder_best
PARM_GSE301246_held_out_context_track_3,03_grammar_ladder_candidate,M04_GC_length_windowed_char6,0.022954617041621,234.01473334316333,177.64197012984485,10.0,ALL_TRACKS_metrics_summary.csv,headline_transfer_evidence,held-out/context transfer branch,,03_grammar_ladder_best
PARM_GSE301246_held_out_context_track_3,03_grammar_ladder_candidate,M05_GC_length_windowed_multi_char6,-0.0640983500634462,244.2174642217416,201.44526385922856,10.0,ALL_TRACKS_metrics_summary.csv,headline_transfer_evidence,held-out/context transfer branch,,03_grammar_ladder_best
PARM_GSE301246_held_out_context_track_3,03_grammar_ladder_candidate,M06_GC_length_condition_gated_char6,0.1124256341553827,223.04279980009267,165.9105764052785,10.0,ALL_TRACKS_metrics_summary.csv,headline_transfer_evidence,held-out/context transfer branch,,03_grammar_ladder_best
PARM_GSE301246_held_out_context_track_3,03_grammar_ladder_candidate,M07_GC_length_condition_gated_multi_char6,0.1020358544150853,224.34445033991864,150.92033515579098,10.0,ALL_TRACKS_metrics_summary.csv,headline_transfer_evidence,held-out/context transfer branch,,03_grammar_ladder_best
PARM_GSE301246_held_out_context_track_3,03_grammar_ladder_candidate,M08_dynamic_condition_weighted_char6,0.0697916097783883,228.336825469836,163.89457290284648,10.0,ALL_TRACKS_metrics_summary.csv,headline_transfer_evidence,held-out/context transfer branch,,03_grammar_ladder_best
PARM_GSE301246_held_out_context_track_3,03_grammar_ladder_candidate,M09_dynamic_condition_weighted_multi_char6,-0.0715790711205643,245.07439774685028,169.26793837901675,10.0,ALL_TRACKS_metrics_summary.csv,headline_transfer_evidence,held-out/context transfer branch,,03_grammar_ladder_best
PARM_GSE301246_held_out_context_track_3,04_grammar_plus_P01_P05_candidate,T01_mutational_prior_proxy,-0.604448514484732,299.8808446168692,260.89366422003405,10.0,ALL_TRACKS_metrics_summary.csv,headline_transfer_evidence,held-out/context transfer branch,,04_grammar_plus_P01_P05_best
PARM_GSE301246_held_out_context_track_3,04_grammar_plus_P01_P05_candidate,T02_selection_potential_proxy,0.0957942845457545,225.12278695479847,177.1062554044369,10.0,ALL_TRACKS_metrics_summary.csv,headline_transfer_evidence,held-out/context transfer branch,,04_grammar_plus_P01_P05_best
PARM_GSE301246_held_out_context_track_3,04_grammar_plus_P01_P05_candidate,T03_latent_state_operator_proxy,-0.111899567341027,249.642551822972,161.05014398695485,10.0,ALL_TRACKS_metrics_summary.csv,headline_transfer_evidence,held-out/context transfer branch,,04_grammar_plus_P01_P05_best
PARM_GSE301246_held_out_context_track_3,04_grammar_plus_P01_P05_candidate,T04_observable_alignment_proxy,0.1063082092923233,223.810118373482,158.88467000753027,10.0,ALL_TRACKS_metrics_summary.csv,headline_transfer_evidence,held-out/context transfer branch,,04_grammar_plus_P01_P05_best
PARM_GSE301246_held_out_context_track_3,04_grammar_plus_P01_P05_candidate,T05_uncertainty_ensemble_proxy,0.0675155573180159,228.6160043506566,164.27512182829133,10.0,ALL_TRACKS_metrics_summary.csv,headline_transfer_evidence,held-out/context transfer branch,,04_grammar_plus_P01_P05_best
PARM_GSE301246_held_out_context_track_4,01_GC_length_only,M01_GC_length,-0.0268665264853791,113.14495431546644,82.1565319055575,10.0,ALL_TRACKS_metrics_summary.csv,headline_transfer_evidence,held-out/context transfer branch,,01_GC_length_only
PARM_GSE301246_held_out_context_track_4,02_GC_length_plus_6mer,M02_GC_length_char6,0.0667465821138669,107.86436408860696,83.47213167402077,10.0,ALL_TRACKS_metrics_summary.csv,headline_transfer_evidence,held-out/context transfer branch,Closest available table is GC/length + 6-mer; a pure 6-mer-only row was not identified.,02_GC_length_plus_6mer
PARM_GSE301246_held_out_context_track_4,03_grammar_ladder_candidate,M03_GC_length_multi_char6,0.0119241249698384,110.98731387803302,70.51953300809615,10.0,ALL_TRACKS_metrics_summary.csv,headline_transfer_evidence,held-out/context transfer branch,,03_grammar_ladder_best
PARM_GSE301246_held_out_context_track_4,03_grammar_ladder_candidate,M04_GC_length_windowed_char6,0.0549956560679131,108.54131911445658,83.53898657427742,10.0,ALL_TRACKS_metrics_summary.csv,headline_transfer_evidence,held-out/context transfer branch,,03_grammar_ladder_best
PARM_GSE301246_held_out_context_track_4,03_grammar_ladder_candidate,M05_GC_length_windowed_multi_char6,0.0297022161991227,109.98430443931592,85.30501251643228,10.0,ALL_TRACKS_metrics_summary.csv,headline_transfer_evidence,held-out/context transfer branch,,03_grammar_ladder_best
PARM_GSE301246_held_out_context_track_4,03_grammar_ladder_candidate,M06_GC_length_condition_gated_char6,0.0963524265806463,106.1396707843365,79.21748227205995,10.0,ALL_TRACKS_metrics_summary.csv,headline_transfer_evidence,held-out/context transfer branch,,03_grammar_ladder_best
PARM_GSE301246_held_out_context_track_4,03_grammar_ladder_candidate,M07_GC_length_condition_gated_multi_char6,-0.0260474338595433,113.09981958578672,69.45123299545541,10.0,ALL_TRACKS_metrics_summary.csv,headline_transfer_evidence,held-out/context transfer branch,,03_grammar_ladder_best
PARM_GSE301246_held_out_context_track_4,03_grammar_ladder_candidate,M08_dynamic_condition_weighted_char6,0.1521294349282176,102.81180221871176,67.07527625454068,10.0,ALL_TRACKS_metrics_summary.csv,headline_transfer_evidence,held-out/context transfer branch,,03_grammar_ladder_best
PARM_GSE301246_held_out_context_track_4,03_grammar_ladder_candidate,M09_dynamic_condition_weighted_multi_char6,-0.120706002176095,118.2017868569212,67.26500538528187,10.0,ALL_TRACKS_metrics_summary.csv,headline_transfer_evidence,held-out/context transfer branch,,03_grammar_ladder_best
PARM_GSE301246_held_out_context_track_4,04_grammar_plus_P01_P05_candidate,T01_mutational_prior_proxy,-0.8801805870512978,153.1009815444519,138.23133573389867,10.0,ALL_TRACKS_metrics_summary.csv,headline_transfer_evidence,held-out/context transfer branch,,04_grammar_plus_P01_P05_best
PARM_GSE301246_held_out_context_track_4,04_grammar_plus_P01_P05_candidate,T02_selection_potential_proxy,-0.0111916704523136,112.27806893985006,91.36869631084514,10.0,ALL_TRACKS_metrics_summary.csv,headline_transfer_evidence,held-out/context transfer branch,,04_grammar_plus_P01_P05_best
PARM_GSE301246_held_out_context_track_4,04_grammar_plus_P01_P05_candidate,T03_latent_state_operator_proxy,-0.0066097640174056,112.023403226481,90.05349746430002,10.0,ALL_TRACKS_metrics_summary.csv,headline_transfer_evidence,held-out/context transfer branch,,04_grammar_plus_P01_P05_best
PARM_GSE301246_held_out_context_track_4,04_grammar_plus_P01_P05_candidate,T04_observable_alignment_proxy,0.0575084266398584,108.3969171444887,73.36993784115245,10.0,ALL_TRACKS_metrics_summary.csv,headline_transfer_evidence,held-out/context transfer branch,,04_grammar_plus_P01_P05_best
PARM_GSE301246_held_out_context_track_4,04_grammar_plus_P01_P05_candidate,T05_uncertainty_ensemble_proxy,0.0255661050156734,110.21847149795902,73.21625932351056,10.0,ALL_TRACKS_metrics_summary.csv,headline_transfer_evidence,held-out/context transfer branch,,04_grammar_plus_P01_P05_best
PARM_GSE301246_held_out_context_track_5,01_GC_length_only,M01_GC_length,0.0931543900553411,27.41454664403071,22.66399255016531,10.0,ALL_TRACKS_metrics_summary.csv,headline_transfer_evidence,held-out/context transfer branch,,01_GC_length_only
PARM_GSE301246_held_out_context_track_5,02_GC_length_plus_6mer,M02_GC_length_char6,0.1379235841122397,26.72928076905812,22.29212967318944,10.0,ALL_TRACKS_metrics_summary.csv,headline_transfer_evidence,held-out/context transfer branch,Closest available table is GC/length + 6-mer; a pure 6-mer-only row was not identified.,02_GC_length_plus_6mer
PARM_GSE301246_held_out_context_track_5,03_grammar_ladder_candidate,M03_GC_length_multi_char6,-0.1684221857632666,31.11818713667564,26.585051156969307,10.0,ALL_TRACKS_metrics_summary.csv,headline_transfer_evidence,held-out/context transfer branch,,03_grammar_ladder_best
PARM_GSE301246_held_out_context_track_5,03_grammar_ladder_candidate,M04_GC_length_windowed_char6,-0.0868003561966201,30.011608807285075,25.11511362611191,10.0,ALL_TRACKS_metrics_summary.csv,headline_transfer_evidence,held-out/context transfer branch,,03_grammar_ladder_best
PARM_GSE301246_held_out_context_track_5,03_grammar_ladder_candidate,M05_GC_length_windowed_multi_char6,-0.079067850246687,29.90465300869489,24.604042450110303,10.0,ALL_TRACKS_metrics_summary.csv,headline_transfer_evidence,held-out/context transfer branch,,03_grammar_ladder_best
PARM_GSE301246_held_out_context_track_5,03_grammar_ladder_candidate,M06_GC_length_condition_gated_char6,0.1376317991936897,26.73380388385158,22.54523267646787,10.0,ALL_TRACKS_metrics_summary.csv,headline_transfer_evidence,held-out/context transfer branch,,03_grammar_ladder_best
PARM_GSE301246_held_out_context_track_5,03_grammar_ladder_candidate,M07_GC_length_condition_gated_multi_char6,-0.1395251824227719,30.730976069508376,26.49863744895731,10.0,ALL_TRACKS_metrics_summary.csv,headline_transfer_evidence,held-out/context transfer branch,,03_grammar_ladder_best
PARM_GSE301246_held_out_context_track_5,03_grammar_ladder_candidate,M08_dynamic_condition_weighted_char6,0.4307546686640491,21.72021548691409,16.402831130941742,10.0,ALL_TRACKS_metrics_summary.csv,headline_transfer_evidence,held-out/context transfer branch,,03_grammar_ladder_best
PARM_GSE301246_held_out_context_track_5,03_grammar_ladder_candidate,M09_dynamic_condition_weighted_multi_char6,-0.1512501662055971,30.88867248271688,26.71080276186992,10.0,ALL_TRACKS_metrics_summary.csv,headline_transfer_evidence,held-out/context transfer branch,,03_grammar_ladder_best
PARM_GSE301246_held_out_context_track_5,04_grammar_plus_P01_P05_candidate,T01_mutational_prior_proxy,-0.2345844198569131,31.98709401931684,26.99441614776125,10.0,ALL_TRACKS_metrics_summary.csv,headline_transfer_evidence,held-out/context transfer branch,,04_grammar_plus_P01_P05_best
PARM_GSE301246_held_out_context_track_5,04_grammar_plus_P01_P05_candidate,T02_selection_potential_proxy,0.1292541172019391,26.86334599091708,22.451141183109783,10.0,ALL_TRACKS_metrics_summary.csv,headline_transfer_evidence,held-out/context transfer branch,,04_grammar_plus_P01_P05_best
PARM_GSE301246_held_out_context_track_5,04_grammar_plus_P01_P05_candidate,T03_latent_state_operator_proxy,0.0408548325809525,28.193991362526337,23.49305317118442,10.0,ALL_TRACKS_metrics_summary.csv,headline_transfer_evidence,held-out/context transfer branch,,04_grammar_plus_P01_P05_best
PARM_GSE301246_held_out_context_track_5,04_grammar_plus_P01_P05_candidate,T04_observable_alignment_proxy,-0.0468122371809367,29.45430545244741,24.783515311979656,10.0,ALL_TRACKS_metrics_summary.csv,headline_transfer_evidence,held-out/context transfer branch,,04_grammar_plus_P01_P05_best
PARM_GSE301246_held_out_context_track_5,04_grammar_plus_P01_P05_candidate,T05_uncertainty_ensemble_proxy,-0.0916287287721235,30.07820182885249,24.829117173623068,10.0,ALL_TRACKS_metrics_summary.csv,headline_transfer_evidence,held-out/context transfer branch,,04_grammar_plus_P01_P05_best
PARM_GSE301246_held_out_context_track_6,01_GC_length_only,M01_GC_length,-1.2850027151382428,45.73901054758367,41.93220572468756,10.0,ALL_TRACKS_metrics_summary.csv,headline_transfer_evidence,held-out/context transfer branch,,01_GC_length_only
PARM_GSE301246_held_out_context_track_6,02_GC_length_plus_6mer,M02_GC_length_char6,-0.5494395443448739,37.66437135039416,35.24838997195984,10.0,ALL_TRACKS_metrics_summary.csv,headline_transfer_evidence,held-out/context transfer branch,Closest available table is GC/length + 6-mer; a pure 6-mer-only row was not identified.,02_GC_length_plus_6mer
PARM_GSE301246_held_out_context_track_6,03_grammar_ladder_candidate,M03_GC_length_multi_char6,-0.1360090119623944,32.250339703517696,27.223892077418647,10.0,ALL_TRACKS_metrics_summary.csv,headline_transfer_evidence,held-out/context transfer branch,,03_grammar_ladder_best
PARM_GSE301246_held_out_context_track_6,03_grammar_ladder_candidate,M04_GC_length_windowed_char6,-1.1791380272384422,44.66689615608441,39.40410092358152,10.0,ALL_TRACKS_metrics_summary.csv,headline_transfer_evidence,held-out/context transfer branch,,03_grammar_ladder_best
PARM_GSE301246_held_out_context_track_6,03_grammar_ladder_candidate,M05_GC_length_windowed_multi_char6,-1.3023792093319049,45.91259422964378,40.92132282899524,10.0,ALL_TRACKS_metrics_summary.csv,headline_transfer_evidence,held-out/context transfer branch,,03_grammar_ladder_best
PARM_GSE301246_held_out_context_track_6,03_grammar_ladder_candidate,M06_GC_length_condition_gated_char6,-0.557964105388115,37.767838385710434,34.84491661109521,10.0,ALL_TRACKS_metrics_summary.csv,headline_transfer_evidence,held-out/context transfer branch,,03_grammar_ladder_best
PARM_GSE301246_held_out_context_track_6,03_grammar_ladder_candidate,M07_GC_length_condition_gated_multi_char6,-0.3913990317476832,35.69186598522006,29.004661610886824,10.0,ALL_TRACKS_metrics_summary.csv,headline_transfer_evidence,held-out/context transfer branch,,03_grammar_ladder_best
PARM_GSE301246_held_out_context_track_6,03_grammar_ladder_candidate,M08_dynamic_condition_weighted_char6,-1.419495095501745,47.06583611960567,39.535209231933,10.0,ALL_TRACKS_metrics_summary.csv,headline_transfer_evidence,held-out/context transfer branch,,03_grammar_ladder_best
PARM_GSE301246_held_out_context_track_6,03_grammar_ladder_candidate,M09_dynamic_condition_weighted_multi_char6,-1.3822319044169085,46.701993987494205,35.567079103218646,10.0,ALL_TRACKS_metrics_summary.csv,headline_transfer_evidence,held-out/context transfer branch,,03_grammar_ladder_best
PARM_GSE301246_held_out_context_track_6,04_grammar_plus_P01_P05_candidate,T01_mutational_prior_proxy,-3.982075745991964,67.5380579377317,62.93255073430796,10.0,ALL_TRACKS_metrics_summary.csv,headline_transfer_evidence,held-out/context transfer branch,,04_grammar_plus_P01_P05_best
PARM_GSE301246_held_out_context_track_6,04_grammar_plus_P01_P05_candidate,T02_selection_potential_proxy,-0.7491994873647001,40.01870915773802,37.88876791849599,10.0,ALL_TRACKS_metrics_summary.csv,headline_transfer_evidence,held-out/context transfer branch,,04_grammar_plus_P01_P05_best
PARM_GSE301246_held_out_context_track_6,04_grammar_plus_P01_P05_candidate,T03_latent_state_operator_proxy,-1.941654776517592,51.89664196447056,49.1045631355411,10.0,ALL_TRACKS_metrics_summary.csv,headline_transfer_evidence,held-out/context transfer branch,,04_grammar_plus_P01_P05_best
PARM_GSE301246_held_out_context_track_6,04_grammar_plus_P01_P05_candidate,T04_observable_alignment_proxy,-0.3818993383388147,35.569815268138306,30.89753868907855,10.0,ALL_TRACKS_metrics_summary.csv,headline_transfer_evidence,held-out/context transfer branch,,04_grammar_plus_P01_P05_best
PARM_GSE301246_held_out_context_track_6,04_grammar_plus_P01_P05_candidate,T05_uncertainty_ensemble_proxy,-0.281537652369189,34.25382625347327,31.00683399822691,10.0,ALL_TRACKS_metrics_summary.csv,headline_transfer_evidence,held-out/context transfer branch,,04_grammar_plus_P01_P05_best
PARM_GSE301246_held_out_context_track_7,01_GC_length_only,M01_GC_length,-0.1552629059023733,14789.93311855685,12223.338235050614,10.0,ALL_TRACKS_metrics_summary.csv,headline_transfer_evidence,held-out/context transfer branch,,01_GC_length_only
PARM_GSE301246_held_out_context_track_7,02_GC_length_plus_6mer,M02_GC_length_char6,0.0394905700110908,13485.796817389752,11170.85041162174,10.0,ALL_TRACKS_metrics_summary.csv,headline_transfer_evidence,held-out/context transfer branch,Closest available table is GC/length + 6-mer; a pure 6-mer-only row was not identified.,02_GC_length_plus_6mer
PARM_GSE301246_held_out_context_track_7,03_grammar_ladder_candidate,M03_GC_length_multi_char6,-0.0045800857488595,13791.708773144715,11818.514775769296,10.0,ALL_TRACKS_metrics_summary.csv,headline_transfer_evidence,held-out/context transfer branch,,03_grammar_ladder_best
PARM_GSE301246_held_out_context_track_7,03_grammar_ladder_candidate,M04_GC_length_windowed_char6,-0.068164891761945,14221.484929627894,11568.921020665686,10.0,ALL_TRACKS_metrics_summary.csv,headline_transfer_evidence,held-out/context transfer branch,,03_grammar_ladder_best
PARM_GSE301246_held_out_context_track_7,03_grammar_ladder_candidate,M05_GC_length_windowed_multi_char6,-0.1300755300414962,14627.817426971638,11918.614965534924,10.0,ALL_TRACKS_metrics_summary.csv,headline_transfer_evidence,held-out/context transfer branch,,03_grammar_ladder_best
PARM_GSE301246_held_out_context_track_7,03_grammar_ladder_candidate,M06_GC_length_condition_gated_char6,0.0594498016575664,13344.944910453003,11271.332305820988,10.0,ALL_TRACKS_metrics_summary.csv,headline_transfer_evidence,held-out/context transfer branch,,03_grammar_ladder_best
PARM_GSE301246_held_out_context_track_7,03_grammar_ladder_candidate,M07_GC_length_condition_gated_multi_char6,0.0043426851237604,13730.322559402674,11835.21434138655,10.0,ALL_TRACKS_metrics_summary.csv,headline_transfer_evidence,held-out/context transfer branch,,03_grammar_ladder_best
PARM_GSE301246_held_out_context_track_7,03_grammar_ladder_candidate,M08_dynamic_condition_weighted_char6,0.0247090105797829,13589.16905738986,11831.97585163914,10.0,ALL_TRACKS_metrics_summary.csv,headline_transfer_evidence,held-out/context transfer branch,,03_grammar_ladder_best
PARM_GSE301246_held_out_context_track_7,03_grammar_ladder_candidate,M09_dynamic_condition_weighted_multi_char6,-0.0289371289226116,13957.904259941244,11941.805822214645,10.0,ALL_TRACKS_metrics_summary.csv,headline_transfer_evidence,held-out/context transfer branch,,03_grammar_ladder_best
PARM_GSE301246_held_out_context_track_7,04_grammar_plus_P01_P05_candidate,T01_mutational_prior_proxy,-0.4376486759773537,16498.79323699424,13412.0416128569,10.0,ALL_TRACKS_metrics_summary.csv,headline_transfer_evidence,held-out/context transfer branch,,04_grammar_plus_P01_P05_best
PARM_GSE301246_held_out_context_track_7,04_grammar_plus_P01_P05_candidate,T02_selection_potential_proxy,0.0303671197747007,13549.693226608088,11139.624367237966,10.0,ALL_TRACKS_metrics_summary.csv,headline_transfer_evidence,held-out/context transfer branch,,04_grammar_plus_P01_P05_best
PARM_GSE301246_held_out_context_track_7,04_grammar_plus_P01_P05_candidate,T03_latent_state_operator_proxy,-0.3352186234229255,15900.178000763168,13166.04438020614,10.0,ALL_TRACKS_metrics_summary.csv,headline_transfer_evidence,held-out/context transfer branch,,04_grammar_plus_P01_P05_best
PARM_GSE301246_held_out_context_track_7,04_grammar_plus_P01_P05_candidate,T04_observable_alignment_proxy,-0.0061914340298117,13802.765304199937,11476.364520134372,10.0,ALL_TRACKS_metrics_summary.csv,headline_transfer_evidence,held-out/context transfer branch,,04_grammar_plus_P01_P05_best
PARM_GSE301246_held_out_context_track_7,04_grammar_plus_P01_P05_candidate,T05_uncertainty_ensemble_proxy,0.0324340092868971,13535.2441192628,11124.940749755931,10.0,ALL_TRACKS_metrics_summary.csv,headline_transfer_evidence,held-out/context transfer branch,,04_grammar_plus_P01_P05_best
Random_Promoter_DREAM_base_track_5,01_GC_length_only,M01_GC_length,0.0690145919100142,0.7247006162099205,0.6030073773102583,14221.0,ALL_TRACKS_metrics_summary.csv,headline_base_reference,base-track structured reference,,01_GC_length_only
Random_Promoter_DREAM_base_track_5,02_GC_length_plus_6mer,M02_GC_length_char6,0.5852230090685919,0.4837205320324627,0.3757532992445817,14221.0,ALL_TRACKS_metrics_summary.csv,headline_base_reference,base-track structured reference,Closest available table is GC/length + 6-mer; a pure 6-mer-only row was not identified.,02_GC_length_plus_6mer
Random_Promoter_DREAM_base_track_5,03_grammar_ladder_candidate,M03_GC_length_multi_char6,0.6147079453964217,0.4662106821473173,0.3567364341204999,14221.0,ALL_TRACKS_metrics_summary.csv,headline_base_reference,base-track structured reference,,03_grammar_ladder_best
Random_Promoter_DREAM_base_track_5,03_grammar_ladder_candidate,M04_GC_length_windowed_char6,0.5139458201381348,0.5236360458264755,0.4087527313059335,14221.0,ALL_TRACKS_metrics_summary.csv,headline_base_reference,base-track structured reference,,03_grammar_ladder_best
Random_Promoter_DREAM_base_track_5,03_grammar_ladder_candidate,M05_GC_length_windowed_multi_char6,0.474566004176618,0.5444353020263658,0.4223423051988878,14221.0,ALL_TRACKS_metrics_summary.csv,headline_base_reference,base-track structured reference,,03_grammar_ladder_best
Random_Promoter_DREAM_base_track_5,03_grammar_ladder_candidate,M06_GC_length_condition_gated_char6,0.585228196066853,0.4837175074367671,0.3757482244075532,14221.0,ALL_TRACKS_metrics_summary.csv,headline_base_reference,base-track structured reference,,03_grammar_ladder_best
Random_Promoter_DREAM_base_track_5,03_grammar_ladder_candidate,M07_GC_length_condition_gated_multi_char6,0.6146713505671948,0.4662328218397969,0.35675138107311,14221.0,ALL_TRACKS_metrics_summary.csv,headline_base_reference,base-track structured reference,,03_grammar_ladder_best
Random_Promoter_DREAM_base_track_5,03_grammar_ladder_candidate,M08_dynamic_condition_weighted_char6,0.5107013401907929,0.5253808111225383,0.4152575241749359,14221.0,ALL_TRACKS_metrics_summary.csv,headline_base_reference,base-track structured reference,,03_grammar_ladder_best
Random_Promoter_DREAM_base_track_5,03_grammar_ladder_candidate,M09_dynamic_condition_weighted_multi_char6,0.546368512484507,0.5058698425231405,0.3919523385673792,14221.0,ALL_TRACKS_metrics_summary.csv,headline_base_reference,base-track structured reference,,03_grammar_ladder_best
Random_Promoter_DREAM_base_track_5,04_grammar_plus_P01_P05_candidate,T01_mutational_prior_proxy,0.0777506201072139,0.7212924386926725,0.6005788197321092,14221.0,ALL_TRACKS_metrics_summary.csv,headline_base_reference,base-track structured reference,,04_grammar_plus_P01_P05_best
Random_Promoter_DREAM_base_track_5,04_grammar_plus_P01_P05_candidate,T02_selection_potential_proxy,0.585108519777675,0.4837872871813909,0.3758050013209085,14221.0,ALL_TRACKS_metrics_summary.csv,headline_base_reference,base-track structured reference,,04_grammar_plus_P01_P05_best
Random_Promoter_DREAM_base_track_5,04_grammar_plus_P01_P05_candidate,T03_latent_state_operator_proxy,0.273496534615084,0.64018580274329,0.5191171997009916,14221.0,ALL_TRACKS_metrics_summary.csv,headline_base_reference,base-track structured reference,,04_grammar_plus_P01_P05_best
Random_Promoter_DREAM_base_track_5,04_grammar_plus_P01_P05_candidate,T04_observable_alignment_proxy,0.6491104448680286,0.4449102527550926,0.337080594241646,14221.0,ALL_TRACKS_metrics_summary.csv,headline_base_reference,base-track structured reference,,04_grammar_plus_P01_P05_best
Random_Promoter_DREAM_base_track_5,04_grammar_plus_P01_P05_candidate,T05_uncertainty_ensemble_proxy,0.6487843460968599,0.4451169431391017,0.3373048735673999,14221.0,ALL_TRACKS_metrics_summary.csv,headline_base_reference,base-track structured reference,,04_grammar_plus_P01_P05_best
Random_Promoter_DREAM_base_track_6,01_GC_length_only,M01_GC_length,0.1197390038502485,2.219608344087232,1.7561775231488117,30000.0,ALL_TRACKS_metrics_summary.csv,headline_base_reference,base-track structured reference,,01_GC_length_only
Random_Promoter_DREAM_base_track_6,02_GC_length_plus_6mer,M02_GC_length_char6,0.2728633403584585,2.017337862547452,1.5683476116146782,30000.0,ALL_TRACKS_metrics_summary.csv,headline_base_reference,base-track structured reference,Closest available table is GC/length + 6-mer; a pure 6-mer-only row was not identified.,02_GC_length_plus_6mer
Random_Promoter_DREAM_base_track_6,03_grammar_ladder_candidate,M03_GC_length_multi_char6,0.2754195112932557,2.013788873339987,1.564193094494963,30000.0,ALL_TRACKS_metrics_summary.csv,headline_base_reference,base-track structured reference,,03_grammar_ladder_best
Random_Promoter_DREAM_base_track_6,03_grammar_ladder_candidate,M04_GC_length_windowed_char6,0.2268811150622083,2.080145723240803,1.623411041350804,30000.0,ALL_TRACKS_metrics_summary.csv,headline_base_reference,base-track structured reference,,03_grammar_ladder_best
Random_Promoter_DREAM_base_track_6,03_grammar_ladder_candidate,M05_GC_length_windowed_multi_char6,0.2261023829126092,2.081193083923625,1.6242284042938593,30000.0,ALL_TRACKS_metrics_summary.csv,headline_base_reference,base-track structured reference,,03_grammar_ladder_best
Random_Promoter_DREAM_base_track_6,03_grammar_ladder_candidate,M06_GC_length_condition_gated_char6,0.2728597555489231,2.017342835314948,1.568347929934618,30000.0,ALL_TRACKS_metrics_summary.csv,headline_base_reference,base-track structured reference,,03_grammar_ladder_best
Random_Promoter_DREAM_base_track_6,03_grammar_ladder_candidate,M07_GC_length_condition_gated_multi_char6,0.275409825404123,2.0138023330390014,1.564201684274132,30000.0,ALL_TRACKS_metrics_summary.csv,headline_base_reference,base-track structured reference,,03_grammar_ladder_best
Random_Promoter_DREAM_base_track_6,03_grammar_ladder_candidate,M08_dynamic_condition_weighted_char6,0.2205774191005691,2.088608836841597,1.6335869519648292,30000.0,ALL_TRACKS_metrics_summary.csv,headline_base_reference,base-track structured reference,,03_grammar_ladder_best
Random_Promoter_DREAM_base_track_6,03_grammar_ladder_candidate,M09_dynamic_condition_weighted_multi_char6,0.2247293353102742,2.0830384900581174,1.6276115421021566,30000.0,ALL_TRACKS_metrics_summary.csv,headline_base_reference,base-track structured reference,,03_grammar_ladder_best
Random_Promoter_DREAM_base_track_6,04_grammar_plus_P01_P05_candidate,T01_mutational_prior_proxy,0.1217498197372113,2.2170717239616047,1.7525715133247266,30000.0,ALL_TRACKS_metrics_summary.csv,headline_base_reference,base-track structured reference,,04_grammar_plus_P01_P05_best
Random_Promoter_DREAM_base_track_6,04_grammar_plus_P01_P05_candidate,T02_selection_potential_proxy,0.2728331198084487,2.01737978343366,1.568351360744204,30000.0,ALL_TRACKS_metrics_summary.csv,headline_base_reference,base-track structured reference,,04_grammar_plus_P01_P05_best
Random_Promoter_DREAM_base_track_6,04_grammar_plus_P01_P05_candidate,T03_latent_state_operator_proxy,0.2049878588302829,2.109392996984055,1.6524365691690657,30000.0,ALL_TRACKS_metrics_summary.csv,headline_base_reference,base-track structured reference,,04_grammar_plus_P01_P05_best
Random_Promoter_DREAM_base_track_6,04_grammar_plus_P01_P05_candidate,T04_observable_alignment_proxy,0.2807902429077594,2.0063116944466635,1.556483215049511,30000.0,ALL_TRACKS_metrics_summary.csv,headline_base_reference,base-track structured reference,,04_grammar_plus_P01_P05_best
Random_Promoter_DREAM_base_track_6,04_grammar_plus_P01_P05_candidate,T05_uncertainty_ensemble_proxy,0.279912734469583,2.007535272643212,1.5570804779205634,30000.0,ALL_TRACKS_metrics_summary.csv,headline_base_reference,base-track structured reference,,04_grammar_plus_P01_P05_best
Random_Promoter_DREAM_base_track_7,01_GC_length_only,M01_GC_length,0.1161195283458447,2.222132780563799,1.756001688264173,30000.0,ALL_TRACKS_metrics_summary.csv,headline_base_reference,base-track structured reference,,01_GC_length_only
Random_Promoter_DREAM_base_track_7,02_GC_length_plus_6mer,M02_GC_length_char6,0.2798106131715937,2.0058414204262616,1.5532795798067138,30000.0,ALL_TRACKS_metrics_summary.csv,headline_base_reference,base-track structured reference,Closest available table is GC/length + 6-mer; a pure 6-mer-only row was not identified.,02_GC_length_plus_6mer
Random_Promoter_DREAM_base_track_7,03_grammar_ladder_candidate,M03_GC_length_multi_char6,0.2812902231749957,2.0037798870281933,1.5523420180229963,30000.0,ALL_TRACKS_metrics_summary.csv,headline_base_reference,base-track structured reference,,03_grammar_ladder_best
Random_Promoter_DREAM_base_track_7,03_grammar_ladder_candidate,M04_GC_length_windowed_char6,0.2361231242823678,2.0657840422205656,1.6083445052046452,30000.0,ALL_TRACKS_metrics_summary.csv,headline_base_reference,base-track structured reference,,03_grammar_ladder_best
Random_Promoter_DREAM_base_track_7,03_grammar_ladder_candidate,M05_GC_length_windowed_multi_char6,0.2325433221259868,2.070618888399645,1.6122371263384463,30000.0,ALL_TRACKS_metrics_summary.csv,headline_base_reference,base-track structured reference,,03_grammar_ladder_best
Random_Promoter_DREAM_base_track_7,03_grammar_ladder_candidate,M06_GC_length_condition_gated_char6,0.2798081372918464,2.005844868281764,1.553282910446991,30000.0,ALL_TRACKS_metrics_summary.csv,headline_base_reference,base-track structured reference,,03_grammar_ladder_best
Random_Promoter_DREAM_base_track_7,03_grammar_ladder_candidate,M07_GC_length_condition_gated_multi_char6,0.2812916826954299,2.003777852438384,1.5523384821393915,30000.0,ALL_TRACKS_metrics_summary.csv,headline_base_reference,base-track structured reference,,03_grammar_ladder_best
Random_Promoter_DREAM_base_track_7,03_grammar_ladder_candidate,M08_dynamic_condition_weighted_char6,0.225120778925348,2.080607905268055,1.6212739731831929,30000.0,ALL_TRACKS_metrics_summary.csv,headline_base_reference,base-track structured reference,,03_grammar_ladder_best
Random_Promoter_DREAM_base_track_7,03_grammar_ladder_candidate,M09_dynamic_condition_weighted_multi_char6,0.2272210583676118,2.0777862893352443,1.618296229529663,30000.0,ALL_TRACKS_metrics_summary.csv,headline_base_reference,base-track structured reference,,03_grammar_ladder_best
Random_Promoter_DREAM_base_track_7,04_grammar_plus_P01_P05_candidate,T01_mutational_prior_proxy,0.1182189204350454,2.2194922077844352,1.752274595362545,30000.0,ALL_TRACKS_metrics_summary.csv,headline_base_reference,base-track structured reference,,04_grammar_plus_P01_P05_best
Random_Promoter_DREAM_base_track_7,04_grammar_plus_P01_P05_candidate,T02_selection_potential_proxy,0.2799052903322407,2.005709570654761,1.553045922422917,30000.0,ALL_TRACKS_metrics_summary.csv,headline_base_reference,base-track structured reference,,04_grammar_plus_P01_P05_best
Random_Promoter_DREAM_base_track_7,04_grammar_plus_P01_P05_candidate,T03_latent_state_operator_proxy,0.2080838242470448,2.103356285700403,1.6421358168291362,30000.0,ALL_TRACKS_metrics_summary.csv,headline_base_reference,base-track structured reference,,04_grammar_plus_P01_P05_best
Random_Promoter_DREAM_base_track_7,04_grammar_plus_P01_P05_candidate,T04_observable_alignment_proxy,0.2876585702977691,1.9948825825181584,1.5436625248929747,30000.0,ALL_TRACKS_metrics_summary.csv,headline_base_reference,base-track structured reference,,04_grammar_plus_P01_P05_best
Random_Promoter_DREAM_base_track_7,04_grammar_plus_P01_P05_candidate,T05_uncertainty_ensemble_proxy,0.2870048576160051,1.995797720216524,1.5449175860273143,30000.0,ALL_TRACKS_metrics_summary.csv,headline_base_reference,base-track structured reference,,04_grammar_plus_P01_P05_best
Random_Promoter_DREAM_base_track_8,01_GC_length_only,M01_GC_length,0.1238801155565734,2.249608529623956,1.7690491119997418,4000.0,ALL_TRACKS_metrics_summary.csv,headline_base_reference,base-track structured reference,,01_GC_length_only
Random_Promoter_DREAM_base_track_8,02_GC_length_plus_6mer,M02_GC_length_char6,0.2730868197078869,2.049115569458318,1.5843434875273332,4000.0,ALL_TRACKS_metrics_summary.csv,headline_base_reference,base-track structured reference,Closest available table is GC/length + 6-mer; a pure 6-mer-only row was not identified.,02_GC_length_plus_6mer
Random_Promoter_DREAM_base_track_8,03_grammar_ladder_candidate,M03_GC_length_multi_char6,0.2537865037868713,2.0761404556340843,1.605167697375725,4000.0,ALL_TRACKS_metrics_summary.csv,headline_base_reference,base-track structured reference,,03_grammar_ladder_best
Random_Promoter_DREAM_base_track_8,03_grammar_ladder_candidate,M04_GC_length_windowed_char6,0.2270249552550441,2.1130409711362272,1.6385247599244328,4000.0,ALL_TRACKS_metrics_summary.csv,headline_base_reference,base-track structured reference,,03_grammar_ladder_best
Random_Promoter_DREAM_base_track_8,03_grammar_ladder_candidate,M05_GC_length_windowed_multi_char6,0.216925791765531,2.126799949998614,1.6450749644161122,4000.0,ALL_TRACKS_metrics_summary.csv,headline_base_reference,base-track structured reference,,03_grammar_ladder_best
Random_Promoter_DREAM_base_track_8,03_grammar_ladder_candidate,M06_GC_length_condition_gated_char6,0.273084339829851,2.049119064753559,1.5843669786840853,4000.0,ALL_TRACKS_metrics_summary.csv,headline_base_reference,base-track structured reference,,03_grammar_ladder_best
Random_Promoter_DREAM_base_track_8,03_grammar_ladder_candidate,M07_GC_length_condition_gated_multi_char6,0.2535400865489932,2.0764832225304017,1.6054394520133242,4000.0,ALL_TRACKS_metrics_summary.csv,headline_base_reference,base-track structured reference,,03_grammar_ladder_best
Random_Promoter_DREAM_base_track_8,03_grammar_ladder_candidate,M08_dynamic_condition_weighted_char6,0.2303666288406892,2.1084685458697883,1.631737951955767,4000.0,ALL_TRACKS_metrics_summary.csv,headline_base_reference,base-track structured reference,,03_grammar_ladder_best
Random_Promoter_DREAM_base_track_8,03_grammar_ladder_candidate,M09_dynamic_condition_weighted_multi_char6,0.2114622189232073,2.1342064821199416,1.6471608121733343,4000.0,ALL_TRACKS_metrics_summary.csv,headline_base_reference,base-track structured reference,,03_grammar_ladder_best
Random_Promoter_DREAM_base_track_8,04_grammar_plus_P01_P05_candidate,T01_mutational_prior_proxy,0.1259271247900911,2.2469789452032254,1.7643423960357694,4000.0,ALL_TRACKS_metrics_summary.csv,headline_base_reference,base-track structured reference,,04_grammar_plus_P01_P05_best
Random_Promoter_DREAM_base_track_8,04_grammar_plus_P01_P05_candidate,T02_selection_potential_proxy,0.2733663743201212,2.0487215094729474,1.584091330581663,4000.0,ALL_TRACKS_metrics_summary.csv,headline_base_reference,base-track structured reference,,04_grammar_plus_P01_P05_best
Random_Promoter_DREAM_base_track_8,04_grammar_plus_P01_P05_candidate,T03_latent_state_operator_proxy,0.2098278004793373,2.1364171439822965,1.6668316054724388,4000.0,ALL_TRACKS_metrics_summary.csv,headline_base_reference,base-track structured reference,,04_grammar_plus_P01_P05_best
Random_Promoter_DREAM_base_track_8,04_grammar_plus_P01_P05_candidate,T04_observable_alignment_proxy,0.2377777328428956,2.098292350356128,1.6233879922374552,4000.0,ALL_TRACKS_metrics_summary.csv,headline_base_reference,base-track structured reference,,04_grammar_plus_P01_P05_best
Random_Promoter_DREAM_base_track_8,04_grammar_plus_P01_P05_candidate,T05_uncertainty_ensemble_proxy,0.2254465671073189,2.115197249009149,1.6347049729447087,4000.0,ALL_TRACKS_metrics_summary.csv,headline_base_reference,base-track structured reference,,04_grammar_plus_P01_P05_best
Random_Promoter_DREAM_base_track_9,01_GC_length_only,M01_GC_length,0.0596886835177468,0.7355335886364287,0.6152213924859151,4000.0,ALL_TRACKS_metrics_summary.csv,headline_base_reference,base-track structured reference,,01_GC_length_only
Random_Promoter_DREAM_base_track_9,02_GC_length_plus_6mer,M02_GC_length_char6,0.5759356705167269,0.4939494997662449,0.3855509310453168,4000.0,ALL_TRACKS_metrics_summary.csv,headline_base_reference,base-track structured reference,Closest available table is GC/length + 6-mer; a pure 6-mer-only row was not identified.,02_GC_length_plus_6mer
Random_Promoter_DREAM_base_track_9,03_grammar_ladder_candidate,M03_GC_length_multi_char6,0.5970815648063692,0.4814766695452126,0.370217871249575,4000.0,ALL_TRACKS_metrics_summary.csv,headline_base_reference,base-track structured reference,,03_grammar_ladder_best
Random_Promoter_DREAM_base_track_9,03_grammar_ladder_candidate,M04_GC_length_windowed_char6,0.4794262809062122,0.5472777577324733,0.4271765121628591,4000.0,ALL_TRACKS_metrics_summary.csv,headline_base_reference,base-track structured reference,,03_grammar_ladder_best
Random_Promoter_DREAM_base_track_9,03_grammar_ladder_candidate,M05_GC_length_windowed_multi_char6,0.4443810837299199,0.5653992004339728,0.4408458396550611,4000.0,ALL_TRACKS_metrics_summary.csv,headline_base_reference,base-track structured reference,,03_grammar_ladder_best
Random_Promoter_DREAM_base_track_9,03_grammar_ladder_candidate,M06_GC_length_condition_gated_char6,0.5759260493869345,0.4939551030732938,0.3855551276663596,4000.0,ALL_TRACKS_metrics_summary.csv,headline_base_reference,base-track structured reference,,03_grammar_ladder_best
Random_Promoter_DREAM_base_track_9,03_grammar_ladder_candidate,M07_GC_length_condition_gated_multi_char6,0.5964619170806795,0.4818467584749758,0.370499301771467,4000.0,ALL_TRACKS_metrics_summary.csv,headline_base_reference,base-track structured reference,,03_grammar_ladder_best
Random_Promoter_DREAM_base_track_9,03_grammar_ladder_candidate,M08_dynamic_condition_weighted_char6,0.5113210223837749,0.5302473500410753,0.4200131000700967,4000.0,ALL_TRACKS_metrics_summary.csv,headline_base_reference,base-track structured reference,,03_grammar_ladder_best
Random_Promoter_DREAM_base_track_9,03_grammar_ladder_candidate,M09_dynamic_condition_weighted_multi_char6,0.5375252350996842,0.5158348722312694,0.4015350201247585,4000.0,ALL_TRACKS_metrics_summary.csv,headline_base_reference,base-track structured reference,,03_grammar_ladder_best
Random_Promoter_DREAM_base_track_9,04_grammar_plus_P01_P05_candidate,T01_mutational_prior_proxy,0.0737866396609123,0.7299988889000601,0.6091224850690389,4000.0,ALL_TRACKS_metrics_summary.csv,headline_base_reference,base-track structured reference,,04_grammar_plus_P01_P05_best
Random_Promoter_DREAM_base_track_9,04_grammar_plus_P01_P05_candidate,T02_selection_potential_proxy,0.576558333475081,0.4935867281073985,0.3852214396380731,4000.0,ALL_TRACKS_metrics_summary.csv,headline_base_reference,base-track structured reference,,04_grammar_plus_P01_P05_best
Random_Promoter_DREAM_base_track_9,04_grammar_plus_P01_P05_candidate,T03_latent_state_operator_proxy,0.264689929099936,0.6504320538968695,0.5306480723408483,4000.0,ALL_TRACKS_metrics_summary.csv,headline_base_reference,base-track structured reference,,04_grammar_plus_P01_P05_best
Random_Promoter_DREAM_base_track_9,04_grammar_plus_P01_P05_candidate,T04_observable_alignment_proxy,0.6126186643836083,0.4721022003351542,0.3602559585627627,4000.0,ALL_TRACKS_metrics_summary.csv,headline_base_reference,base-track structured reference,,04_grammar_plus_P01_P05_best
Random_Promoter_DREAM_base_track_9,04_grammar_plus_P01_P05_candidate,T05_uncertainty_ensemble_proxy,0.6067807281123221,0.4756462485728087,0.3624811406166167,4000.0,ALL_TRACKS_metrics_summary.csv,headline_base_reference,base-track structured reference,,04_grammar_plus_P01_P05_best
Random_Promoter_DREAM_base_track_10,01_GC_length_only,M01_GC_length,0.1131027857652066,2.2242785481524407,1.743709336303082,20000.0,ALL_TRACKS_metrics_summary.csv,headline_base_reference,base-track structured reference,,01_GC_length_only
Random_Promoter_DREAM_base_track_10,02_GC_length_plus_6mer,M02_GC_length_char6,0.2686609704972194,2.0198164435944945,1.5550764028000486,20000.0,ALL_TRACKS_metrics_summary.csv,headline_base_reference,base-track structured reference,Closest available table is GC/length + 6-mer; a pure 6-mer-only row was not identified.,02_GC_length_plus_6mer
Random_Promoter_DREAM_base_track_10,03_grammar_ladder_candidate,M03_GC_length_multi_char6,0.2711575578920984,2.016365951429248,1.5521001513155093,20000.0,ALL_TRACKS_metrics_summary.csv,headline_base_reference,base-track structured reference,,03_grammar_ladder_best
Random_Promoter_DREAM_base_track_10,03_grammar_ladder_candidate,M04_GC_length_windowed_char6,0.2241780504146888,2.080336357670706,1.6080187697265151,20000.0,ALL_TRACKS_metrics_summary.csv,headline_base_reference,base-track structured reference,,03_grammar_ladder_best
Random_Promoter_DREAM_base_track_10,03_grammar_ladder_candidate,M05_GC_length_windowed_multi_char6,0.2224898186180024,2.082598591575539,1.6114858093861046,20000.0,ALL_TRACKS_metrics_summary.csv,headline_base_reference,base-track structured reference,,03_grammar_ladder_best
Random_Promoter_DREAM_base_track_10,03_grammar_ladder_candidate,M06_GC_length_condition_gated_char6,0.2686631743027968,2.019813400350583,1.5550764069224856,20000.0,ALL_TRACKS_metrics_summary.csv,headline_base_reference,base-track structured reference,,03_grammar_ladder_best
Random_Promoter_DREAM_base_track_10,03_grammar_ladder_candidate,M07_GC_length_condition_gated_multi_char6,0.2711729057500815,2.0163447211472305,1.5520794418501074,20000.0,ALL_TRACKS_metrics_summary.csv,headline_base_reference,base-track structured reference,,03_grammar_ladder_best
Random_Promoter_DREAM_base_track_10,03_grammar_ladder_candidate,M08_dynamic_condition_weighted_char6,0.2176405949977841,2.089082936694911,1.6171768891126357,20000.0,ALL_TRACKS_metrics_summary.csv,headline_base_reference,base-track structured reference,,03_grammar_ladder_best
Random_Promoter_DREAM_base_track_10,03_grammar_ladder_candidate,M09_dynamic_condition_weighted_multi_char6,0.2215810685182535,2.083815301685493,1.6121027790038085,20000.0,ALL_TRACKS_metrics_summary.csv,headline_base_reference,base-track structured reference,,03_grammar_ladder_best
Random_Promoter_DREAM_base_track_10,04_grammar_plus_P01_P05_candidate,T01_mutational_prior_proxy,0.1140576911268912,2.223080806465804,1.7418700901489843,20000.0,ALL_TRACKS_metrics_summary.csv,headline_base_reference,base-track structured reference,,04_grammar_plus_P01_P05_best
Random_Promoter_DREAM_base_track_10,04_grammar_plus_P01_P05_candidate,T02_selection_potential_proxy,0.2687729652547423,2.0196617837824298,1.5549109264232943,20000.0,ALL_TRACKS_metrics_summary.csv,headline_base_reference,base-track structured reference,,04_grammar_plus_P01_P05_best
Random_Promoter_DREAM_base_track_10,04_grammar_plus_P01_P05_candidate,T03_latent_state_operator_proxy,0.1977866885635518,2.1154241598127075,1.6421532683322702,20000.0,ALL_TRACKS_metrics_summary.csv,headline_base_reference,base-track structured reference,,04_grammar_plus_P01_P05_best
Random_Promoter_DREAM_base_track_10,04_grammar_plus_P01_P05_candidate,T04_observable_alignment_proxy,0.2762271545149858,2.00934111379276,1.547296210214178,20000.0,ALL_TRACKS_metrics_summary.csv,headline_base_reference,base-track structured reference,,04_grammar_plus_P01_P05_best
Random_Promoter_DREAM_base_track_10,04_grammar_plus_P01_P05_candidate,T05_uncertainty_ensemble_proxy,0.2759793366659525,2.009685080811531,1.5475312546491604,20000.0,ALL_TRACKS_metrics_summary.csv,headline_base_reference,base-track structured reference,,04_grammar_plus_P01_P05_best
Random_Promoter_DREAM_base_track_11,01_GC_length_only,M01_GC_length,0.112044925800531,2.233513096502846,1.7566656130978344,4000.0,ALL_TRACKS_metrics_summary.csv,headline_base_reference,base-track structured reference,,01_GC_length_only
Random_Promoter_DREAM_base_track_11,02_GC_length_plus_6mer,M02_GC_length_char6,0.2304626925063355,2.079255440022232,1.6088120121138554,4000.0,ALL_TRACKS_metrics_summary.csv,headline_base_reference,base-track structured reference,Closest available table is GC/length + 6-mer; a pure 6-mer-only row was not identified.,02_GC_length_plus_6mer
Random_Promoter_DREAM_base_track_11,03_grammar_ladder_candidate,M03_GC_length_multi_char6,0.2042705275427486,2.1143443941983024,1.640903132387658,4000.0,ALL_TRACKS_metrics_summary.csv,headline_base_reference,base-track structured reference,,03_grammar_ladder_best
Random_Promoter_DREAM_base_track_11,03_grammar_ladder_candidate,M04_GC_length_windowed_char6,0.1725277111704176,2.156104152520972,1.681349954677095,4000.0,ALL_TRACKS_metrics_summary.csv,headline_base_reference,base-track structured reference,,03_grammar_ladder_best
Random_Promoter_DREAM_base_track_11,03_grammar_ladder_candidate,M05_GC_length_windowed_multi_char6,0.1613786887211936,2.1705807844214635,1.695375632387901,4000.0,ALL_TRACKS_metrics_summary.csv,headline_base_reference,base-track structured reference,,03_grammar_ladder_best
Random_Promoter_DREAM_base_track_11,03_grammar_ladder_candidate,M06_GC_length_condition_gated_char6,0.230429871436716,2.0792997800816764,1.608841345743915,4000.0,ALL_TRACKS_metrics_summary.csv,headline_base_reference,base-track structured reference,,03_grammar_ladder_best
Random_Promoter_DREAM_base_track_11,03_grammar_ladder_candidate,M07_GC_length_condition_gated_multi_char6,0.2040946789549039,2.1145780062170654,1.6411207647345978,4000.0,ALL_TRACKS_metrics_summary.csv,headline_base_reference,base-track structured reference,,03_grammar_ladder_best
Random_Promoter_DREAM_base_track_11,03_grammar_ladder_candidate,M08_dynamic_condition_weighted_char6,0.1947034046141911,2.1270168883671934,1.659670696840382,4000.0,ALL_TRACKS_metrics_summary.csv,headline_base_reference,base-track structured reference,,03_grammar_ladder_best
Random_Promoter_DREAM_base_track_11,03_grammar_ladder_candidate,M09_dynamic_condition_weighted_multi_char6,0.1780546289474928,2.14889147854186,1.6815288025094408,4000.0,ALL_TRACKS_metrics_summary.csv,headline_base_reference,base-track structured reference,,03_grammar_ladder_best
Random_Promoter_DREAM_base_track_11,04_grammar_plus_P01_P05_candidate,T01_mutational_prior_proxy,0.1115400246467086,2.2341480064840216,1.7542371339353235,4000.0,ALL_TRACKS_metrics_summary.csv,headline_base_reference,base-track structured reference,,04_grammar_plus_P01_P05_best
Random_Promoter_DREAM_base_track_11,04_grammar_plus_P01_P05_candidate,T02_selection_potential_proxy,0.2304844127903973,2.0792260961963804,1.6087813519791463,4000.0,ALL_TRACKS_metrics_summary.csv,headline_base_reference,base-track structured reference,,04_grammar_plus_P01_P05_best
Random_Promoter_DREAM_base_track_11,04_grammar_plus_P01_P05_candidate,T03_latent_state_operator_proxy,0.1819568823874776,2.143784389985867,1.6660328524764312,4000.0,ALL_TRACKS_metrics_summary.csv,headline_base_reference,base-track structured reference,,04_grammar_plus_P01_P05_best
Random_Promoter_DREAM_base_track_11,04_grammar_plus_P01_P05_candidate,T04_observable_alignment_proxy,0.1747250769308136,2.1532394650988764,1.6772396872102473,4000.0,ALL_TRACKS_metrics_summary.csv,headline_base_reference,base-track structured reference,,04_grammar_plus_P01_P05_best
Random_Promoter_DREAM_base_track_11,04_grammar_plus_P01_P05_candidate,T05_uncertainty_ensemble_proxy,0.1622927722138194,2.169397513146589,1.6889146104265966,4000.0,ALL_TRACKS_metrics_summary.csv,headline_base_reference,base-track structured reference,,04_grammar_plus_P01_P05_best
Random_Promoter_DREAM_base_track_12,01_GC_length_only,M01_GC_length,0.1313414850065576,2.2122676733506936,1.7405653712418772,4000.0,ALL_TRACKS_metrics_summary.csv,headline_base_reference,base-track structured reference,,01_GC_length_only
Random_Promoter_DREAM_base_track_12,02_GC_length_plus_6mer,M02_GC_length_char6,0.2445119169893324,2.0631316513431046,1.6036136599286053,4000.0,ALL_TRACKS_metrics_summary.csv,headline_base_reference,base-track structured reference,Closest available table is GC/length + 6-mer; a pure 6-mer-only row was not identified.,02_GC_length_plus_6mer
Random_Promoter_DREAM_base_track_12,03_grammar_ladder_candidate,M03_GC_length_multi_char6,0.2260440064269997,2.0881960339979764,1.6239265989233136,4000.0,ALL_TRACKS_metrics_summary.csv,headline_base_reference,base-track structured reference,,03_grammar_ladder_best
Random_Promoter_DREAM_base_track_12,03_grammar_ladder_candidate,M04_GC_length_windowed_char6,0.2172002286176638,2.1000927602486392,1.6336895461271308,4000.0,ALL_TRACKS_metrics_summary.csv,headline_base_reference,base-track structured reference,,03_grammar_ladder_best
Random_Promoter_DREAM_base_track_12,03_grammar_ladder_candidate,M05_GC_length_windowed_multi_char6,0.189289490036273,2.137204275363828,1.6632072390501922,4000.0,ALL_TRACKS_metrics_summary.csv,headline_base_reference,base-track structured reference,,03_grammar_ladder_best
Random_Promoter_DREAM_base_track_12,03_grammar_ladder_candidate,M06_GC_length_condition_gated_char6,0.2445113125397853,2.0631324766762704,1.6036202137570204,4000.0,ALL_TRACKS_metrics_summary.csv,headline_base_reference,base-track structured reference,,03_grammar_ladder_best
Random_Promoter_DREAM_base_track_12,03_grammar_ladder_candidate,M07_GC_length_condition_gated_multi_char6,0.2259754288953464,2.0882885458195544,1.6239280917263694,4000.0,ALL_TRACKS_metrics_summary.csv,headline_base_reference,base-track structured reference,,03_grammar_ladder_best
Random_Promoter_DREAM_base_track_12,03_grammar_ladder_candidate,M08_dynamic_condition_weighted_char6,0.2227511409106443,2.092633528175657,1.6319884794631272,4000.0,ALL_TRACKS_metrics_summary.csv,headline_base_reference,base-track structured reference,,03_grammar_ladder_best
Random_Promoter_DREAM_base_track_12,03_grammar_ladder_candidate,M09_dynamic_condition_weighted_multi_char6,0.2049425397038632,2.116471336770876,1.6454119609496685,4000.0,ALL_TRACKS_metrics_summary.csv,headline_base_reference,base-track structured reference,,03_grammar_ladder_best
Random_Promoter_DREAM_base_track_12,04_grammar_plus_P01_P05_candidate,T01_mutational_prior_proxy,0.1321412905965685,2.21124898102631,1.7389054398951111,4000.0,ALL_TRACKS_metrics_summary.csv,headline_base_reference,base-track structured reference,,04_grammar_plus_P01_P05_best
Random_Promoter_DREAM_base_track_12,04_grammar_plus_P01_P05_candidate,T02_selection_potential_proxy,0.2445400023666976,2.0630933023798232,1.6035964094548667,4000.0,ALL_TRACKS_metrics_summary.csv,headline_base_reference,base-track structured reference,,04_grammar_plus_P01_P05_best
Random_Promoter_DREAM_base_track_12,04_grammar_plus_P01_P05_candidate,T03_latent_state_operator_proxy,0.2077946048761265,2.112671776579329,1.6408931393232864,4000.0,ALL_TRACKS_metrics_summary.csv,headline_base_reference,base-track structured reference,,04_grammar_plus_P01_P05_best
Random_Promoter_DREAM_base_track_12,04_grammar_plus_P01_P05_candidate,T04_observable_alignment_proxy,0.216254621781906,2.1013608129382906,1.6369584487797002,4000.0,ALL_TRACKS_metrics_summary.csv,headline_base_reference,base-track structured reference,,04_grammar_plus_P01_P05_best
Random_Promoter_DREAM_base_track_12,04_grammar_plus_P01_P05_candidate,T05_uncertainty_ensemble_proxy,0.2083020203221625,2.111995074545695,1.6475838663766855,4000.0,ALL_TRACKS_metrics_summary.csv,headline_base_reference,base-track structured reference,,04_grammar_plus_P01_P05_best
Random_Promoter_DREAM_base_track_13,01_GC_length_only,M01_GC_length,0.0596886835177468,0.7355335886364287,0.6152213924859151,4000.0,ALL_TRACKS_metrics_summary.csv,headline_base_reference,base-track structured reference,,01_GC_length_only
Random_Promoter_DREAM_base_track_13,02_GC_length_plus_6mer,M02_GC_length_char6,0.5759356705167269,0.4939494997662449,0.3855509310453168,4000.0,ALL_TRACKS_metrics_summary.csv,headline_base_reference,base-track structured reference,Closest available table is GC/length + 6-mer; a pure 6-mer-only row was not identified.,02_GC_length_plus_6mer
Random_Promoter_DREAM_base_track_13,03_grammar_ladder_candidate,M03_GC_length_multi_char6,0.5970815648063692,0.4814766695452126,0.370217871249575,4000.0,ALL_TRACKS_metrics_summary.csv,headline_base_reference,base-track structured reference,,03_grammar_ladder_best
Random_Promoter_DREAM_base_track_13,03_grammar_ladder_candidate,M04_GC_length_windowed_char6,0.4794262809062122,0.5472777577324733,0.4271765121628591,4000.0,ALL_TRACKS_metrics_summary.csv,headline_base_reference,base-track structured reference,,03_grammar_ladder_best
Random_Promoter_DREAM_base_track_13,03_grammar_ladder_candidate,M05_GC_length_windowed_multi_char6,0.4443810837299199,0.5653992004339728,0.4408458396550611,4000.0,ALL_TRACKS_metrics_summary.csv,headline_base_reference,base-track structured reference,,03_grammar_ladder_best
Random_Promoter_DREAM_base_track_13,03_grammar_ladder_candidate,M06_GC_length_condition_gated_char6,0.5759260493869345,0.4939551030732938,0.3855551276663596,4000.0,ALL_TRACKS_metrics_summary.csv,headline_base_reference,base-track structured reference,,03_grammar_ladder_best
Random_Promoter_DREAM_base_track_13,03_grammar_ladder_candidate,M07_GC_length_condition_gated_multi_char6,0.5964619170806795,0.4818467584749758,0.370499301771467,4000.0,ALL_TRACKS_metrics_summary.csv,headline_base_reference,base-track structured reference,,03_grammar_ladder_best
Random_Promoter_DREAM_base_track_13,03_grammar_ladder_candidate,M08_dynamic_condition_weighted_char6,0.5113210223837749,0.5302473500410753,0.4200131000700967,4000.0,ALL_TRACKS_metrics_summary.csv,headline_base_reference,base-track structured reference,,03_grammar_ladder_best
Random_Promoter_DREAM_base_track_13,03_grammar_ladder_candidate,M09_dynamic_condition_weighted_multi_char6,0.5375252350996842,0.5158348722312694,0.4015350201247585,4000.0,ALL_TRACKS_metrics_summary.csv,headline_base_reference,base-track structured reference,,03_grammar_ladder_best
Random_Promoter_DREAM_base_track_13,04_grammar_plus_P01_P05_candidate,T01_mutational_prior_proxy,0.0737866396609123,0.7299988889000601,0.6091224850690389,4000.0,ALL_TRACKS_metrics_summary.csv,headline_base_reference,base-track structured reference,,04_grammar_plus_P01_P05_best
Random_Promoter_DREAM_base_track_13,04_grammar_plus_P01_P05_candidate,T02_selection_potential_proxy,0.576558333475081,0.4935867281073985,0.3852214396380731,4000.0,ALL_TRACKS_metrics_summary.csv,headline_base_reference,base-track structured reference,,04_grammar_plus_P01_P05_best
Random_Promoter_DREAM_base_track_13,04_grammar_plus_P01_P05_candidate,T03_latent_state_operator_proxy,0.264689929099936,0.6504320538968695,0.5306480723408483,4000.0,ALL_TRACKS_metrics_summary.csv,headline_base_reference,base-track structured reference,,04_grammar_plus_P01_P05_best
Random_Promoter_DREAM_base_track_13,04_grammar_plus_P01_P05_candidate,T04_observable_alignment_proxy,0.6126186643836083,0.4721022003351542,0.3602559585627627,4000.0,ALL_TRACKS_metrics_summary.csv,headline_base_reference,base-track structured reference,,04_grammar_plus_P01_P05_best
Random_Promoter_DREAM_base_track_13,04_grammar_plus_P01_P05_candidate,T05_uncertainty_ensemble_proxy,0.6067807281123221,0.4756462485728087,0.3624811406166167,4000.0,ALL_TRACKS_metrics_summary.csv,headline_base_reference,base-track structured reference,,04_grammar_plus_P01_P05_best
Random_Promoter_DREAM_base_track_14,01_GC_length_only,M01_GC_length,0.113755315683955,2.2416884627924727,1.7657760222312595,20000.0,ALL_TRACKS_metrics_summary.csv,headline_base_reference,base-track structured reference,,01_GC_length_only
Random_Promoter_DREAM_base_track_14,02_GC_length_plus_6mer,M02_GC_length_char6,0.2631005124164353,2.0441019958424445,1.5782811860108714,20000.0,ALL_TRACKS_metrics_summary.csv,headline_base_reference,base-track structured reference,Closest available table is GC/length + 6-mer; a pure 6-mer-only row was not identified.,02_GC_length_plus_6mer
Random_Promoter_DREAM_base_track_14,03_grammar_ladder_candidate,M03_GC_length_multi_char6,0.2673175163744231,2.038244783280889,1.5735359443487562,20000.0,ALL_TRACKS_metrics_summary.csv,headline_base_reference,base-track structured reference,,03_grammar_ladder_best
Random_Promoter_DREAM_base_track_14,03_grammar_ladder_candidate,M04_GC_length_windowed_char6,0.2252244465723907,2.095976405498296,1.625686977664547,20000.0,ALL_TRACKS_metrics_summary.csv,headline_base_reference,base-track structured reference,,03_grammar_ladder_best
Random_Promoter_DREAM_base_track_14,03_grammar_ladder_candidate,M05_GC_length_windowed_multi_char6,0.2243415219830109,2.097170339775197,1.6269851772519814,20000.0,ALL_TRACKS_metrics_summary.csv,headline_base_reference,base-track structured reference,,03_grammar_ladder_best
Random_Promoter_DREAM_base_track_14,03_grammar_ladder_candidate,M06_GC_length_condition_gated_char6,0.2631039240676347,2.0440972640091246,1.57828017049158,20000.0,ALL_TRACKS_metrics_summary.csv,headline_base_reference,base-track structured reference,,03_grammar_ladder_best
Random_Promoter_DREAM_base_track_14,03_grammar_ladder_candidate,M07_GC_length_condition_gated_multi_char6,0.2673089973909028,2.0382566326997265,1.5735564012203231,20000.0,ALL_TRACKS_metrics_summary.csv,headline_base_reference,base-track structured reference,,03_grammar_ladder_best
Random_Promoter_DREAM_base_track_14,03_grammar_ladder_candidate,M08_dynamic_condition_weighted_char6,0.213883204012066,2.1112612303385645,1.6384753200337088,20000.0,ALL_TRACKS_metrics_summary.csv,headline_base_reference,base-track structured reference,,03_grammar_ladder_best
Random_Promoter_DREAM_base_track_14,03_grammar_ladder_candidate,M09_dynamic_condition_weighted_multi_char6,0.2190160545684762,2.104357335278517,1.6322396406098647,20000.0,ALL_TRACKS_metrics_summary.csv,headline_base_reference,base-track structured reference,,03_grammar_ladder_best
Random_Promoter_DREAM_base_track_14,04_grammar_plus_P01_P05_candidate,T01_mutational_prior_proxy,0.1143442983462404,2.240943445586856,1.7638615713288426,20000.0,ALL_TRACKS_metrics_summary.csv,headline_base_reference,base-track structured reference,,04_grammar_plus_P01_P05_best
Random_Promoter_DREAM_base_track_14,04_grammar_plus_P01_P05_candidate,T02_selection_potential_proxy,0.2630229173686792,2.044209614330065,1.578546277735908,20000.0,ALL_TRACKS_metrics_summary.csv,headline_base_reference,base-track structured reference,,04_grammar_plus_P01_P05_best
Random_Promoter_DREAM_base_track_14,04_grammar_plus_P01_P05_candidate,T03_latent_state_operator_proxy,0.195936898064489,2.1352242911367774,1.6609174672447382,20000.0,ALL_TRACKS_metrics_summary.csv,headline_base_reference,base-track structured reference,,04_grammar_plus_P01_P05_best
Random_Promoter_DREAM_base_track_14,04_grammar_plus_P01_P05_candidate,T04_observable_alignment_proxy,0.2739614602244904,2.028982364864745,1.5662757035199997,20000.0,ALL_TRACKS_metrics_summary.csv,headline_base_reference,base-track structured reference,,04_grammar_plus_P01_P05_best
Random_Promoter_DREAM_base_track_14,04_grammar_plus_P01_P05_candidate,T05_uncertainty_ensemble_proxy,0.2735976744382483,2.029490617848859,1.566737953977023,20000.0,ALL_TRACKS_metrics_summary.csv,headline_base_reference,base-track structured reference,,04_grammar_plus_P01_P05_best
Random_Promoter_DREAM_base_track_15,01_GC_length_only,M01_GC_length,0.1190536700881603,2.2372919728345986,1.7648032421382165,20000.0,ALL_TRACKS_metrics_summary.csv,headline_base_reference,base-track structured reference,,01_GC_length_only
Random_Promoter_DREAM_base_track_15,02_GC_length_plus_6mer,M02_GC_length_char6,0.2726221395734289,2.032955995438142,1.5689584568997117,20000.0,ALL_TRACKS_metrics_summary.csv,headline_base_reference,base-track structured reference,Closest available table is GC/length + 6-mer; a pure 6-mer-only row was not identified.,02_GC_length_plus_6mer
Random_Promoter_DREAM_base_track_15,03_grammar_ladder_candidate,M03_GC_length_multi_char6,0.2750389532777505,2.029575796347725,1.56649964404739,20000.0,ALL_TRACKS_metrics_summary.csv,headline_base_reference,base-track structured reference,,03_grammar_ladder_best
Random_Promoter_DREAM_base_track_15,03_grammar_ladder_candidate,M04_GC_length_windowed_char6,0.2289146997114844,2.0931442121210124,1.6257987948965718,20000.0,ALL_TRACKS_metrics_summary.csv,headline_base_reference,base-track structured reference,,03_grammar_ladder_best
Random_Promoter_DREAM_base_track_15,03_grammar_ladder_candidate,M05_GC_length_windowed_multi_char6,0.2275228345275693,2.0950324993342084,1.627463576009057,20000.0,ALL_TRACKS_metrics_summary.csv,headline_base_reference,base-track structured reference,,03_grammar_ladder_best
Random_Promoter_DREAM_base_track_15,03_grammar_ladder_candidate,M06_GC_length_condition_gated_char6,0.2726268981207584,2.032949345570397,1.5689630597995452,20000.0,ALL_TRACKS_metrics_summary.csv,headline_base_reference,base-track structured reference,,03_grammar_ladder_best
Random_Promoter_DREAM_base_track_15,03_grammar_ladder_candidate,M07_GC_length_condition_gated_multi_char6,0.2750446607575747,2.0295678071007432,1.5664947436862962,20000.0,ALL_TRACKS_metrics_summary.csv,headline_base_reference,base-track structured reference,,03_grammar_ladder_best
Random_Promoter_DREAM_base_track_15,03_grammar_ladder_candidate,M08_dynamic_condition_weighted_char6,0.2251550029337355,2.0982409362633643,1.63073460430202,20000.0,ALL_TRACKS_metrics_summary.csv,headline_base_reference,base-track structured reference,,03_grammar_ladder_best
Random_Promoter_DREAM_base_track_15,03_grammar_ladder_candidate,M09_dynamic_condition_weighted_multi_char6,0.229508382314207,2.092338268481128,1.6245449302026227,20000.0,ALL_TRACKS_metrics_summary.csv,headline_base_reference,base-track structured reference,,03_grammar_ladder_best
Random_Promoter_DREAM_base_track_15,04_grammar_plus_P01_P05_candidate,T01_mutational_prior_proxy,0.1211269169984848,2.234657765277091,1.7611914969977187,20000.0,ALL_TRACKS_metrics_summary.csv,headline_base_reference,base-track structured reference,,04_grammar_plus_P01_P05_best
Random_Promoter_DREAM_base_track_15,04_grammar_plus_P01_P05_candidate,T02_selection_potential_proxy,0.2725879044188712,2.033003836971118,1.568891397015565,20000.0,ALL_TRACKS_metrics_summary.csv,headline_base_reference,base-track structured reference,,04_grammar_plus_P01_P05_best
Random_Promoter_DREAM_base_track_15,04_grammar_plus_P01_P05_candidate,T03_latent_state_operator_proxy,0.203626759089315,2.127189930623963,1.6601190370635428,20000.0,ALL_TRACKS_metrics_summary.csv,headline_base_reference,base-track structured reference,,04_grammar_plus_P01_P05_best
Random_Promoter_DREAM_base_track_15,04_grammar_plus_P01_P05_candidate,T04_observable_alignment_proxy,0.2794283772363876,2.0234222281793,1.5607145566655385,20000.0,ALL_TRACKS_metrics_summary.csv,headline_base_reference,base-track structured reference,,04_grammar_plus_P01_P05_best
Random_Promoter_DREAM_base_track_15,04_grammar_plus_P01_P05_candidate,T05_uncertainty_ensemble_proxy,0.278626513982018,2.0245477629246365,1.5622406339431465,20000.0,ALL_TRACKS_metrics_summary.csv,headline_base_reference,base-track structured reference,,04_grammar_plus_P01_P05_best
Random_Promoter_DREAM_base_track_16,01_GC_length_only,M01_GC_length,0.1109443718560507,2.246469845594842,1.7664313957717592,29852.0,ALL_TRACKS_metrics_summary.csv,headline_base_reference,base-track structured reference,,01_GC_length_only
Random_Promoter_DREAM_base_track_16,02_GC_length_plus_6mer,M02_GC_length_char6,0.2674355599458912,2.0391963370253525,1.5766298763863429,29852.0,ALL_TRACKS_metrics_summary.csv,headline_base_reference,base-track structured reference,Closest available table is GC/length + 6-mer; a pure 6-mer-only row was not identified.,02_GC_length_plus_6mer
Random_Promoter_DREAM_base_track_16,03_grammar_ladder_candidate,M03_GC_length_multi_char6,0.2721388253163938,2.032639695294354,1.5713353459847108,29852.0,ALL_TRACKS_metrics_summary.csv,headline_base_reference,base-track structured reference,,03_grammar_ladder_best
Random_Promoter_DREAM_base_track_16,03_grammar_ladder_candidate,M04_GC_length_windowed_char6,0.225213580153653,2.097138559701967,1.6251486896997138,29852.0,ALL_TRACKS_metrics_summary.csv,headline_base_reference,base-track structured reference,,03_grammar_ladder_best
Random_Promoter_DREAM_base_track_16,03_grammar_ladder_candidate,M05_GC_length_windowed_multi_char6,0.2236753492672802,2.0992193162011232,1.6267858033494764,29852.0,ALL_TRACKS_metrics_summary.csv,headline_base_reference,base-track structured reference,,03_grammar_ladder_best
Random_Promoter_DREAM_base_track_16,03_grammar_ladder_candidate,M06_GC_length_condition_gated_char6,0.2674327018247486,2.039200315012927,1.57663349127882,29852.0,ALL_TRACKS_metrics_summary.csv,headline_base_reference,base-track structured reference,,03_grammar_ladder_best
Random_Promoter_DREAM_base_track_16,03_grammar_ladder_candidate,M07_GC_length_condition_gated_multi_char6,0.2721317878845627,2.0326495217071465,1.5713408331449437,29852.0,ALL_TRACKS_metrics_summary.csv,headline_base_reference,base-track structured reference,,03_grammar_ladder_best
Random_Promoter_DREAM_base_track_16,03_grammar_ladder_candidate,M08_dynamic_condition_weighted_char6,0.2117144609534902,2.115328912540705,1.6443428324069442,29852.0,ALL_TRACKS_metrics_summary.csv,headline_base_reference,base-track structured reference,,03_grammar_ladder_best
Random_Promoter_DREAM_base_track_16,03_grammar_ladder_candidate,M09_dynamic_condition_weighted_multi_char6,0.2173573848560748,2.107744047454004,1.6374374158595215,29852.0,ALL_TRACKS_metrics_summary.csv,headline_base_reference,base-track structured reference,,03_grammar_ladder_best
Random_Promoter_DREAM_base_track_16,04_grammar_plus_P01_P05_candidate,T01_mutational_prior_proxy,0.1121983589401326,2.244884996389233,1.7640995825737713,29852.0,ALL_TRACKS_metrics_summary.csv,headline_base_reference,base-track structured reference,,04_grammar_plus_P01_P05_best
Random_Promoter_DREAM_base_track_16,04_grammar_plus_P01_P05_candidate,T02_selection_potential_proxy,0.2672427266127889,2.0394647087420346,1.5768804660748557,29852.0,ALL_TRACKS_metrics_summary.csv,headline_base_reference,base-track structured reference,,04_grammar_plus_P01_P05_best
Random_Promoter_DREAM_base_track_16,04_grammar_plus_P01_P05_candidate,T03_latent_state_operator_proxy,0.1962734492130566,2.135946070925671,1.6635245791236355,29852.0,ALL_TRACKS_metrics_summary.csv,headline_base_reference,base-track structured reference,,04_grammar_plus_P01_P05_best
Random_Promoter_DREAM_base_track_16,04_grammar_plus_P01_P05_candidate,T04_observable_alignment_proxy,0.2796569209540137,2.0221148546846948,1.5613071049224037,29852.0,ALL_TRACKS_metrics_summary.csv,headline_base_reference,base-track structured reference,,04_grammar_plus_P01_P05_best
Random_Promoter_DREAM_base_track_16,04_grammar_plus_P01_P05_candidate,T05_uncertainty_ensemble_proxy,0.27864324373759,2.023537129158206,1.5625163762407182,29852.0,ALL_TRACKS_metrics_summary.csv,headline_base_reference,base-track structured reference,,04_grammar_plus_P01_P05_best
Random_Promoter_DREAM_base_track_17,01_GC_length_only,M01_GC_length,0.112044925800531,2.233513096502846,1.7566656130978344,4000.0,ALL_TRACKS_metrics_summary.csv,headline_base_reference,base-track structured reference,,01_GC_length_only
Random_Promoter_DREAM_base_track_17,02_GC_length_plus_6mer,M02_GC_length_char6,0.2304626925063355,2.079255440022232,1.6088120121138554,4000.0,ALL_TRACKS_metrics_summary.csv,headline_base_reference,base-track structured reference,Closest available table is GC/length + 6-mer; a pure 6-mer-only row was not identified.,02_GC_length_plus_6mer
Random_Promoter_DREAM_base_track_17,03_grammar_ladder_candidate,M03_GC_length_multi_char6,0.2042705275427486,2.1143443941983024,1.640903132387658,4000.0,ALL_TRACKS_metrics_summary.csv,headline_base_reference,base-track structured reference,,03_grammar_ladder_best
Random_Promoter_DREAM_base_track_17,03_grammar_ladder_candidate,M04_GC_length_windowed_char6,0.1725277111704176,2.156104152520972,1.681349954677095,4000.0,ALL_TRACKS_metrics_summary.csv,headline_base_reference,base-track structured reference,,03_grammar_ladder_best
Random_Promoter_DREAM_base_track_17,03_grammar_ladder_candidate,M05_GC_length_windowed_multi_char6,0.1613786887211936,2.1705807844214635,1.695375632387901,4000.0,ALL_TRACKS_metrics_summary.csv,headline_base_reference,base-track structured reference,,03_grammar_ladder_best
Random_Promoter_DREAM_base_track_17,03_grammar_ladder_candidate,M06_GC_length_condition_gated_char6,0.230429871436716,2.0792997800816764,1.608841345743915,4000.0,ALL_TRACKS_metrics_summary.csv,headline_base_reference,base-track structured reference,,03_grammar_ladder_best
Random_Promoter_DREAM_base_track_17,03_grammar_ladder_candidate,M07_GC_length_condition_gated_multi_char6,0.2040946789549039,2.1145780062170654,1.6411207647345978,4000.0,ALL_TRACKS_metrics_summary.csv,headline_base_reference,base-track structured reference,,03_grammar_ladder_best
Random_Promoter_DREAM_base_track_17,03_grammar_ladder_candidate,M08_dynamic_condition_weighted_char6,0.1947034046141911,2.1270168883671934,1.659670696840382,4000.0,ALL_TRACKS_metrics_summary.csv,headline_base_reference,base-track structured reference,,03_grammar_ladder_best
Random_Promoter_DREAM_base_track_17,03_grammar_ladder_candidate,M09_dynamic_condition_weighted_multi_char6,0.1780546289474928,2.14889147854186,1.6815288025094408,4000.0,ALL_TRACKS_metrics_summary.csv,headline_base_reference,base-track structured reference,,03_grammar_ladder_best
Random_Promoter_DREAM_base_track_17,04_grammar_plus_P01_P05_candidate,T01_mutational_prior_proxy,0.1115400246467086,2.2341480064840216,1.7542371339353235,4000.0,ALL_TRACKS_metrics_summary.csv,headline_base_reference,base-track structured reference,,04_grammar_plus_P01_P05_best
Random_Promoter_DREAM_base_track_17,04_grammar_plus_P01_P05_candidate,T02_selection_potential_proxy,0.2304844127903973,2.0792260961963804,1.6087813519791463,4000.0,ALL_TRACKS_metrics_summary.csv,headline_base_reference,base-track structured reference,,04_grammar_plus_P01_P05_best
Random_Promoter_DREAM_base_track_17,04_grammar_plus_P01_P05_candidate,T03_latent_state_operator_proxy,0.1819568823874776,2.143784389985867,1.6660328524764312,4000.0,ALL_TRACKS_metrics_summary.csv,headline_base_reference,base-track structured reference,,04_grammar_plus_P01_P05_best
Random_Promoter_DREAM_base_track_17,04_grammar_plus_P01_P05_candidate,T04_observable_alignment_proxy,0.1747250769308136,2.1532394650988764,1.6772396872102473,4000.0,ALL_TRACKS_metrics_summary.csv,headline_base_reference,base-track structured reference,,04_grammar_plus_P01_P05_best
Random_Promoter_DREAM_base_track_17,04_grammar_plus_P01_P05_candidate,T05_uncertainty_ensemble_proxy,0.1622927722138194,2.169397513146589,1.6889146104265966,4000.0,ALL_TRACKS_metrics_summary.csv,headline_base_reference,base-track structured reference,,04_grammar_plus_P01_P05_best
Random_Promoter_DREAM_base_track_18,01_GC_length_only,M01_GC_length,0.0596886835177468,0.7355335886364287,0.6152213924859151,4000.0,ALL_TRACKS_metrics_summary.csv,headline_base_reference,base-track structured reference,,01_GC_length_only
Random_Promoter_DREAM_base_track_18,02_GC_length_plus_6mer,M02_GC_length_char6,0.5759356705167269,0.4939494997662449,0.3855509310453168,4000.0,ALL_TRACKS_metrics_summary.csv,headline_base_reference,base-track structured reference,Closest available table is GC/length + 6-mer; a pure 6-mer-only row was not identified.,02_GC_length_plus_6mer
Random_Promoter_DREAM_base_track_18,03_grammar_ladder_candidate,M03_GC_length_multi_char6,0.5970815648063692,0.4814766695452126,0.370217871249575,4000.0,ALL_TRACKS_metrics_summary.csv,headline_base_reference,base-track structured reference,,03_grammar_ladder_best
Random_Promoter_DREAM_base_track_18,03_grammar_ladder_candidate,M04_GC_length_windowed_char6,0.4794262809062122,0.5472777577324733,0.4271765121628591,4000.0,ALL_TRACKS_metrics_summary.csv,headline_base_reference,base-track structured reference,,03_grammar_ladder_best
Random_Promoter_DREAM_base_track_18,03_grammar_ladder_candidate,M05_GC_length_windowed_multi_char6,0.4443810837299199,0.5653992004339728,0.4408458396550611,4000.0,ALL_TRACKS_metrics_summary.csv,headline_base_reference,base-track structured reference,,03_grammar_ladder_best
Random_Promoter_DREAM_base_track_18,03_grammar_ladder_candidate,M06_GC_length_condition_gated_char6,0.5759260493869345,0.4939551030732938,0.3855551276663596,4000.0,ALL_TRACKS_metrics_summary.csv,headline_base_reference,base-track structured reference,,03_grammar_ladder_best
Random_Promoter_DREAM_base_track_18,03_grammar_ladder_candidate,M07_GC_length_condition_gated_multi_char6,0.5964619170806795,0.4818467584749758,0.370499301771467,4000.0,ALL_TRACKS_metrics_summary.csv,headline_base_reference,base-track structured reference,,03_grammar_ladder_best
Random_Promoter_DREAM_base_track_18,03_grammar_ladder_candidate,M08_dynamic_condition_weighted_char6,0.5113210223837749,0.5302473500410753,0.4200131000700967,4000.0,ALL_TRACKS_metrics_summary.csv,headline_base_reference,base-track structured reference,,03_grammar_ladder_best
Random_Promoter_DREAM_base_track_18,03_grammar_ladder_candidate,M09_dynamic_condition_weighted_multi_char6,0.5375252350996842,0.5158348722312694,0.4015350201247585,4000.0,ALL_TRACKS_metrics_summary.csv,headline_base_reference,base-track structured reference,,03_grammar_ladder_best
Random_Promoter_DREAM_base_track_18,04_grammar_plus_P01_P05_candidate,T01_mutational_prior_proxy,0.0737866396609123,0.7299988889000601,0.6091224850690389,4000.0,ALL_TRACKS_metrics_summary.csv,headline_base_reference,base-track structured reference,,04_grammar_plus_P01_P05_best
Random_Promoter_DREAM_base_track_18,04_grammar_plus_P01_P05_candidate,T02_selection_potential_proxy,0.576558333475081,0.4935867281073985,0.3852214396380731,4000.0,ALL_TRACKS_metrics_summary.csv,headline_base_reference,base-track structured reference,,04_grammar_plus_P01_P05_best
Random_Promoter_DREAM_base_track_18,04_grammar_plus_P01_P05_candidate,T03_latent_state_operator_proxy,0.264689929099936,0.6504320538968695,0.5306480723408483,4000.0,ALL_TRACKS_metrics_summary.csv,headline_base_reference,base-track structured reference,,04_grammar_plus_P01_P05_best
Random_Promoter_DREAM_base_track_18,04_grammar_plus_P01_P05_candidate,T04_observable_alignment_proxy,0.6126186643836083,0.4721022003351542,0.3602559585627627,4000.0,ALL_TRACKS_metrics_summary.csv,headline_base_reference,base-track structured reference,,04_grammar_plus_P01_P05_best
Random_Promoter_DREAM_base_track_18,04_grammar_plus_P01_P05_candidate,T05_uncertainty_ensemble_proxy,0.6067807281123221,0.4756462485728087,0.3624811406166167,4000.0,ALL_TRACKS_metrics_summary.csv,headline_base_reference,base-track structured reference,,04_grammar_plus_P01_P05_best
Random_Promoter_DREAM_base_track_19,01_GC_length_only,M01_GC_length,0.113755315683955,2.2416884627924727,1.7657760222312595,20000.0,ALL_TRACKS_metrics_summary.csv,headline_base_reference,base-track structured reference,,01_GC_length_only
Random_Promoter_DREAM_base_track_19,02_GC_length_plus_6mer,M02_GC_length_char6,0.2631005124164353,2.0441019958424445,1.5782811860108714,20000.0,ALL_TRACKS_metrics_summary.csv,headline_base_reference,base-track structured reference,Closest available table is GC/length + 6-mer; a pure 6-mer-only row was not identified.,02_GC_length_plus_6mer
Random_Promoter_DREAM_base_track_19,03_grammar_ladder_candidate,M03_GC_length_multi_char6,0.2673175163744231,2.038244783280889,1.5735359443487562,20000.0,ALL_TRACKS_metrics_summary.csv,headline_base_reference,base-track structured reference,,03_grammar_ladder_best
Random_Promoter_DREAM_base_track_19,03_grammar_ladder_candidate,M04_GC_length_windowed_char6,0.2252244465723907,2.095976405498296,1.625686977664547,20000.0,ALL_TRACKS_metrics_summary.csv,headline_base_reference,base-track structured reference,,03_grammar_ladder_best
Random_Promoter_DREAM_base_track_19,03_grammar_ladder_candidate,M05_GC_length_windowed_multi_char6,0.2243415219830109,2.097170339775197,1.6269851772519814,20000.0,ALL_TRACKS_metrics_summary.csv,headline_base_reference,base-track structured reference,,03_grammar_ladder_best
Random_Promoter_DREAM_base_track_19,03_grammar_ladder_candidate,M06_GC_length_condition_gated_char6,0.2631039240676347,2.0440972640091246,1.57828017049158,20000.0,ALL_TRACKS_metrics_summary.csv,headline_base_reference,base-track structured reference,,03_grammar_ladder_best
Random_Promoter_DREAM_base_track_19,03_grammar_ladder_candidate,M07_GC_length_condition_gated_multi_char6,0.2673089973909028,2.0382566326997265,1.5735564012203231,20000.0,ALL_TRACKS_metrics_summary.csv,headline_base_reference,base-track structured reference,,03_grammar_ladder_best
Random_Promoter_DREAM_base_track_19,03_grammar_ladder_candidate,M08_dynamic_condition_weighted_char6,0.213883204012066,2.1112612303385645,1.6384753200337088,20000.0,ALL_TRACKS_metrics_summary.csv,headline_base_reference,base-track structured reference,,03_grammar_ladder_best
Random_Promoter_DREAM_base_track_19,03_grammar_ladder_candidate,M09_dynamic_condition_weighted_multi_char6,0.2190160545684762,2.104357335278517,1.6322396406098647,20000.0,ALL_TRACKS_metrics_summary.csv,headline_base_reference,base-track structured reference,,03_grammar_ladder_best
Random_Promoter_DREAM_base_track_19,04_grammar_plus_P01_P05_candidate,T01_mutational_prior_proxy,0.1143442983462404,2.240943445586856,1.7638615713288426,20000.0,ALL_TRACKS_metrics_summary.csv,headline_base_reference,base-track structured reference,,04_grammar_plus_P01_P05_best
Random_Promoter_DREAM_base_track_19,04_grammar_plus_P01_P05_candidate,T02_selection_potential_proxy,0.2630229173686792,2.044209614330065,1.578546277735908,20000.0,ALL_TRACKS_metrics_summary.csv,headline_base_reference,base-track structured reference,,04_grammar_plus_P01_P05_best
Random_Promoter_DREAM_base_track_19,04_grammar_plus_P01_P05_candidate,T03_latent_state_operator_proxy,0.195936898064489,2.1352242911367774,1.6609174672447382,20000.0,ALL_TRACKS_metrics_summary.csv,headline_base_reference,base-track structured reference,,04_grammar_plus_P01_P05_best
Random_Promoter_DREAM_base_track_19,04_grammar_plus_P01_P05_candidate,T04_observable_alignment_proxy,0.2739614602244904,2.028982364864745,1.5662757035199997,20000.0,ALL_TRACKS_metrics_summary.csv,headline_base_reference,base-track structured reference,,04_grammar_plus_P01_P05_best
Random_Promoter_DREAM_base_track_19,04_grammar_plus_P01_P05_candidate,T05_uncertainty_ensemble_proxy,0.2735976744382483,2.029490617848859,1.566737953977023,20000.0,ALL_TRACKS_metrics_summary.csv,headline_base_reference,base-track structured reference,,04_grammar_plus_P01_P05_best
Random_Promoter_DREAM_base_track_20,01_GC_length_only,M01_GC_length,0.112044925800531,2.233513096502846,1.7566656130978344,4000.0,ALL_TRACKS_metrics_summary.csv,headline_base_reference,base-track structured reference,,01_GC_length_only
Random_Promoter_DREAM_base_track_20,02_GC_length_plus_6mer,M02_GC_length_char6,0.2304626925063355,2.079255440022232,1.6088120121138554,4000.0,ALL_TRACKS_metrics_summary.csv,headline_base_reference,base-track structured reference,Closest available table is GC/length + 6-mer; a pure 6-mer-only row was not identified.,02_GC_length_plus_6mer
Random_Promoter_DREAM_base_track_20,03_grammar_ladder_candidate,M03_GC_length_multi_char6,0.2042705275427486,2.1143443941983024,1.640903132387658,4000.0,ALL_TRACKS_metrics_summary.csv,headline_base_reference,base-track structured reference,,03_grammar_ladder_best
Random_Promoter_DREAM_base_track_20,03_grammar_ladder_candidate,M04_GC_length_windowed_char6,0.1725277111704176,2.156104152520972,1.681349954677095,4000.0,ALL_TRACKS_metrics_summary.csv,headline_base_reference,base-track structured reference,,03_grammar_ladder_best
Random_Promoter_DREAM_base_track_20,03_grammar_ladder_candidate,M05_GC_length_windowed_multi_char6,0.1613786887211936,2.1705807844214635,1.695375632387901,4000.0,ALL_TRACKS_metrics_summary.csv,headline_base_reference,base-track structured reference,,03_grammar_ladder_best
Random_Promoter_DREAM_base_track_20,03_grammar_ladder_candidate,M06_GC_length_condition_gated_char6,0.230429871436716,2.0792997800816764,1.608841345743915,4000.0,ALL_TRACKS_metrics_summary.csv,headline_base_reference,base-track structured reference,,03_grammar_ladder_best
Random_Promoter_DREAM_base_track_20,03_grammar_ladder_candidate,M07_GC_length_condition_gated_multi_char6,0.2040946789549039,2.1145780062170654,1.6411207647345978,4000.0,ALL_TRACKS_metrics_summary.csv,headline_base_reference,base-track structured reference,,03_grammar_ladder_best
Random_Promoter_DREAM_base_track_20,03_grammar_ladder_candidate,M08_dynamic_condition_weighted_char6,0.1947034046141911,2.1270168883671934,1.659670696840382,4000.0,ALL_TRACKS_metrics_summary.csv,headline_base_reference,base-track structured reference,,03_grammar_ladder_best
Random_Promoter_DREAM_base_track_20,03_grammar_ladder_candidate,M09_dynamic_condition_weighted_multi_char6,0.1780546289474928,2.14889147854186,1.6815288025094408,4000.0,ALL_TRACKS_metrics_summary.csv,headline_base_reference,base-track structured reference,,03_grammar_ladder_best
Random_Promoter_DREAM_base_track_20,04_grammar_plus_P01_P05_candidate,T01_mutational_prior_proxy,0.1115400246467086,2.2341480064840216,1.7542371339353235,4000.0,ALL_TRACKS_metrics_summary.csv,headline_base_reference,base-track structured reference,,04_grammar_plus_P01_P05_best
Random_Promoter_DREAM_base_track_20,04_grammar_plus_P01_P05_candidate,T02_selection_potential_proxy,0.2304844127903973,2.0792260961963804,1.6087813519791463,4000.0,ALL_TRACKS_metrics_summary.csv,headline_base_reference,base-track structured reference,,04_grammar_plus_P01_P05_best
Random_Promoter_DREAM_base_track_20,04_grammar_plus_P01_P05_candidate,T03_latent_state_operator_proxy,0.1819568823874776,2.143784389985867,1.6660328524764312,4000.0,ALL_TRACKS_metrics_summary.csv,headline_base_reference,base-track structured reference,,04_grammar_plus_P01_P05_best
Random_Promoter_DREAM_base_track_20,04_grammar_plus_P01_P05_candidate,T04_observable_alignment_proxy,0.1747250769308136,2.1532394650988764,1.6772396872102473,4000.0,ALL_TRACKS_metrics_summary.csv,headline_base_reference,base-track structured reference,,04_grammar_plus_P01_P05_best
Random_Promoter_DREAM_base_track_20,04_grammar_plus_P01_P05_candidate,T05_uncertainty_ensemble_proxy,0.1622927722138194,2.169397513146589,1.6889146104265966,4000.0,ALL_TRACKS_metrics_summary.csv,headline_base_reference,base-track structured reference,,04_grammar_plus_P01_P05_best
extra_test_inregime_predictions_v0,01_GC_length_only,M01_GC_length,-21.152661269678497,7.059606442697838,6.924579281869996,20000.0,ALL_TRACKS_metrics_summary.csv,exploratory_extra,extra empirical sequence-target branch,,01_GC_length_only
extra_test_inregime_predictions_v0,02_GC_length_plus_6mer,M02_GC_length_char6,-20.96174547352112,7.029120109099092,6.924579281885107,20000.0,ALL_TRACKS_metrics_summary.csv,exploratory_extra,extra empirical sequence-target branch,Closest available table is GC/length + 6-mer; a pure 6-mer-only row was not identified.,02_GC_length_plus_6mer
extra_test_inregime_predictions_v0,03_grammar_ladder_candidate,M03_GC_length_multi_char6,-20.96134465274782,7.029055965057893,6.924579281885362,20000.0,ALL_TRACKS_metrics_summary.csv,exploratory_extra,extra empirical sequence-target branch,,03_grammar_ladder_best
extra_test_inregime_predictions_v0,03_grammar_ladder_candidate,M04_GC_length_windowed_char6,-21.017854457955824,7.038093558097016,6.924579281886926,20000.0,ALL_TRACKS_metrics_summary.csv,exploratory_extra,extra empirical sequence-target branch,,03_grammar_ladder_best
extra_test_inregime_predictions_v0,03_grammar_ladder_candidate,M05_GC_length_windowed_multi_char6,-21.018177907190594,7.038145253815586,6.924579281889292,20000.0,ALL_TRACKS_metrics_summary.csv,exploratory_extra,extra empirical sequence-target branch,,03_grammar_ladder_best
extra_test_inregime_predictions_v0,03_grammar_ladder_candidate,M06_GC_length_condition_gated_char6,-21.464577429102743,7.109133408582863,6.999463146002404,20000.0,ALL_TRACKS_metrics_summary.csv,exploratory_extra,extra empirical sequence-target branch,,03_grammar_ladder_best
extra_test_inregime_predictions_v0,03_grammar_ladder_candidate,M07_GC_length_condition_gated_multi_char6,-21.70415503323268,7.146941202108636,7.038034454047735,20000.0,ALL_TRACKS_metrics_summary.csv,exploratory_extra,extra empirical sequence-target branch,,03_grammar_ladder_best
extra_test_inregime_predictions_v0,03_grammar_ladder_candidate,M08_dynamic_condition_weighted_char6,-21.53495049657795,7.120259821551256,6.996437415184923,20000.0,ALL_TRACKS_metrics_summary.csv,exploratory_extra,extra empirical sequence-target branch,,03_grammar_ladder_best
extra_test_inregime_predictions_v0,03_grammar_ladder_candidate,M09_dynamic_condition_weighted_multi_char6,-20.82777179096411,7.007647369177582,6.893101972183899,20000.0,ALL_TRACKS_metrics_summary.csv,exploratory_extra,extra empirical sequence-target branch,,03_grammar_ladder_best
extra_test_inregime_predictions_v0,04_grammar_plus_P01_P05_candidate,T01_mutational_prior_proxy,-21.150812345608724,7.059311829141461,6.924579281870578,20000.0,ALL_TRACKS_metrics_summary.csv,exploratory_extra,extra empirical sequence-target branch,,04_grammar_plus_P01_P05_best
extra_test_inregime_predictions_v0,04_grammar_plus_P01_P05_candidate,T02_selection_potential_proxy,-20.96182973868041,7.029133594123729,6.924579281886108,20000.0,ALL_TRACKS_metrics_summary.csv,exploratory_extra,extra empirical sequence-target branch,,04_grammar_plus_P01_P05_best
extra_test_inregime_predictions_v0,04_grammar_plus_P01_P05_candidate,T03_latent_state_operator_proxy,-21.044890057774587,7.042413250246559,6.924579281882068,20000.0,ALL_TRACKS_metrics_summary.csv,exploratory_extra,extra empirical sequence-target branch,,04_grammar_plus_P01_P05_best
extra_test_inregime_predictions_v0,04_grammar_plus_P01_P05_candidate,T04_observable_alignment_proxy,-21.413462569287383,7.101040906062281,6.990875780671241,20000.0,ALL_TRACKS_metrics_summary.csv,exploratory_extra,extra empirical sequence-target branch,,04_grammar_plus_P01_P05_best
extra_test_inregime_predictions_v0,04_grammar_plus_P01_P05_candidate,T05_uncertainty_ensemble_proxy,-21.5271154740856,7.119021916773315,7.009110034110123,20000.0,ALL_TRACKS_metrics_summary.csv,exploratory_extra,extra empirical sequence-target branch,,04_grammar_plus_P01_P05_best
extra_test_maude_shift_predictions_v0,01_GC_length_only,M01_GC_length,-12.798214302690086,7.766008290512656,7.509203121281319,20000.0,ALL_TRACKS_metrics_summary.csv,exploratory_extra,extra empirical sequence-target branch,,01_GC_length_only
extra_test_maude_shift_predictions_v0,02_GC_length_plus_6mer,M02_GC_length_char6,-12.419149028750349,7.658591316194609,7.509203121280789,20000.0,ALL_TRACKS_metrics_summary.csv,exploratory_extra,extra empirical sequence-target branch,Closest available table is GC/length + 6-mer; a pure 6-mer-only row was not identified.,02_GC_length_plus_6mer
extra_test_maude_shift_predictions_v0,03_grammar_ladder_candidate,M03_GC_length_multi_char6,-12.411874135088746,7.656515067150315,7.509203121280804,20000.0,ALL_TRACKS_metrics_summary.csv,exploratory_extra,extra empirical sequence-target branch,,03_grammar_ladder_best
extra_test_maude_shift_predictions_v0,03_grammar_ladder_candidate,M04_GC_length_windowed_char6,-12.501118240627212,7.681946483794372,7.509203121281167,20000.0,ALL_TRACKS_metrics_summary.csv,exploratory_extra,extra empirical sequence-target branch,,03_grammar_ladder_best
extra_test_maude_shift_predictions_v0,03_grammar_ladder_candidate,M05_GC_length_windowed_multi_char6,-12.49916994381935,7.681392187048999,7.509203121281122,20000.0,ALL_TRACKS_metrics_summary.csv,exploratory_extra,extra empirical sequence-target branch,,03_grammar_ladder_best
extra_test_maude_shift_predictions_v0,03_grammar_ladder_candidate,M06_GC_length_condition_gated_char6,-13.139883266082933,7.86157060153664,7.687034946093824,20000.0,ALL_TRACKS_metrics_summary.csv,exploratory_extra,extra empirical sequence-target branch,,03_grammar_ladder_best
extra_test_maude_shift_predictions_v0,03_grammar_ladder_candidate,M07_GC_length_condition_gated_multi_char6,-13.180835694592302,7.872946849413233,7.69989271533734,20000.0,ALL_TRACKS_metrics_summary.csv,exploratory_extra,extra empirical sequence-target branch,,03_grammar_ladder_best
extra_test_maude_shift_predictions_v0,03_grammar_ladder_candidate,M08_dynamic_condition_weighted_char6,-13.236231112370442,7.88830913496072,7.689903739827419,20000.0,ALL_TRACKS_metrics_summary.csv,exploratory_extra,extra empirical sequence-target branch,,03_grammar_ladder_best
extra_test_maude_shift_predictions_v0,03_grammar_ladder_candidate,M09_dynamic_condition_weighted_multi_char6,-12.164092131389452,7.585458968795539,7.4293832650539935,20000.0,ALL_TRACKS_metrics_summary.csv,exploratory_extra,extra empirical sequence-target branch,,03_grammar_ladder_best
extra_test_maude_shift_predictions_v0,04_grammar_plus_P01_P05_candidate,T01_mutational_prior_proxy,-12.78732011988958,7.762941914740471,7.509203121281315,20000.0,ALL_TRACKS_metrics_summary.csv,exploratory_extra,extra empirical sequence-target branch,,04_grammar_plus_P01_P05_best
extra_test_maude_shift_predictions_v0,04_grammar_plus_P01_P05_candidate,T02_selection_potential_proxy,-12.418899970810417,7.658520244555772,7.509203121280775,20000.0,ALL_TRACKS_metrics_summary.csv,exploratory_extra,extra empirical sequence-target branch,,04_grammar_plus_P01_P05_best
extra_test_maude_shift_predictions_v0,04_grammar_plus_P01_P05_candidate,T03_latent_state_operator_proxy,-12.626626708056731,7.717570161322058,7.509203121281295,20000.0,ALL_TRACKS_metrics_summary.csv,exploratory_extra,extra empirical sequence-target branch,,04_grammar_plus_P01_P05_best
extra_test_maude_shift_predictions_v0,04_grammar_plus_P01_P05_candidate,T04_observable_alignment_proxy,-13.01139830213891,7.825771200403587,7.653910667816873,20000.0,ALL_TRACKS_metrics_summary.csv,exploratory_extra,extra empirical sequence-target branch,,04_grammar_plus_P01_P05_best
extra_test_maude_shift_predictions_v0,04_grammar_plus_P01_P05_candidate,T05_uncertainty_ensemble_proxy,-13.02147881721643,7.828585823862347,7.656032577058862,20000.0,ALL_TRACKS_metrics_summary.csv,exploratory_extra,extra empirical sequence-target branch,,04_grammar_plus_P01_P05_best
extra_val_inregime_predictions_v0,01_GC_length_only,M01_GC_length,-21.52959053211625,7.056007152990949,6.922842421074539,20000.0,ALL_TRACKS_metrics_summary.csv,exploratory_extra,extra empirical sequence-target branch,,01_GC_length_only
extra_val_inregime_predictions_v0,02_GC_length_plus_6mer,M02_GC_length_char6,-21.33319299735555,7.025185116541581,6.922842421061608,20000.0,ALL_TRACKS_metrics_summary.csv,exploratory_extra,extra empirical sequence-target branch,Closest available table is GC/length + 6-mer; a pure 6-mer-only row was not identified.,02_GC_length_plus_6mer
extra_val_inregime_predictions_v0,03_grammar_ladder_candidate,M03_GC_length_multi_char6,-21.333453152087728,7.025226033884442,6.922842421061583,20000.0,ALL_TRACKS_metrics_summary.csv,exploratory_extra,extra empirical sequence-target branch,,03_grammar_ladder_best
extra_val_inregime_predictions_v0,03_grammar_ladder_candidate,M04_GC_length_windowed_char6,-21.3971341246054,7.035234669136275,6.922842421064101,20000.0,ALL_TRACKS_metrics_summary.csv,exploratory_extra,extra empirical sequence-target branch,,03_grammar_ladder_best
extra_val_inregime_predictions_v0,03_grammar_ladder_candidate,M05_GC_length_windowed_multi_char6,-21.39720601412465,7.0352459598494,6.922842421061451,20000.0,ALL_TRACKS_metrics_summary.csv,exploratory_extra,extra empirical sequence-target branch,,03_grammar_ladder_best
extra_val_inregime_predictions_v0,03_grammar_ladder_candidate,M06_GC_length_condition_gated_char6,-21.78661639807616,7.096141774069021,6.98803935524869,20000.0,ALL_TRACKS_metrics_summary.csv,exploratory_extra,extra empirical sequence-target branch,,03_grammar_ladder_best
extra_val_inregime_predictions_v0,03_grammar_ladder_candidate,M07_GC_length_condition_gated_multi_char6,-21.930332378586684,7.118484406734675,7.010898050956195,20000.0,ALL_TRACKS_metrics_summary.csv,exploratory_extra,extra empirical sequence-target branch,,03_grammar_ladder_best
extra_val_inregime_predictions_v0,03_grammar_ladder_candidate,M08_dynamic_condition_weighted_char6,-21.91632774087667,7.116310277293652,6.996064422498451,20000.0,ALL_TRACKS_metrics_summary.csv,exploratory_extra,extra empirical sequence-target branch,,03_grammar_ladder_best
extra_val_inregime_predictions_v0,03_grammar_ladder_candidate,M09_dynamic_condition_weighted_multi_char6,-20.89873013064813,6.95651664901361,6.847012696474755,20000.0,ALL_TRACKS_metrics_summary.csv,exploratory_extra,extra empirical sequence-target branch,,03_grammar_ladder_best
extra_val_inregime_predictions_v0,04_grammar_plus_P01_P05_candidate,T01_mutational_prior_proxy,-21.52684622138668,7.055577396715072,6.922842421073732,20000.0,ALL_TRACKS_metrics_summary.csv,exploratory_extra,extra empirical sequence-target branch,,04_grammar_plus_P01_P05_best
extra_val_inregime_predictions_v0,04_grammar_plus_P01_P05_candidate,T02_selection_potential_proxy,-21.33328725199248,7.025199941013253,6.92284242106069,20000.0,ALL_TRACKS_metrics_summary.csv,exploratory_extra,extra empirical sequence-target branch,,04_grammar_plus_P01_P05_best
extra_val_inregime_predictions_v0,04_grammar_plus_P01_P05_candidate,T03_latent_state_operator_proxy,-21.425009557799587,7.039611328026461,6.922842421066575,20000.0,ALL_TRACKS_metrics_summary.csv,exploratory_extra,extra empirical sequence-target branch,,04_grammar_plus_P01_P05_best
extra_val_inregime_predictions_v0,04_grammar_plus_P01_P05_candidate,T04_observable_alignment_proxy,-22.111285578972154,7.146516735884672,7.035090952457924,20000.0,ALL_TRACKS_metrics_summary.csv,exploratory_extra,extra empirical sequence-target branch,,04_grammar_plus_P01_P05_best
extra_val_inregime_predictions_v0,04_grammar_plus_P01_P05_candidate,T05_uncertainty_ensemble_proxy,-22.32745758004926,7.179861508155534,7.068743262056554,20000.0,ALL_TRACKS_metrics_summary.csv,exploratory_extra,extra empirical sequence-target branch,,04_grammar_plus_P01_P05_best
GSE221384_context_track,05_grammar_plus_nonlinear_head,B08_MLPRegressor,0.5624694124222619,,,,PHASE5F_R2_MATRIX_MODELS_BY_TRACK.csv,,,,05_grammar_plus_nonlinear_head
PARM_GSE301246_Task_C_stress_test,05_grammar_plus_nonlinear_head,B08_MLPRegressor,-0.4480611642446785,,,,PHASE5F_R2_MATRIX_MODELS_BY_TRACK.csv,,,,05_grammar_plus_nonlinear_head
PARM_GSE301246_held_out_context_track,05_grammar_plus_nonlinear_head,B08_MLPRegressor,0.3239756607301142,,,,PHASE5F_R2_MATRIX_MODELS_BY_TRACK.csv,,,,05_grammar_plus_nonlinear_head
PARM_GSE301246_held_out_context_track_2,05_grammar_plus_nonlinear_head,B08_MLPRegressor,0.4132263816406281,,,,PHASE5F_R2_MATRIX_MODELS_BY_TRACK.csv,,,,05_grammar_plus_nonlinear_head
PARM_GSE301246_held_out_context_track_3,05_grammar_plus_nonlinear_head,B08_MLPRegressor,-0.184276199931928,,,,PHASE5F_R2_MATRIX_MODELS_BY_TRACK.csv,,,,05_grammar_plus_nonlinear_head
PARM_GSE301246_held_out_context_track_4,05_grammar_plus_nonlinear_head,B08_MLPRegressor,-0.1552610904302802,,,,PHASE5F_R2_MATRIX_MODELS_BY_TRACK.csv,,,,05_grammar_plus_nonlinear_head
PARM_GSE301246_held_out_context_track_5,05_grammar_plus_nonlinear_head,B08_MLPRegressor,-0.2338966389032732,,,,PHASE5F_R2_MATRIX_MODELS_BY_TRACK.csv,,,,05_grammar_plus_nonlinear_head
PARM_GSE301246_held_out_context_track_6,05_grammar_plus_nonlinear_head,B08_MLPRegressor,-0.0399490068809367,,,,PHASE5F_R2_MATRIX_MODELS_BY_TRACK.csv,,,,05_grammar_plus_nonlinear_head
PARM_GSE301246_held_out_context_track_7,05_grammar_plus_nonlinear_head,B08_MLPRegressor,-2.4805178367303538,,,,PHASE5F_R2_MATRIX_MODELS_BY_TRACK.csv,,,,05_grammar_plus_nonlinear_head
PARM_GSE301246_held_out_context_track_TaskB,05_grammar_plus_nonlinear_head,B08_MLPRegressor,-0.8210410660183891,,,,PHASE5F_R2_MATRIX_MODELS_BY_TRACK.csv,,,,05_grammar_plus_nonlinear_head
Random_Promoter_DREAM_base_track,05_grammar_plus_nonlinear_head,B08_MLPRegressor,-0.4087741396166364,,,,PHASE5F_R2_MATRIX_MODELS_BY_TRACK.csv,,,,05_grammar_plus_nonlinear_head
Random_Promoter_DREAM_base_track_10,05_grammar_plus_nonlinear_head,B08_MLPRegressor,0.2171603665958472,,,,PHASE5F_R2_MATRIX_MODELS_BY_TRACK.csv,,,,05_grammar_plus_nonlinear_head
Random_Promoter_DREAM_base_track_11,05_grammar_plus_nonlinear_head,B08_MLPRegressor,0.1350597586387761,,,,PHASE5F_R2_MATRIX_MODELS_BY_TRACK.csv,,,,05_grammar_plus_nonlinear_head
Random_Promoter_DREAM_base_track_12,05_grammar_plus_nonlinear_head,B08_MLPRegressor,0.1256343324473327,,,,PHASE5F_R2_MATRIX_MODELS_BY_TRACK.csv,,,,05_grammar_plus_nonlinear_head
Random_Promoter_DREAM_base_track_13,05_grammar_plus_nonlinear_head,B08_MLPRegressor,0.6296506607109189,,,,PHASE5F_R2_MATRIX_MODELS_BY_TRACK.csv,,,,05_grammar_plus_nonlinear_head
Random_Promoter_DREAM_base_track_14,05_grammar_plus_nonlinear_head,B08_MLPRegressor,0.2104058752801156,,,,PHASE5F_R2_MATRIX_MODELS_BY_TRACK.csv,,,,05_grammar_plus_nonlinear_head
Random_Promoter_DREAM_base_track_15,05_grammar_plus_nonlinear_head,B08_MLPRegressor,0.2202002263946244,,,,PHASE5F_R2_MATRIX_MODELS_BY_TRACK.csv,,,,05_grammar_plus_nonlinear_head
Random_Promoter_DREAM_base_track_16,05_grammar_plus_nonlinear_head,B08_MLPRegressor,0.2327374081617161,,,,PHASE5F_R2_MATRIX_MODELS_BY_TRACK.csv,,,,05_grammar_plus_nonlinear_head
Random_Promoter_DREAM_base_track_17,05_grammar_plus_nonlinear_head,B08_MLPRegressor,0.1350597586387761,,,,PHASE5F_R2_MATRIX_MODELS_BY_TRACK.csv,,,,05_grammar_plus_nonlinear_head
Random_Promoter_DREAM_base_track_18,05_grammar_plus_nonlinear_head,B08_MLPRegressor,0.6296506607109189,,,,PHASE5F_R2_MATRIX_MODELS_BY_TRACK.csv,,,,05_grammar_plus_nonlinear_head
Random_Promoter_DREAM_base_track_19,05_grammar_plus_nonlinear_head,B08_MLPRegressor,0.2104058752801156,,,,PHASE5F_R2_MATRIX_MODELS_BY_TRACK.csv,,,,05_grammar_plus_nonlinear_head
Random_Promoter_DREAM_base_track_2,05_grammar_plus_nonlinear_head,B08_MLPRegressor,0.7382928185815737,,,,PHASE5F_R2_MATRIX_MODELS_BY_TRACK.csv,,,,05_grammar_plus_nonlinear_head
Random_Promoter_DREAM_base_track_20,05_grammar_plus_nonlinear_head,B08_MLPRegressor,0.1350597586387761,,,,PHASE5F_R2_MATRIX_MODELS_BY_TRACK.csv,,,,05_grammar_plus_nonlinear_head
Random_Promoter_DREAM_base_track_3,05_grammar_plus_nonlinear_head,B08_MLPRegressor,0.2247817962211339,,,,PHASE5F_R2_MATRIX_MODELS_BY_TRACK.csv,,,,05_grammar_plus_nonlinear_head
Random_Promoter_DREAM_base_track_4,05_grammar_plus_nonlinear_head,B08_MLPRegressor,0.2429809361649266,,,,PHASE5F_R2_MATRIX_MODELS_BY_TRACK.csv,,,,05_grammar_plus_nonlinear_head
Random_Promoter_DREAM_base_track_5,05_grammar_plus_nonlinear_head,B08_MLPRegressor,0.7382928185815737,,,,PHASE5F_R2_MATRIX_MODELS_BY_TRACK.csv,,,,05_grammar_plus_nonlinear_head
Random_Promoter_DREAM_base_track_6,05_grammar_plus_nonlinear_head,B08_MLPRegressor,0.2377313839942206,,,,PHASE5F_R2_MATRIX_MODELS_BY_TRACK.csv,,,,05_grammar_plus_nonlinear_head
Random_Promoter_DREAM_base_track_7,05_grammar_plus_nonlinear_head,B08_MLPRegressor,0.2425084093861526,,,,PHASE5F_R2_MATRIX_MODELS_BY_TRACK.csv,,,,05_grammar_plus_nonlinear_head
Random_Promoter_DREAM_base_track_8,05_grammar_plus_nonlinear_head,B08_MLPRegressor,0.0715138858203923,,,,PHASE5F_R2_MATRIX_MODELS_BY_TRACK.csv,,,,05_grammar_plus_nonlinear_head
Random_Promoter_DREAM_base_track_9,05_grammar_plus_nonlinear_head,B08_MLPRegressor,0.6296506607109189,,,,PHASE5F_R2_MATRIX_MODELS_BY_TRACK.csv,,,,05_grammar_plus_nonlinear_head
extra_test_inregime_predictions_v0,05_grammar_plus_nonlinear_head,B08_MLPRegressor,-20.99516517834296,,,,PHASE5F_R2_MATRIX_MODELS_BY_TRACK.csv,,,,05_grammar_plus_nonlinear_head
extra_test_maude_shift_predictions_v0,05_grammar_plus_nonlinear_head,B08_MLPRegressor,-12.219270148354482,,,,PHASE5F_R2_MATRIX_MODELS_BY_TRACK.csv,,,,05_grammar_plus_nonlinear_head
extra_val_inregime_predictions_v0,05_grammar_plus_nonlinear_head,B08_MLPRegressor,-20.86428171809024,,,,PHASE5F_R2_MATRIX_MODELS_BY_TRACK.csv,,,,05_grammar_plus_nonlinear_head
GSE221384_context_track,05_grammar_plus_nonlinear_head,B08_MLPRegressor_reproducer,0.6728289570324019,,,,PHASE5H_R2_MATRIX_MODELS_BY_TRACK.csv,,,,05_grammar_plus_nonlinear_head
GSE221384_context_track,07_full_ATLAS_without_uncertainty_proxy_closest_available,N06_ATLAS_T04_ObservableAlignment_MLP,0.7523193706254652,,,,PHASE5H_R2_MATRIX_MODELS_BY_TRACK.csv,,,Closest available nonlinear ATLAS head excluding N07 uncertainty/acquisition proxy; not a perfect engineered leave-one-out ablation.,07_full_ATLAS_without_uncertainty_proxy_closest_available
GSE221384_context_track,08_uncertainty_acquisition_proxy_head,N07_ATLAS_T05_UncertaintyEnsemble_MLP,0.7769827226219332,,,,PHASE5H_R2_MATRIX_MODELS_BY_TRACK.csv,,,,08_uncertainty_acquisition_proxy_head
GSE221384_context_track,07_full_ATLAS_without_uncertainty_proxy_closest_available,N08_ATLAS_T02_SelectionPotential_MLP,0.7510871023674223,,,,PHASE5H_R2_MATRIX_MODELS_BY_TRACK.csv,,,Closest available nonlinear ATLAS head excluding N07 uncertainty/acquisition proxy; not a perfect engineered leave-one-out ablation.,07_full_ATLAS_without_uncertainty_proxy_closest_available
GSE221384_context_track,06_full_ATLAS_Evo,N09_ATLAS_FullTheory_MLP,0.7439710784066178,,,,PHASE5H_R2_MATRIX_MODELS_BY_TRACK.csv,,,,06_full_ATLAS_Evo
PARM_GSE301246_Task_C_stress_test,05_grammar_plus_nonlinear_head,B08_MLPRegressor_reproducer,0.1986440474937391,,,,PHASE5H_R2_MATRIX_MODELS_BY_TRACK.csv,,,,05_grammar_plus_nonlinear_head
PARM_GSE301246_Task_C_stress_test,07_full_ATLAS_without_uncertainty_proxy_closest_available,N06_ATLAS_T04_ObservableAlignment_MLP,0.6618510000736022,,,,PHASE5H_R2_MATRIX_MODELS_BY_TRACK.csv,,,Closest available nonlinear ATLAS head excluding N07 uncertainty/acquisition proxy; not a perfect engineered leave-one-out ablation.,07_full_ATLAS_without_uncertainty_proxy_closest_available
PARM_GSE301246_Task_C_stress_test,08_uncertainty_acquisition_proxy_head,N07_ATLAS_T05_UncertaintyEnsemble_MLP,0.7297058295126515,,,,PHASE5H_R2_MATRIX_MODELS_BY_TRACK.csv,,,,08_uncertainty_acquisition_proxy_head
PARM_GSE301246_Task_C_stress_test,07_full_ATLAS_without_uncertainty_proxy_closest_available,N08_ATLAS_T02_SelectionPotential_MLP,0.6729410819524706,,,,PHASE5H_R2_MATRIX_MODELS_BY_TRACK.csv,,,Closest available nonlinear ATLAS head excluding N07 uncertainty/acquisition proxy; not a perfect engineered leave-one-out ablation.,07_full_ATLAS_without_uncertainty_proxy_closest_available
PARM_GSE301246_Task_C_stress_test,06_full_ATLAS_Evo,N09_ATLAS_FullTheory_MLP,0.6711845953872496,,,,PHASE5H_R2_MATRIX_MODELS_BY_TRACK.csv,,,,06_full_ATLAS_Evo
PARM_GSE301246_held_out_context_track,05_grammar_plus_nonlinear_head,B08_MLPRegressor_reproducer,0.3981608675867198,,,,PHASE5H_R2_MATRIX_MODELS_BY_TRACK.csv,,,,05_grammar_plus_nonlinear_head
PARM_GSE301246_held_out_context_track,07_full_ATLAS_without_uncertainty_proxy_closest_available,N06_ATLAS_T04_ObservableAlignment_MLP,0.5677203864863312,,,,PHASE5H_R2_MATRIX_MODELS_BY_TRACK.csv,,,Closest available nonlinear ATLAS head excluding N07 uncertainty/acquisition proxy; not a perfect engineered leave-one-out ablation.,07_full_ATLAS_without_uncertainty_proxy_closest_available
PARM_GSE301246_held_out_context_track,08_uncertainty_acquisition_proxy_head,N07_ATLAS_T05_UncertaintyEnsemble_MLP,0.5754380841813729,,,,PHASE5H_R2_MATRIX_MODELS_BY_TRACK.csv,,,,08_uncertainty_acquisition_proxy_head
PARM_GSE301246_held_out_context_track,07_full_ATLAS_without_uncertainty_proxy_closest_available,N08_ATLAS_T02_SelectionPotential_MLP,0.5569912520595162,,,,PHASE5H_R2_MATRIX_MODELS_BY_TRACK.csv,,,Closest available nonlinear ATLAS head excluding N07 uncertainty/acquisition proxy; not a perfect engineered leave-one-out ablation.,07_full_ATLAS_without_uncertainty_proxy_closest_available
PARM_GSE301246_held_out_context_track,06_full_ATLAS_Evo,N09_ATLAS_FullTheory_MLP,0.5540913481408789,,,,PHASE5H_R2_MATRIX_MODELS_BY_TRACK.csv,,,,06_full_ATLAS_Evo
PARM_GSE301246_held_out_context_track_2,05_grammar_plus_nonlinear_head,B08_MLPRegressor_reproducer,0.4343670522654046,,,,PHASE5H_R2_MATRIX_MODELS_BY_TRACK.csv,,,,05_grammar_plus_nonlinear_head
PARM_GSE301246_held_out_context_track_2,07_full_ATLAS_without_uncertainty_proxy_closest_available,N06_ATLAS_T04_ObservableAlignment_MLP,0.7824265136338989,,,,PHASE5H_R2_MATRIX_MODELS_BY_TRACK.csv,,,Closest available nonlinear ATLAS head excluding N07 uncertainty/acquisition proxy; not a perfect engineered leave-one-out ablation.,07_full_ATLAS_without_uncertainty_proxy_closest_available
PARM_GSE301246_held_out_context_track_2,08_uncertainty_acquisition_proxy_head,N07_ATLAS_T05_UncertaintyEnsemble_MLP,0.7888966947916791,,,,PHASE5H_R2_MATRIX_MODELS_BY_TRACK.csv,,,,08_uncertainty_acquisition_proxy_head
PARM_GSE301246_held_out_context_track_2,07_full_ATLAS_without_uncertainty_proxy_closest_available,N08_ATLAS_T02_SelectionPotential_MLP,0.80610410856427,,,,PHASE5H_R2_MATRIX_MODELS_BY_TRACK.csv,,,Closest available nonlinear ATLAS head excluding N07 uncertainty/acquisition proxy; not a perfect engineered leave-one-out ablation.,07_full_ATLAS_without_uncertainty_proxy_closest_available
PARM_GSE301246_held_out_context_track_2,06_full_ATLAS_Evo,N09_ATLAS_FullTheory_MLP,0.7510862364005698,,,,PHASE5H_R2_MATRIX_MODELS_BY_TRACK.csv,,,,06_full_ATLAS_Evo
PARM_GSE301246_held_out_context_track_3,05_grammar_plus_nonlinear_head,B08_MLPRegressor_reproducer,-0.0148180313662711,,,,PHASE5H_R2_MATRIX_MODELS_BY_TRACK.csv,,,,05_grammar_plus_nonlinear_head
PARM_GSE301246_held_out_context_track_3,07_full_ATLAS_without_uncertainty_proxy_closest_available,N06_ATLAS_T04_ObservableAlignment_MLP,-0.0148180313662711,,,,PHASE5H_R2_MATRIX_MODELS_BY_TRACK.csv,,,Closest available nonlinear ATLAS head excluding N07 uncertainty/acquisition proxy; not a perfect engineered leave-one-out ablation.,07_full_ATLAS_without_uncertainty_proxy_closest_available
PARM_GSE301246_held_out_context_track_3,08_uncertainty_acquisition_proxy_head,N07_ATLAS_T05_UncertaintyEnsemble_MLP,-0.0710030164801913,,,,PHASE5H_R2_MATRIX_MODELS_BY_TRACK.csv,,,,08_uncertainty_acquisition_proxy_head
PARM_GSE301246_held_out_context_track_3,07_full_ATLAS_without_uncertainty_proxy_closest_available,N08_ATLAS_T02_SelectionPotential_MLP,-0.1054203500152766,,,,PHASE5H_R2_MATRIX_MODELS_BY_TRACK.csv,,,Closest available nonlinear ATLAS head excluding N07 uncertainty/acquisition proxy; not a perfect engineered leave-one-out ablation.,07_full_ATLAS_without_uncertainty_proxy_closest_available
PARM_GSE301246_held_out_context_track_3,06_full_ATLAS_Evo,N09_ATLAS_FullTheory_MLP,-0.1419522959757009,,,,PHASE5H_R2_MATRIX_MODELS_BY_TRACK.csv,,,,06_full_ATLAS_Evo
PARM_GSE301246_held_out_context_track_4,05_grammar_plus_nonlinear_head,B08_MLPRegressor_reproducer,0.0855783117079618,,,,PHASE5H_R2_MATRIX_MODELS_BY_TRACK.csv,,,,05_grammar_plus_nonlinear_head
PARM_GSE301246_held_out_context_track_4,07_full_ATLAS_without_uncertainty_proxy_closest_available,N06_ATLAS_T04_ObservableAlignment_MLP,0.0855783117079618,,,,PHASE5H_R2_MATRIX_MODELS_BY_TRACK.csv,,,Closest available nonlinear ATLAS head excluding N07 uncertainty/acquisition proxy; not a perfect engineered leave-one-out ablation.,07_full_ATLAS_without_uncertainty_proxy_closest_available
PARM_GSE301246_held_out_context_track_4,08_uncertainty_acquisition_proxy_head,N07_ATLAS_T05_UncertaintyEnsemble_MLP,-0.1162122882940874,,,,PHASE5H_R2_MATRIX_MODELS_BY_TRACK.csv,,,,08_uncertainty_acquisition_proxy_head
PARM_GSE301246_held_out_context_track_4,07_full_ATLAS_without_uncertainty_proxy_closest_available,N08_ATLAS_T02_SelectionPotential_MLP,0.0260012918832005,,,,PHASE5H_R2_MATRIX_MODELS_BY_TRACK.csv,,,Closest available nonlinear ATLAS head excluding N07 uncertainty/acquisition proxy; not a perfect engineered leave-one-out ablation.,07_full_ATLAS_without_uncertainty_proxy_closest_available
PARM_GSE301246_held_out_context_track_4,06_full_ATLAS_Evo,N09_ATLAS_FullTheory_MLP,-0.0495432534681377,,,,PHASE5H_R2_MATRIX_MODELS_BY_TRACK.csv,,,,06_full_ATLAS_Evo
PARM_GSE301246_held_out_context_track_5,05_grammar_plus_nonlinear_head,B08_MLPRegressor_reproducer,-0.1642125015964448,,,,PHASE5H_R2_MATRIX_MODELS_BY_TRACK.csv,,,,05_grammar_plus_nonlinear_head
PARM_GSE301246_held_out_context_track_5,07_full_ATLAS_without_uncertainty_proxy_closest_available,N06_ATLAS_T04_ObservableAlignment_MLP,-0.1642125015964448,,,,PHASE5H_R2_MATRIX_MODELS_BY_TRACK.csv,,,Closest available nonlinear ATLAS head excluding N07 uncertainty/acquisition proxy; not a perfect engineered leave-one-out ablation.,07_full_ATLAS_without_uncertainty_proxy_closest_available
PARM_GSE301246_held_out_context_track_5,08_uncertainty_acquisition_proxy_head,N07_ATLAS_T05_UncertaintyEnsemble_MLP,-0.1924068841161115,,,,PHASE5H_R2_MATRIX_MODELS_BY_TRACK.csv,,,,08_uncertainty_acquisition_proxy_head
PARM_GSE301246_held_out_context_track_5,07_full_ATLAS_without_uncertainty_proxy_closest_available,N08_ATLAS_T02_SelectionPotential_MLP,-0.0464390983579823,,,,PHASE5H_R2_MATRIX_MODELS_BY_TRACK.csv,,,Closest available nonlinear ATLAS head excluding N07 uncertainty/acquisition proxy; not a perfect engineered leave-one-out ablation.,07_full_ATLAS_without_uncertainty_proxy_closest_available
PARM_GSE301246_held_out_context_track_5,06_full_ATLAS_Evo,N09_ATLAS_FullTheory_MLP,-0.1111915810019052,,,,PHASE5H_R2_MATRIX_MODELS_BY_TRACK.csv,,,,06_full_ATLAS_Evo
PARM_GSE301246_held_out_context_track_6,05_grammar_plus_nonlinear_head,B08_MLPRegressor_reproducer,0.1637075277424594,,,,PHASE5H_R2_MATRIX_MODELS_BY_TRACK.csv,,,,05_grammar_plus_nonlinear_head
PARM_GSE301246_held_out_context_track_6,07_full_ATLAS_without_uncertainty_proxy_closest_available,N06_ATLAS_T04_ObservableAlignment_MLP,0.1637075277424594,,,,PHASE5H_R2_MATRIX_MODELS_BY_TRACK.csv,,,Closest available nonlinear ATLAS head excluding N07 uncertainty/acquisition proxy; not a perfect engineered leave-one-out ablation.,07_full_ATLAS_without_uncertainty_proxy_closest_available
PARM_GSE301246_held_out_context_track_6,08_uncertainty_acquisition_proxy_head,N07_ATLAS_T05_UncertaintyEnsemble_MLP,-1.78802791950269,,,,PHASE5H_R2_MATRIX_MODELS_BY_TRACK.csv,,,,08_uncertainty_acquisition_proxy_head
PARM_GSE301246_held_out_context_track_6,07_full_ATLAS_without_uncertainty_proxy_closest_available,N08_ATLAS_T02_SelectionPotential_MLP,-0.1008756371736949,,,,PHASE5H_R2_MATRIX_MODELS_BY_TRACK.csv,,,Closest available nonlinear ATLAS head excluding N07 uncertainty/acquisition proxy; not a perfect engineered leave-one-out ablation.,07_full_ATLAS_without_uncertainty_proxy_closest_available
PARM_GSE301246_held_out_context_track_6,06_full_ATLAS_Evo,N09_ATLAS_FullTheory_MLP,-0.1895216046134262,,,,PHASE5H_R2_MATRIX_MODELS_BY_TRACK.csv,,,,06_full_ATLAS_Evo
PARM_GSE301246_held_out_context_track_7,05_grammar_plus_nonlinear_head,B08_MLPRegressor_reproducer,-0.2657646569704175,,,,PHASE5H_R2_MATRIX_MODELS_BY_TRACK.csv,,,,05_grammar_plus_nonlinear_head
PARM_GSE301246_held_out_context_track_7,07_full_ATLAS_without_uncertainty_proxy_closest_available,N06_ATLAS_T04_ObservableAlignment_MLP,-0.2657646569704175,,,,PHASE5H_R2_MATRIX_MODELS_BY_TRACK.csv,,,Closest available nonlinear ATLAS head excluding N07 uncertainty/acquisition proxy; not a perfect engineered leave-one-out ablation.,07_full_ATLAS_without_uncertainty_proxy_closest_available
PARM_GSE301246_held_out_context_track_7,08_uncertainty_acquisition_proxy_head,N07_ATLAS_T05_UncertaintyEnsemble_MLP,0.0028974259462626,,,,PHASE5H_R2_MATRIX_MODELS_BY_TRACK.csv,,,,08_uncertainty_acquisition_proxy_head
PARM_GSE301246_held_out_context_track_7,07_full_ATLAS_without_uncertainty_proxy_closest_available,N08_ATLAS_T02_SelectionPotential_MLP,0.0003821606236596,,,,PHASE5H_R2_MATRIX_MODELS_BY_TRACK.csv,,,Closest available nonlinear ATLAS head excluding N07 uncertainty/acquisition proxy; not a perfect engineered leave-one-out ablation.,07_full_ATLAS_without_uncertainty_proxy_closest_available
PARM_GSE301246_held_out_context_track_7,06_full_ATLAS_Evo,N09_ATLAS_FullTheory_MLP,0.0035186164674023,,,,PHASE5H_R2_MATRIX_MODELS_BY_TRACK.csv,,,,06_full_ATLAS_Evo
PARM_GSE301246_held_out_context_track_TaskB,05_grammar_plus_nonlinear_head,B08_MLPRegressor_reproducer,-0.2455424652635105,,,,PHASE5H_R2_MATRIX_MODELS_BY_TRACK.csv,,,,05_grammar_plus_nonlinear_head
PARM_GSE301246_held_out_context_track_TaskB,07_full_ATLAS_without_uncertainty_proxy_closest_available,N06_ATLAS_T04_ObservableAlignment_MLP,0.1218731467748931,,,,PHASE5H_R2_MATRIX_MODELS_BY_TRACK.csv,,,Closest available nonlinear ATLAS head excluding N07 uncertainty/acquisition proxy; not a perfect engineered leave-one-out ablation.,07_full_ATLAS_without_uncertainty_proxy_closest_available
PARM_GSE301246_held_out_context_track_TaskB,08_uncertainty_acquisition_proxy_head,N07_ATLAS_T05_UncertaintyEnsemble_MLP,-0.1309088579670929,,,,PHASE5H_R2_MATRIX_MODELS_BY_TRACK.csv,,,,08_uncertainty_acquisition_proxy_head
PARM_GSE301246_held_out_context_track_TaskB,07_full_ATLAS_without_uncertainty_proxy_closest_available,N08_ATLAS_T02_SelectionPotential_MLP,-0.0056672528453853,,,,PHASE5H_R2_MATRIX_MODELS_BY_TRACK.csv,,,Closest available nonlinear ATLAS head excluding N07 uncertainty/acquisition proxy; not a perfect engineered leave-one-out ablation.,07_full_ATLAS_without_uncertainty_proxy_closest_available
PARM_GSE301246_held_out_context_track_TaskB,06_full_ATLAS_Evo,N09_ATLAS_FullTheory_MLP,-0.3260108735462759,,,,PHASE5H_R2_MATRIX_MODELS_BY_TRACK.csv,,,,06_full_ATLAS_Evo
Random_Promoter_DREAM_base_track,05_grammar_plus_nonlinear_head,B08_MLPRegressor_reproducer,-0.4241198047657297,,,,PHASE5H_R2_MATRIX_MODELS_BY_TRACK.csv,,,,05_grammar_plus_nonlinear_head
Random_Promoter_DREAM_base_track,07_full_ATLAS_without_uncertainty_proxy_closest_available,N06_ATLAS_T04_ObservableAlignment_MLP,-0.4241198047657297,,,,PHASE5H_R2_MATRIX_MODELS_BY_TRACK.csv,,,Closest available nonlinear ATLAS head excluding N07 uncertainty/acquisition proxy; not a perfect engineered leave-one-out ablation.,07_full_ATLAS_without_uncertainty_proxy_closest_available
Random_Promoter_DREAM_base_track,08_uncertainty_acquisition_proxy_head,N07_ATLAS_T05_UncertaintyEnsemble_MLP,-0.3978951530652328,,,,PHASE5H_R2_MATRIX_MODELS_BY_TRACK.csv,,,,08_uncertainty_acquisition_proxy_head
Random_Promoter_DREAM_base_track,07_full_ATLAS_without_uncertainty_proxy_closest_available,N08_ATLAS_T02_SelectionPotential_MLP,-0.4196386047729219,,,,PHASE5H_R2_MATRIX_MODELS_BY_TRACK.csv,,,Closest available nonlinear ATLAS head excluding N07 uncertainty/acquisition proxy; not a perfect engineered leave-one-out ablation.,07_full_ATLAS_without_uncertainty_proxy_closest_available
Random_Promoter_DREAM_base_track,06_full_ATLAS_Evo,N09_ATLAS_FullTheory_MLP,-0.3964052378033214,,,,PHASE5H_R2_MATRIX_MODELS_BY_TRACK.csv,,,,06_full_ATLAS_Evo
Random_Promoter_DREAM_base_track_10,05_grammar_plus_nonlinear_head,B08_MLPRegressor_reproducer,0.2400040885339505,,,,PHASE5H_R2_MATRIX_MODELS_BY_TRACK.csv,,,,05_grammar_plus_nonlinear_head
Random_Promoter_DREAM_base_track_10,07_full_ATLAS_without_uncertainty_proxy_closest_available,N06_ATLAS_T04_ObservableAlignment_MLP,0.2400040885339505,,,,PHASE5H_R2_MATRIX_MODELS_BY_TRACK.csv,,,Closest available nonlinear ATLAS head excluding N07 uncertainty/acquisition proxy; not a perfect engineered leave-one-out ablation.,07_full_ATLAS_without_uncertainty_proxy_closest_available
Random_Promoter_DREAM_base_track_10,08_uncertainty_acquisition_proxy_head,N07_ATLAS_T05_UncertaintyEnsemble_MLP,0.3182272205852533,,,,PHASE5H_R2_MATRIX_MODELS_BY_TRACK.csv,,,,08_uncertainty_acquisition_proxy_head
Random_Promoter_DREAM_base_track_10,07_full_ATLAS_without_uncertainty_proxy_closest_available,N08_ATLAS_T02_SelectionPotential_MLP,0.3003212380449701,,,,PHASE5H_R2_MATRIX_MODELS_BY_TRACK.csv,,,Closest available nonlinear ATLAS head excluding N07 uncertainty/acquisition proxy; not a perfect engineered leave-one-out ablation.,07_full_ATLAS_without_uncertainty_proxy_closest_available
Random_Promoter_DREAM_base_track_10,06_full_ATLAS_Evo,N09_ATLAS_FullTheory_MLP,0.3098850966006892,,,,PHASE5H_R2_MATRIX_MODELS_BY_TRACK.csv,,,,06_full_ATLAS_Evo
Random_Promoter_DREAM_base_track_11,05_grammar_plus_nonlinear_head,B08_MLPRegressor_reproducer,0.171041502195236,,,,PHASE5H_R2_MATRIX_MODELS_BY_TRACK.csv,,,,05_grammar_plus_nonlinear_head
Random_Promoter_DREAM_base_track_11,07_full_ATLAS_without_uncertainty_proxy_closest_available,N06_ATLAS_T04_ObservableAlignment_MLP,0.171041502195236,,,,PHASE5H_R2_MATRIX_MODELS_BY_TRACK.csv,,,Closest available nonlinear ATLAS head excluding N07 uncertainty/acquisition proxy; not a perfect engineered leave-one-out ablation.,07_full_ATLAS_without_uncertainty_proxy_closest_available
Random_Promoter_DREAM_base_track_11,08_uncertainty_acquisition_proxy_head,N07_ATLAS_T05_UncertaintyEnsemble_MLP,0.2619503220011705,,,,PHASE5H_R2_MATRIX_MODELS_BY_TRACK.csv,,,,08_uncertainty_acquisition_proxy_head
Random_Promoter_DREAM_base_track_11,07_full_ATLAS_without_uncertainty_proxy_closest_available,N08_ATLAS_T02_SelectionPotential_MLP,0.2420257121655652,,,,PHASE5H_R2_MATRIX_MODELS_BY_TRACK.csv,,,Closest available nonlinear ATLAS head excluding N07 uncertainty/acquisition proxy; not a perfect engineered leave-one-out ablation.,07_full_ATLAS_without_uncertainty_proxy_closest_available
Random_Promoter_DREAM_base_track_11,06_full_ATLAS_Evo,N09_ATLAS_FullTheory_MLP,0.2400928289670282,,,,PHASE5H_R2_MATRIX_MODELS_BY_TRACK.csv,,,,06_full_ATLAS_Evo
Random_Promoter_DREAM_base_track_12,05_grammar_plus_nonlinear_head,B08_MLPRegressor_reproducer,0.1824277621634404,,,,PHASE5H_R2_MATRIX_MODELS_BY_TRACK.csv,,,,05_grammar_plus_nonlinear_head
Random_Promoter_DREAM_base_track_12,07_full_ATLAS_without_uncertainty_proxy_closest_available,N06_ATLAS_T04_ObservableAlignment_MLP,0.1824277621634404,,,,PHASE5H_R2_MATRIX_MODELS_BY_TRACK.csv,,,Closest available nonlinear ATLAS head excluding N07 uncertainty/acquisition proxy; not a perfect engineered leave-one-out ablation.,07_full_ATLAS_without_uncertainty_proxy_closest_available
Random_Promoter_DREAM_base_track_12,08_uncertainty_acquisition_proxy_head,N07_ATLAS_T05_UncertaintyEnsemble_MLP,0.2764049115438453,,,,PHASE5H_R2_MATRIX_MODELS_BY_TRACK.csv,,,,08_uncertainty_acquisition_proxy_head
Random_Promoter_DREAM_base_track_12,07_full_ATLAS_without_uncertainty_proxy_closest_available,N08_ATLAS_T02_SelectionPotential_MLP,0.2390708687703102,,,,PHASE5H_R2_MATRIX_MODELS_BY_TRACK.csv,,,Closest available nonlinear ATLAS head excluding N07 uncertainty/acquisition proxy; not a perfect engineered leave-one-out ablation.,07_full_ATLAS_without_uncertainty_proxy_closest_available
Random_Promoter_DREAM_base_track_12,06_full_ATLAS_Evo,N09_ATLAS_FullTheory_MLP,0.2435861600282856,,,,PHASE5H_R2_MATRIX_MODELS_BY_TRACK.csv,,,,06_full_ATLAS_Evo
Random_Promoter_DREAM_base_track_13,05_grammar_plus_nonlinear_head,B08_MLPRegressor_reproducer,0.6015815517898435,,,,PHASE5H_R2_MATRIX_MODELS_BY_TRACK.csv,,,,05_grammar_plus_nonlinear_head
Random_Promoter_DREAM_base_track_13,07_full_ATLAS_without_uncertainty_proxy_closest_available,N06_ATLAS_T04_ObservableAlignment_MLP,0.6015815517898435,,,,PHASE5H_R2_MATRIX_MODELS_BY_TRACK.csv,,,Closest available nonlinear ATLAS head excluding N07 uncertainty/acquisition proxy; not a perfect engineered leave-one-out ablation.,07_full_ATLAS_without_uncertainty_proxy_closest_available
Random_Promoter_DREAM_base_track_13,08_uncertainty_acquisition_proxy_head,N07_ATLAS_T05_UncertaintyEnsemble_MLP,0.4954576655538544,,,,PHASE5H_R2_MATRIX_MODELS_BY_TRACK.csv,,,,08_uncertainty_acquisition_proxy_head
Random_Promoter_DREAM_base_track_13,07_full_ATLAS_without_uncertainty_proxy_closest_available,N08_ATLAS_T02_SelectionPotential_MLP,0.6552004351962624,,,,PHASE5H_R2_MATRIX_MODELS_BY_TRACK.csv,,,Closest available nonlinear ATLAS head excluding N07 uncertainty/acquisition proxy; not a perfect engineered leave-one-out ablation.,07_full_ATLAS_without_uncertainty_proxy_closest_available
Random_Promoter_DREAM_base_track_13,06_full_ATLAS_Evo,N09_ATLAS_FullTheory_MLP,0.2432154676052716,,,,PHASE5H_R2_MATRIX_MODELS_BY_TRACK.csv,,,,06_full_ATLAS_Evo
Random_Promoter_DREAM_base_track_14,05_grammar_plus_nonlinear_head,B08_MLPRegressor_reproducer,0.2250388580796811,,,,PHASE5H_R2_MATRIX_MODELS_BY_TRACK.csv,,,,05_grammar_plus_nonlinear_head
Random_Promoter_DREAM_base_track_14,07_full_ATLAS_without_uncertainty_proxy_closest_available,N06_ATLAS_T04_ObservableAlignment_MLP,0.2250388580796811,,,,PHASE5H_R2_MATRIX_MODELS_BY_TRACK.csv,,,Closest available nonlinear ATLAS head excluding N07 uncertainty/acquisition proxy; not a perfect engineered leave-one-out ablation.,07_full_ATLAS_without_uncertainty_proxy_closest_available
Random_Promoter_DREAM_base_track_14,08_uncertainty_acquisition_proxy_head,N07_ATLAS_T05_UncertaintyEnsemble_MLP,0.3110707847237521,,,,PHASE5H_R2_MATRIX_MODELS_BY_TRACK.csv,,,,08_uncertainty_acquisition_proxy_head
Random_Promoter_DREAM_base_track_14,07_full_ATLAS_without_uncertainty_proxy_closest_available,N08_ATLAS_T02_SelectionPotential_MLP,0.2974498291489819,,,,PHASE5H_R2_MATRIX_MODELS_BY_TRACK.csv,,,Closest available nonlinear ATLAS head excluding N07 uncertainty/acquisition proxy; not a perfect engineered leave-one-out ablation.,07_full_ATLAS_without_uncertainty_proxy_closest_available
Random_Promoter_DREAM_base_track_14,06_full_ATLAS_Evo,N09_ATLAS_FullTheory_MLP,0.2923026626837034,,,,PHASE5H_R2_MATRIX_MODELS_BY_TRACK.csv,,,,06_full_ATLAS_Evo
Random_Promoter_DREAM_base_track_15,05_grammar_plus_nonlinear_head,B08_MLPRegressor_reproducer,0.2439310844578585,,,,PHASE5H_R2_MATRIX_MODELS_BY_TRACK.csv,,,,05_grammar_plus_nonlinear_head
Random_Promoter_DREAM_base_track_15,07_full_ATLAS_without_uncertainty_proxy_closest_available,N06_ATLAS_T04_ObservableAlignment_MLP,0.2439310844578585,,,,PHASE5H_R2_MATRIX_MODELS_BY_TRACK.csv,,,Closest available nonlinear ATLAS head excluding N07 uncertainty/acquisition proxy; not a perfect engineered leave-one-out ablation.,07_full_ATLAS_without_uncertainty_proxy_closest_available
Random_Promoter_DREAM_base_track_15,08_uncertainty_acquisition_proxy_head,N07_ATLAS_T05_UncertaintyEnsemble_MLP,0.3244766714000704,,,,PHASE5H_R2_MATRIX_MODELS_BY_TRACK.csv,,,,08_uncertainty_acquisition_proxy_head
Random_Promoter_DREAM_base_track_15,07_full_ATLAS_without_uncertainty_proxy_closest_available,N08_ATLAS_T02_SelectionPotential_MLP,0.3077474100971614,,,,PHASE5H_R2_MATRIX_MODELS_BY_TRACK.csv,,,Closest available nonlinear ATLAS head excluding N07 uncertainty/acquisition proxy; not a perfect engineered leave-one-out ablation.,07_full_ATLAS_without_uncertainty_proxy_closest_available
Random_Promoter_DREAM_base_track_15,06_full_ATLAS_Evo,N09_ATLAS_FullTheory_MLP,0.3126246234059201,,,,PHASE5H_R2_MATRIX_MODELS_BY_TRACK.csv,,,,06_full_ATLAS_Evo
Random_Promoter_DREAM_base_track_16,05_grammar_plus_nonlinear_head,B08_MLPRegressor_reproducer,0.2412431860225922,,,,PHASE5H_R2_MATRIX_MODELS_BY_TRACK.csv,,,,05_grammar_plus_nonlinear_head
Random_Promoter_DREAM_base_track_16,07_full_ATLAS_without_uncertainty_proxy_closest_available,N06_ATLAS_T04_ObservableAlignment_MLP,0.2412431860225922,,,,PHASE5H_R2_MATRIX_MODELS_BY_TRACK.csv,,,Closest available nonlinear ATLAS head excluding N07 uncertainty/acquisition proxy; not a perfect engineered leave-one-out ablation.,07_full_ATLAS_without_uncertainty_proxy_closest_available
Random_Promoter_DREAM_base_track_16,08_uncertainty_acquisition_proxy_head,N07_ATLAS_T05_UncertaintyEnsemble_MLP,0.3156606468192832,,,,PHASE5H_R2_MATRIX_MODELS_BY_TRACK.csv,,,,08_uncertainty_acquisition_proxy_head
Random_Promoter_DREAM_base_track_16,07_full_ATLAS_without_uncertainty_proxy_closest_available,N08_ATLAS_T02_SelectionPotential_MLP,0.3038068070584135,,,,PHASE5H_R2_MATRIX_MODELS_BY_TRACK.csv,,,Closest available nonlinear ATLAS head excluding N07 uncertainty/acquisition proxy; not a perfect engineered leave-one-out ablation.,07_full_ATLAS_without_uncertainty_proxy_closest_available
Random_Promoter_DREAM_base_track_16,06_full_ATLAS_Evo,N09_ATLAS_FullTheory_MLP,0.3014347090359862,,,,PHASE5H_R2_MATRIX_MODELS_BY_TRACK.csv,,,,06_full_ATLAS_Evo
Random_Promoter_DREAM_base_track_17,05_grammar_plus_nonlinear_head,B08_MLPRegressor_reproducer,0.171041502195236,,,,PHASE5H_R2_MATRIX_MODELS_BY_TRACK.csv,,,,05_grammar_plus_nonlinear_head
Random_Promoter_DREAM_base_track_17,07_full_ATLAS_without_uncertainty_proxy_closest_available,N06_ATLAS_T04_ObservableAlignment_MLP,0.171041502195236,,,,PHASE5H_R2_MATRIX_MODELS_BY_TRACK.csv,,,Closest available nonlinear ATLAS head excluding N07 uncertainty/acquisition proxy; not a perfect engineered leave-one-out ablation.,07_full_ATLAS_without_uncertainty_proxy_closest_available
Random_Promoter_DREAM_base_track_17,08_uncertainty_acquisition_proxy_head,N07_ATLAS_T05_UncertaintyEnsemble_MLP,0.2619503220011705,,,,PHASE5H_R2_MATRIX_MODELS_BY_TRACK.csv,,,,08_uncertainty_acquisition_proxy_head
Random_Promoter_DREAM_base_track_17,07_full_ATLAS_without_uncertainty_proxy_closest_available,N08_ATLAS_T02_SelectionPotential_MLP,0.2420257121655652,,,,PHASE5H_R2_MATRIX_MODELS_BY_TRACK.csv,,,Closest available nonlinear ATLAS head excluding N07 uncertainty/acquisition proxy; not a perfect engineered leave-one-out ablation.,07_full_ATLAS_without_uncertainty_proxy_closest_available
Random_Promoter_DREAM_base_track_17,06_full_ATLAS_Evo,N09_ATLAS_FullTheory_MLP,0.2400928289670282,,,,PHASE5H_R2_MATRIX_MODELS_BY_TRACK.csv,,,,06_full_ATLAS_Evo
Random_Promoter_DREAM_base_track_18,05_grammar_plus_nonlinear_head,B08_MLPRegressor_reproducer,0.6015815517898435,,,,PHASE5H_R2_MATRIX_MODELS_BY_TRACK.csv,,,,05_grammar_plus_nonlinear_head
Random_Promoter_DREAM_base_track_18,07_full_ATLAS_without_uncertainty_proxy_closest_available,N06_ATLAS_T04_ObservableAlignment_MLP,0.6015815517898435,,,,PHASE5H_R2_MATRIX_MODELS_BY_TRACK.csv,,,Closest available nonlinear ATLAS head excluding N07 uncertainty/acquisition proxy; not a perfect engineered leave-one-out ablation.,07_full_ATLAS_without_uncertainty_proxy_closest_available
Random_Promoter_DREAM_base_track_18,08_uncertainty_acquisition_proxy_head,N07_ATLAS_T05_UncertaintyEnsemble_MLP,0.4954576655538544,,,,PHASE5H_R2_MATRIX_MODELS_BY_TRACK.csv,,,,08_uncertainty_acquisition_proxy_head
Random_Promoter_DREAM_base_track_18,07_full_ATLAS_without_uncertainty_proxy_closest_available,N08_ATLAS_T02_SelectionPotential_MLP,0.6552004351962624,,,,PHASE5H_R2_MATRIX_MODELS_BY_TRACK.csv,,,Closest available nonlinear ATLAS head excluding N07 uncertainty/acquisition proxy; not a perfect engineered leave-one-out ablation.,07_full_ATLAS_without_uncertainty_proxy_closest_available
Random_Promoter_DREAM_base_track_18,06_full_ATLAS_Evo,N09_ATLAS_FullTheory_MLP,0.2432154676052716,,,,PHASE5H_R2_MATRIX_MODELS_BY_TRACK.csv,,,,06_full_ATLAS_Evo
Random_Promoter_DREAM_base_track_19,05_grammar_plus_nonlinear_head,B08_MLPRegressor_reproducer,0.2250388580796811,,,,PHASE5H_R2_MATRIX_MODELS_BY_TRACK.csv,,,,05_grammar_plus_nonlinear_head
Random_Promoter_DREAM_base_track_19,07_full_ATLAS_without_uncertainty_proxy_closest_available,N06_ATLAS_T04_ObservableAlignment_MLP,0.2250388580796811,,,,PHASE5H_R2_MATRIX_MODELS_BY_TRACK.csv,,,Closest available nonlinear ATLAS head excluding N07 uncertainty/acquisition proxy; not a perfect engineered leave-one-out ablation.,07_full_ATLAS_without_uncertainty_proxy_closest_available
Random_Promoter_DREAM_base_track_19,08_uncertainty_acquisition_proxy_head,N07_ATLAS_T05_UncertaintyEnsemble_MLP,0.3110707847237521,,,,PHASE5H_R2_MATRIX_MODELS_BY_TRACK.csv,,,,08_uncertainty_acquisition_proxy_head
Random_Promoter_DREAM_base_track_19,07_full_ATLAS_without_uncertainty_proxy_closest_available,N08_ATLAS_T02_SelectionPotential_MLP,0.2974498291489819,,,,PHASE5H_R2_MATRIX_MODELS_BY_TRACK.csv,,,Closest available nonlinear ATLAS head excluding N07 uncertainty/acquisition proxy; not a perfect engineered leave-one-out ablation.,07_full_ATLAS_without_uncertainty_proxy_closest_available
Random_Promoter_DREAM_base_track_19,06_full_ATLAS_Evo,N09_ATLAS_FullTheory_MLP,0.2923026626837034,,,,PHASE5H_R2_MATRIX_MODELS_BY_TRACK.csv,,,,06_full_ATLAS_Evo
Random_Promoter_DREAM_base_track_2,05_grammar_plus_nonlinear_head,B08_MLPRegressor_reproducer,0.7082931000135217,,,,PHASE5H_R2_MATRIX_MODELS_BY_TRACK.csv,,,,05_grammar_plus_nonlinear_head
Random_Promoter_DREAM_base_track_2,07_full_ATLAS_without_uncertainty_proxy_closest_available,N06_ATLAS_T04_ObservableAlignment_MLP,0.7082931000135217,,,,PHASE5H_R2_MATRIX_MODELS_BY_TRACK.csv,,,Closest available nonlinear ATLAS head excluding N07 uncertainty/acquisition proxy; not a perfect engineered leave-one-out ablation.,07_full_ATLAS_without_uncertainty_proxy_closest_available
Random_Promoter_DREAM_base_track_2,08_uncertainty_acquisition_proxy_head,N07_ATLAS_T05_UncertaintyEnsemble_MLP,0.7471380853200451,,,,PHASE5H_R2_MATRIX_MODELS_BY_TRACK.csv,,,,08_uncertainty_acquisition_proxy_head
Random_Promoter_DREAM_base_track_2,07_full_ATLAS_without_uncertainty_proxy_closest_available,N08_ATLAS_T02_SelectionPotential_MLP,0.7367441251790261,,,,PHASE5H_R2_MATRIX_MODELS_BY_TRACK.csv,,,Closest available nonlinear ATLAS head excluding N07 uncertainty/acquisition proxy; not a perfect engineered leave-one-out ablation.,07_full_ATLAS_without_uncertainty_proxy_closest_available
Random_Promoter_DREAM_base_track_2,06_full_ATLAS_Evo,N09_ATLAS_FullTheory_MLP,0.7124313570590657,,,,PHASE5H_R2_MATRIX_MODELS_BY_TRACK.csv,,,,06_full_ATLAS_Evo
Random_Promoter_DREAM_base_track_20,05_grammar_plus_nonlinear_head,B08_MLPRegressor_reproducer,0.171041502195236,,,,PHASE5H_R2_MATRIX_MODELS_BY_TRACK.csv,,,,05_grammar_plus_nonlinear_head
Random_Promoter_DREAM_base_track_20,07_full_ATLAS_without_uncertainty_proxy_closest_available,N06_ATLAS_T04_ObservableAlignment_MLP,0.171041502195236,,,,PHASE5H_R2_MATRIX_MODELS_BY_TRACK.csv,,,Closest available nonlinear ATLAS head excluding N07 uncertainty/acquisition proxy; not a perfect engineered leave-one-out ablation.,07_full_ATLAS_without_uncertainty_proxy_closest_available
Random_Promoter_DREAM_base_track_20,08_uncertainty_acquisition_proxy_head,N07_ATLAS_T05_UncertaintyEnsemble_MLP,0.2619503220011705,,,,PHASE5H_R2_MATRIX_MODELS_BY_TRACK.csv,,,,08_uncertainty_acquisition_proxy_head
Random_Promoter_DREAM_base_track_20,07_full_ATLAS_without_uncertainty_proxy_closest_available,N08_ATLAS_T02_SelectionPotential_MLP,0.2420257121655652,,,,PHASE5H_R2_MATRIX_MODELS_BY_TRACK.csv,,,Closest available nonlinear ATLAS head excluding N07 uncertainty/acquisition proxy; not a perfect engineered leave-one-out ablation.,07_full_ATLAS_without_uncertainty_proxy_closest_available
Random_Promoter_DREAM_base_track_20,06_full_ATLAS_Evo,N09_ATLAS_FullTheory_MLP,0.2400928289670282,,,,PHASE5H_R2_MATRIX_MODELS_BY_TRACK.csv,,,,06_full_ATLAS_Evo
Random_Promoter_DREAM_base_track_3,05_grammar_plus_nonlinear_head,B08_MLPRegressor_reproducer,0.243126553690873,,,,PHASE5H_R2_MATRIX_MODELS_BY_TRACK.csv,,,,05_grammar_plus_nonlinear_head
Random_Promoter_DREAM_base_track_3,07_full_ATLAS_without_uncertainty_proxy_closest_available,N06_ATLAS_T04_ObservableAlignment_MLP,0.243126553690873,,,,PHASE5H_R2_MATRIX_MODELS_BY_TRACK.csv,,,Closest available nonlinear ATLAS head excluding N07 uncertainty/acquisition proxy; not a perfect engineered leave-one-out ablation.,07_full_ATLAS_without_uncertainty_proxy_closest_available
Random_Promoter_DREAM_base_track_3,08_uncertainty_acquisition_proxy_head,N07_ATLAS_T05_UncertaintyEnsemble_MLP,0.3203563730031269,,,,PHASE5H_R2_MATRIX_MODELS_BY_TRACK.csv,,,,08_uncertainty_acquisition_proxy_head
Random_Promoter_DREAM_base_track_3,07_full_ATLAS_without_uncertainty_proxy_closest_available,N08_ATLAS_T02_SelectionPotential_MLP,0.3061055039539571,,,,PHASE5H_R2_MATRIX_MODELS_BY_TRACK.csv,,,Closest available nonlinear ATLAS head excluding N07 uncertainty/acquisition proxy; not a perfect engineered leave-one-out ablation.,07_full_ATLAS_without_uncertainty_proxy_closest_available
Random_Promoter_DREAM_base_track_3,06_full_ATLAS_Evo,N09_ATLAS_FullTheory_MLP,0.3089758255723236,,,,PHASE5H_R2_MATRIX_MODELS_BY_TRACK.csv,,,,06_full_ATLAS_Evo
Random_Promoter_DREAM_base_track_4,05_grammar_plus_nonlinear_head,B08_MLPRegressor_reproducer,0.2487141908188579,,,,PHASE5H_R2_MATRIX_MODELS_BY_TRACK.csv,,,,05_grammar_plus_nonlinear_head
Random_Promoter_DREAM_base_track_4,07_full_ATLAS_without_uncertainty_proxy_closest_available,N06_ATLAS_T04_ObservableAlignment_MLP,0.2487141908188579,,,,PHASE5H_R2_MATRIX_MODELS_BY_TRACK.csv,,,Closest available nonlinear ATLAS head excluding N07 uncertainty/acquisition proxy; not a perfect engineered leave-one-out ablation.,07_full_ATLAS_without_uncertainty_proxy_closest_available
Random_Promoter_DREAM_base_track_4,08_uncertainty_acquisition_proxy_head,N07_ATLAS_T05_UncertaintyEnsemble_MLP,0.3291367493809921,,,,PHASE5H_R2_MATRIX_MODELS_BY_TRACK.csv,,,,08_uncertainty_acquisition_proxy_head
Random_Promoter_DREAM_base_track_4,07_full_ATLAS_without_uncertainty_proxy_closest_available,N08_ATLAS_T02_SelectionPotential_MLP,0.3140006279960724,,,,PHASE5H_R2_MATRIX_MODELS_BY_TRACK.csv,,,Closest available nonlinear ATLAS head excluding N07 uncertainty/acquisition proxy; not a perfect engineered leave-one-out ablation.,07_full_ATLAS_without_uncertainty_proxy_closest_available
Random_Promoter_DREAM_base_track_4,06_full_ATLAS_Evo,N09_ATLAS_FullTheory_MLP,0.3172295496075558,,,,PHASE5H_R2_MATRIX_MODELS_BY_TRACK.csv,,,,06_full_ATLAS_Evo
Random_Promoter_DREAM_base_track_5,05_grammar_plus_nonlinear_head,B08_MLPRegressor_reproducer,0.7082931000135217,,,,PHASE5H_R2_MATRIX_MODELS_BY_TRACK.csv,,,,05_grammar_plus_nonlinear_head
Random_Promoter_DREAM_base_track_5,07_full_ATLAS_without_uncertainty_proxy_closest_available,N06_ATLAS_T04_ObservableAlignment_MLP,0.7082931000135217,,,,PHASE5H_R2_MATRIX_MODELS_BY_TRACK.csv,,,Closest available nonlinear ATLAS head excluding N07 uncertainty/acquisition proxy; not a perfect engineered leave-one-out ablation.,07_full_ATLAS_without_uncertainty_proxy_closest_available
Random_Promoter_DREAM_base_track_5,08_uncertainty_acquisition_proxy_head,N07_ATLAS_T05_UncertaintyEnsemble_MLP,0.7471380853200451,,,,PHASE5H_R2_MATRIX_MODELS_BY_TRACK.csv,,,,08_uncertainty_acquisition_proxy_head
Random_Promoter_DREAM_base_track_5,07_full_ATLAS_without_uncertainty_proxy_closest_available,N08_ATLAS_T02_SelectionPotential_MLP,0.7367441251790261,,,,PHASE5H_R2_MATRIX_MODELS_BY_TRACK.csv,,,Closest available nonlinear ATLAS head excluding N07 uncertainty/acquisition proxy; not a perfect engineered leave-one-out ablation.,07_full_ATLAS_without_uncertainty_proxy_closest_available
Random_Promoter_DREAM_base_track_5,06_full_ATLAS_Evo,N09_ATLAS_FullTheory_MLP,0.7124313570590657,,,,PHASE5H_R2_MATRIX_MODELS_BY_TRACK.csv,,,,06_full_ATLAS_Evo
Random_Promoter_DREAM_base_track_6,05_grammar_plus_nonlinear_head,B08_MLPRegressor_reproducer,0.2437534378830241,,,,PHASE5H_R2_MATRIX_MODELS_BY_TRACK.csv,,,,05_grammar_plus_nonlinear_head
Random_Promoter_DREAM_base_track_6,07_full_ATLAS_without_uncertainty_proxy_closest_available,N06_ATLAS_T04_ObservableAlignment_MLP,0.2437534378830241,,,,PHASE5H_R2_MATRIX_MODELS_BY_TRACK.csv,,,Closest available nonlinear ATLAS head excluding N07 uncertainty/acquisition proxy; not a perfect engineered leave-one-out ablation.,07_full_ATLAS_without_uncertainty_proxy_closest_available
Random_Promoter_DREAM_base_track_6,08_uncertainty_acquisition_proxy_head,N07_ATLAS_T05_UncertaintyEnsemble_MLP,0.3226057758047669,,,,PHASE5H_R2_MATRIX_MODELS_BY_TRACK.csv,,,,08_uncertainty_acquisition_proxy_head
Random_Promoter_DREAM_base_track_6,07_full_ATLAS_without_uncertainty_proxy_closest_available,N08_ATLAS_T02_SelectionPotential_MLP,0.3080510871476478,,,,PHASE5H_R2_MATRIX_MODELS_BY_TRACK.csv,,,Closest available nonlinear ATLAS head excluding N07 uncertainty/acquisition proxy; not a perfect engineered leave-one-out ablation.,07_full_ATLAS_without_uncertainty_proxy_closest_available
Random_Promoter_DREAM_base_track_6,06_full_ATLAS_Evo,N09_ATLAS_FullTheory_MLP,0.3127256762978925,,,,PHASE5H_R2_MATRIX_MODELS_BY_TRACK.csv,,,,06_full_ATLAS_Evo
Random_Promoter_DREAM_base_track_7,05_grammar_plus_nonlinear_head,B08_MLPRegressor_reproducer,0.2440569895807701,,,,PHASE5H_R2_MATRIX_MODELS_BY_TRACK.csv,,,,05_grammar_plus_nonlinear_head
Random_Promoter_DREAM_base_track_7,07_full_ATLAS_without_uncertainty_proxy_closest_available,N06_ATLAS_T04_ObservableAlignment_MLP,0.2440569895807701,,,,PHASE5H_R2_MATRIX_MODELS_BY_TRACK.csv,,,Closest available nonlinear ATLAS head excluding N07 uncertainty/acquisition proxy; not a perfect engineered leave-one-out ablation.,07_full_ATLAS_without_uncertainty_proxy_closest_available
Random_Promoter_DREAM_base_track_7,08_uncertainty_acquisition_proxy_head,N07_ATLAS_T05_UncertaintyEnsemble_MLP,0.3266890983842733,,,,PHASE5H_R2_MATRIX_MODELS_BY_TRACK.csv,,,,08_uncertainty_acquisition_proxy_head
Random_Promoter_DREAM_base_track_7,07_full_ATLAS_without_uncertainty_proxy_closest_available,N08_ATLAS_T02_SelectionPotential_MLP,0.3106455030322088,,,,PHASE5H_R2_MATRIX_MODELS_BY_TRACK.csv,,,Closest available nonlinear ATLAS head excluding N07 uncertainty/acquisition proxy; not a perfect engineered leave-one-out ablation.,07_full_ATLAS_without_uncertainty_proxy_closest_available
Random_Promoter_DREAM_base_track_7,06_full_ATLAS_Evo,N09_ATLAS_FullTheory_MLP,0.3139723929845812,,,,PHASE5H_R2_MATRIX_MODELS_BY_TRACK.csv,,,,06_full_ATLAS_Evo
Random_Promoter_DREAM_base_track_8,05_grammar_plus_nonlinear_head,B08_MLPRegressor_reproducer,0.2047196674863786,,,,PHASE5H_R2_MATRIX_MODELS_BY_TRACK.csv,,,,05_grammar_plus_nonlinear_head
Random_Promoter_DREAM_base_track_8,07_full_ATLAS_without_uncertainty_proxy_closest_available,N06_ATLAS_T04_ObservableAlignment_MLP,0.2047196674863786,,,,PHASE5H_R2_MATRIX_MODELS_BY_TRACK.csv,,,Closest available nonlinear ATLAS head excluding N07 uncertainty/acquisition proxy; not a perfect engineered leave-one-out ablation.,07_full_ATLAS_without_uncertainty_proxy_closest_available
Random_Promoter_DREAM_base_track_8,08_uncertainty_acquisition_proxy_head,N07_ATLAS_T05_UncertaintyEnsemble_MLP,0.2842555974926897,,,,PHASE5H_R2_MATRIX_MODELS_BY_TRACK.csv,,,,08_uncertainty_acquisition_proxy_head
Random_Promoter_DREAM_base_track_8,07_full_ATLAS_without_uncertainty_proxy_closest_available,N08_ATLAS_T02_SelectionPotential_MLP,0.2682007056398829,,,,PHASE5H_R2_MATRIX_MODELS_BY_TRACK.csv,,,Closest available nonlinear ATLAS head excluding N07 uncertainty/acquisition proxy; not a perfect engineered leave-one-out ablation.,07_full_ATLAS_without_uncertainty_proxy_closest_available
Random_Promoter_DREAM_base_track_8,06_full_ATLAS_Evo,N09_ATLAS_FullTheory_MLP,0.2647090128694328,,,,PHASE5H_R2_MATRIX_MODELS_BY_TRACK.csv,,,,06_full_ATLAS_Evo
Random_Promoter_DREAM_base_track_9,05_grammar_plus_nonlinear_head,B08_MLPRegressor_reproducer,0.6015815517898435,,,,PHASE5H_R2_MATRIX_MODELS_BY_TRACK.csv,,,,05_grammar_plus_nonlinear_head
Random_Promoter_DREAM_base_track_9,07_full_ATLAS_without_uncertainty_proxy_closest_available,N06_ATLAS_T04_ObservableAlignment_MLP,0.6015815517898435,,,,PHASE5H_R2_MATRIX_MODELS_BY_TRACK.csv,,,Closest available nonlinear ATLAS head excluding N07 uncertainty/acquisition proxy; not a perfect engineered leave-one-out ablation.,07_full_ATLAS_without_uncertainty_proxy_closest_available
Random_Promoter_DREAM_base_track_9,08_uncertainty_acquisition_proxy_head,N07_ATLAS_T05_UncertaintyEnsemble_MLP,0.4954576655538544,,,,PHASE5H_R2_MATRIX_MODELS_BY_TRACK.csv,,,,08_uncertainty_acquisition_proxy_head
Random_Promoter_DREAM_base_track_9,07_full_ATLAS_without_uncertainty_proxy_closest_available,N08_ATLAS_T02_SelectionPotential_MLP,0.6552004351962624,,,,PHASE5H_R2_MATRIX_MODELS_BY_TRACK.csv,,,Closest available nonlinear ATLAS head excluding N07 uncertainty/acquisition proxy; not a perfect engineered leave-one-out ablation.,07_full_ATLAS_without_uncertainty_proxy_closest_available
Random_Promoter_DREAM_base_track_9,06_full_ATLAS_Evo,N09_ATLAS_FullTheory_MLP,0.2432154676052716,,,,PHASE5H_R2_MATRIX_MODELS_BY_TRACK.csv,,,,06_full_ATLAS_Evo
extra_test_inregime_predictions_v0,05_grammar_plus_nonlinear_head,B08_MLPRegressor_reproducer,-0.0186109358571329,,,,PHASE5H_R2_MATRIX_MODELS_BY_TRACK.csv,,,,05_grammar_plus_nonlinear_head
extra_test_inregime_predictions_v0,07_full_ATLAS_without_uncertainty_proxy_closest_available,N06_ATLAS_T04_ObservableAlignment_MLP,0.9387342879210184,,,,PHASE5H_R2_MATRIX_MODELS_BY_TRACK.csv,,,Closest available nonlinear ATLAS head excluding N07 uncertainty/acquisition proxy; not a perfect engineered leave-one-out ablation.,07_full_ATLAS_without_uncertainty_proxy_closest_available
extra_test_inregime_predictions_v0,08_uncertainty_acquisition_proxy_head,N07_ATLAS_T05_UncertaintyEnsemble_MLP,0.9489611439066932,,,,PHASE5H_R2_MATRIX_MODELS_BY_TRACK.csv,,,,08_uncertainty_acquisition_proxy_head
extra_test_inregime_predictions_v0,07_full_ATLAS_without_uncertainty_proxy_closest_available,N08_ATLAS_T02_SelectionPotential_MLP,0.9439603337107516,,,,PHASE5H_R2_MATRIX_MODELS_BY_TRACK.csv,,,Closest available nonlinear ATLAS head excluding N07 uncertainty/acquisition proxy; not a perfect engineered leave-one-out ablation.,07_full_ATLAS_without_uncertainty_proxy_closest_available
extra_test_inregime_predictions_v0,06_full_ATLAS_Evo,N09_ATLAS_FullTheory_MLP,0.9459960846421864,,,,PHASE5H_R2_MATRIX_MODELS_BY_TRACK.csv,,,,06_full_ATLAS_Evo
extra_test_maude_shift_predictions_v0,05_grammar_plus_nonlinear_head,B08_MLPRegressor_reproducer,-0.001765772404046,,,,PHASE5H_R2_MATRIX_MODELS_BY_TRACK.csv,,,,05_grammar_plus_nonlinear_head
extra_test_maude_shift_predictions_v0,07_full_ATLAS_without_uncertainty_proxy_closest_available,N06_ATLAS_T04_ObservableAlignment_MLP,0.98747501598815,,,,PHASE5H_R2_MATRIX_MODELS_BY_TRACK.csv,,,Closest available nonlinear ATLAS head excluding N07 uncertainty/acquisition proxy; not a perfect engineered leave-one-out ablation.,07_full_ATLAS_without_uncertainty_proxy_closest_available
extra_test_maude_shift_predictions_v0,08_uncertainty_acquisition_proxy_head,N07_ATLAS_T05_UncertaintyEnsemble_MLP,0.991104806664817,,,,PHASE5H_R2_MATRIX_MODELS_BY_TRACK.csv,,,,08_uncertainty_acquisition_proxy_head
extra_test_maude_shift_predictions_v0,07_full_ATLAS_without_uncertainty_proxy_closest_available,N08_ATLAS_T02_SelectionPotential_MLP,0.9897799877975162,,,,PHASE5H_R2_MATRIX_MODELS_BY_TRACK.csv,,,Closest available nonlinear ATLAS head excluding N07 uncertainty/acquisition proxy; not a perfect engineered leave-one-out ablation.,07_full_ATLAS_without_uncertainty_proxy_closest_available
extra_test_maude_shift_predictions_v0,06_full_ATLAS_Evo,N09_ATLAS_FullTheory_MLP,0.9906982599387776,,,,PHASE5H_R2_MATRIX_MODELS_BY_TRACK.csv,,,,06_full_ATLAS_Evo
extra_val_inregime_predictions_v0,05_grammar_plus_nonlinear_head,B08_MLPRegressor_reproducer,-0.0207249892568901,,,,PHASE5H_R2_MATRIX_MODELS_BY_TRACK.csv,,,,05_grammar_plus_nonlinear_head
extra_val_inregime_predictions_v0,07_full_ATLAS_without_uncertainty_proxy_closest_available,N06_ATLAS_T04_ObservableAlignment_MLP,0.937985634323522,,,,PHASE5H_R2_MATRIX_MODELS_BY_TRACK.csv,,,Closest available nonlinear ATLAS head excluding N07 uncertainty/acquisition proxy; not a perfect engineered leave-one-out ablation.,07_full_ATLAS_without_uncertainty_proxy_closest_available
extra_val_inregime_predictions_v0,08_uncertainty_acquisition_proxy_head,N07_ATLAS_T05_UncertaintyEnsemble_MLP,0.9490949128836328,,,,PHASE5H_R2_MATRIX_MODELS_BY_TRACK.csv,,,,08_uncertainty_acquisition_proxy_head
extra_val_inregime_predictions_v0,07_full_ATLAS_without_uncertainty_proxy_closest_available,N08_ATLAS_T02_SelectionPotential_MLP,0.9451390641730464,,,,PHASE5H_R2_MATRIX_MODELS_BY_TRACK.csv,,,Closest available nonlinear ATLAS head excluding N07 uncertainty/acquisition proxy; not a perfect engineered leave-one-out ablation.,07_full_ATLAS_without_uncertainty_proxy_closest_available
extra_val_inregime_predictions_v0,06_full_ATLAS_Evo,N09_ATLAS_FullTheory_MLP,0.94679093335529,,,,PHASE5H_R2_MATRIX_MODELS_BY_TRACK.csv,,,,06_full_ATLAS_Evo
Random_Promoter_DREAM_base_track_2,05_grammar_plus_nonlinear_head,B08_MLPRegressor_reproducer,0.7099476720196034,,,,PHASE5G_ATLAS_MLP_R2_MATRIX.csv,,,,05_grammar_plus_nonlinear_head
Random_Promoter_DREAM_base_track_2,07_full_ATLAS_without_uncertainty_proxy_closest_available,N06_ATLAS_T04_ObservableAlignment_MLP,0.7086167995309861,,,,PHASE5G_ATLAS_MLP_R2_MATRIX.csv,,,Closest available nonlinear ATLAS head excluding N07 uncertainty/acquisition proxy; not a perfect engineered leave-one-out ablation.,07_full_ATLAS_without_uncertainty_proxy_closest_available
Random_Promoter_DREAM_base_track_2,08_uncertainty_acquisition_proxy_head,N07_ATLAS_T05_UncertaintyEnsemble_MLP,0.7309724945680025,,,,PHASE5G_ATLAS_MLP_R2_MATRIX.csv,,,,08_uncertainty_acquisition_proxy_head
Random_Promoter_DREAM_base_track_2,07_full_ATLAS_without_uncertainty_proxy_closest_available,N08_ATLAS_T02_SelectionPotential_MLP,0.7168657441858133,,,,PHASE5G_ATLAS_MLP_R2_MATRIX.csv,,,Closest available nonlinear ATLAS head excluding N07 uncertainty/acquisition proxy; not a perfect engineered leave-one-out ablation.,07_full_ATLAS_without_uncertainty_proxy_closest_available
Random_Promoter_DREAM_base_track_2,06_full_ATLAS_Evo,N09_ATLAS_FullTheory_MLP,0.7503531003032482,,,,PHASE5G_ATLAS_MLP_R2_MATRIX.csv,,,,06_full_ATLAS_Evo
Random_Promoter_DREAM_base_track_5,05_grammar_plus_nonlinear_head,B08_MLPRegressor_reproducer,0.7099476720196034,,,,PHASE5G_ATLAS_MLP_R2_MATRIX.csv,,,,05_grammar_plus_nonlinear_head
Random_Promoter_DREAM_base_track_5,07_full_ATLAS_without_uncertainty_proxy_closest_available,N06_ATLAS_T04_ObservableAlignment_MLP,0.7086167995309861,,,,PHASE5G_ATLAS_MLP_R2_MATRIX.csv,,,Closest available nonlinear ATLAS head excluding N07 uncertainty/acquisition proxy; not a perfect engineered leave-one-out ablation.,07_full_ATLAS_without_uncertainty_proxy_closest_available
Random_Promoter_DREAM_base_track_5,08_uncertainty_acquisition_proxy_head,N07_ATLAS_T05_UncertaintyEnsemble_MLP,0.7309724945680025,,,,PHASE5G_ATLAS_MLP_R2_MATRIX.csv,,,,08_uncertainty_acquisition_proxy_head
Random_Promoter_DREAM_base_track_5,07_full_ATLAS_without_uncertainty_proxy_closest_available,N08_ATLAS_T02_SelectionPotential_MLP,0.7168657441858133,,,,PHASE5G_ATLAS_MLP_R2_MATRIX.csv,,,Closest available nonlinear ATLAS head excluding N07 uncertainty/acquisition proxy; not a perfect engineered leave-one-out ablation.,07_full_ATLAS_without_uncertainty_proxy_closest_available
Random_Promoter_DREAM_base_track_5,06_full_ATLAS_Evo,N09_ATLAS_FullTheory_MLP,0.7503531003032482,,,,PHASE5G_ATLAS_MLP_R2_MATRIX.csv,,,,06_full_ATLAS_Evo
