track_a,track_b,seq_overlap_count,seq_jaccard,seq_overlap_fraction_of_smaller_track,id_overlap_count,id_overlap_fraction_of_smaller_track,target_corr_on_overlapping_sequences,n_overlap_for_target_corr,best_metric_signature_identical,leakage_or_duplication_risk,best_model_a,best_model_b,best_r2_a,best_r2_b
Random_Promoter_DREAM_base_track,PARM_GSE301246_held_out_context_track_TaskB,0,0.0,0.0,0,0.0,,0,False,low,M03_GC_length_multi_char6,T01_mutational_prior_proxy,-0.3421549942831152,0.0138868353099598
Random_Promoter_DREAM_base_track,PARM_GSE301246_Task_C_stress_test,0,0.0,0.0,0,0.0,,0,False,low,M03_GC_length_multi_char6,M06_GC_length_condition_gated_char6,-0.3421549942831152,-0.0388875635281249
Random_Promoter_DREAM_base_track,GSE221384_context_track,0,0.0,0.0,0,0.0,,0,False,low,M03_GC_length_multi_char6,T04_observable_alignment_proxy,-0.3421549942831152,0.2117140378824361
Random_Promoter_DREAM_base_track,Random_Promoter_DREAM_base_track_2,18709,0.1167386312584236,0.4788707159128721,0,0.0,0.9966911283494544,18709,False,possible_related,M03_GC_length_multi_char6,T04_observable_alignment_proxy,-0.3421549942831152,0.6491104448680286
Random_Promoter_DREAM_base_track,Random_Promoter_DREAM_base_track_3,60438,0.26338542529176434,0.43199622598353155,0,0.0,1.0,50000,False,possible_related,M03_GC_length_multi_char6,T04_observable_alignment_proxy,-0.3421549942831152,0.2813359087852787
Random_Promoter_DREAM_base_track,Random_Promoter_DREAM_base_track_4,60756,0.26513984472849306,0.4342692131747484,0,0.0,1.0,50000,False,possible_related,M03_GC_length_multi_char6,T04_observable_alignment_proxy,-0.3421549942831152,0.284423689686203
Random_Promoter_DREAM_base_track,PARM_GSE301246_held_out_context_track,0,0.0,0.0,0,0.0,,0,False,low,M03_GC_length_multi_char6,T05_uncertainty_ensemble_proxy,-0.3421549942831152,0.3955993351255749
Random_Promoter_DREAM_base_track,PARM_GSE301246_held_out_context_track_2,0,0.0,0.0,0,0.0,,0,False,low,M03_GC_length_multi_char6,M03_GC_length_multi_char6,-0.3421549942831152,0.145641794700057
Random_Promoter_DREAM_base_track,PARM_GSE301246_held_out_context_track_3,0,0.0,0.0,0,0.0,,0,False,low,M03_GC_length_multi_char6,M03_GC_length_multi_char6,-0.3421549942831152,0.142208150345333
Random_Promoter_DREAM_base_track,PARM_GSE301246_held_out_context_track_4,0,0.0,0.0,0,0.0,,0,False,low,M03_GC_length_multi_char6,M08_dynamic_condition_weighted_char6,-0.3421549942831152,0.1521294349282176
Random_Promoter_DREAM_base_track,PARM_GSE301246_held_out_context_track_5,0,0.0,0.0,0,0.0,,0,False,low,M03_GC_length_multi_char6,M08_dynamic_condition_weighted_char6,-0.3421549942831152,0.4307546686640491
Random_Promoter_DREAM_base_track,PARM_GSE301246_held_out_context_track_6,0,0.0,0.0,0,0.0,,0,False,low,M03_GC_length_multi_char6,M03_GC_length_multi_char6,-0.3421549942831152,-0.1360090119623944
Random_Promoter_DREAM_base_track,PARM_GSE301246_held_out_context_track_7,0,0.0,0.0,0,0.0,,0,False,low,M03_GC_length_multi_char6,M06_GC_length_condition_gated_char6,-0.3421549942831152,0.0594498016575664
Random_Promoter_DREAM_base_track,Random_Promoter_DREAM_base_track_5,18709,0.1167386312584236,0.4788707159128721,0,0.0,0.9966911283494544,18709,False,possible_related,M03_GC_length_multi_char6,T04_observable_alignment_proxy,-0.3421549942831152,0.6491104448680286
Random_Promoter_DREAM_base_track,Random_Promoter_DREAM_base_track_6,60437,0.2633810673476681,0.4319890782250686,0,0.0,1.0,50000,False,possible_related,M03_GC_length_multi_char6,T04_observable_alignment_proxy,-0.3421549942831152,0.2807902429077594
Random_Promoter_DREAM_base_track,Random_Promoter_DREAM_base_track_7,2664,0.009274506595552833,0.019041628545288198,0,0.0,1.0,2664,False,low,M03_GC_length_multi_char6,T04_observable_alignment_proxy,-0.3421549942831152,0.2876585702977691
Random_Promoter_DREAM_base_track,Random_Promoter_DREAM_base_track_8,194,0.0012147016467347067,0.0097,0,0.0,1.0,194,False,low,M03_GC_length_multi_char6,T02_selection_potential_proxy,-0.3421549942831152,0.2733663743201212
Random_Promoter_DREAM_base_track,Random_Promoter_DREAM_base_track_9,7722,0.052871217982513194,0.5567010309278351,0,0.0,0.9862095529678052,7722,False,high_overlap_related,M03_GC_length_multi_char6,T04_observable_alignment_proxy,-0.3421549942831152,0.6126186643836083
Random_Promoter_DREAM_base_track,Random_Promoter_DREAM_base_track_10,964,0.0040344856449317824,0.00964,0,0.0,0.9999999999999998,964,False,low,M03_GC_length_multi_char6,T04_observable_alignment_proxy,-0.3421549942831152,0.2762271545149858
Random_Promoter_DREAM_base_track,Random_Promoter_DREAM_base_track_11,1806,0.011423294412326531,0.0903,0,0.0,1.0,1806,False,low,M03_GC_length_multi_char6,T02_selection_potential_proxy,-0.3421549942831152,0.2304844127903973
Random_Promoter_DREAM_base_track,Random_Promoter_DREAM_base_track_12,180,0.0011269439783626756,0.009,0,0.0,0.9999999999999998,180,False,low,M03_GC_length_multi_char6,T02_selection_potential_proxy,-0.3421549942831152,0.2445400023666976
Random_Promoter_DREAM_base_track,Random_Promoter_DREAM_base_track_13,7722,0.052871217982513194,0.5567010309278351,0,0.0,0.9862095529678052,7722,False,high_overlap_related,M03_GC_length_multi_char6,T04_observable_alignment_proxy,-0.3421549942831152,0.6126186643836083
Random_Promoter_DREAM_base_track,Random_Promoter_DREAM_base_track_14,978,0.0040933175962431885,0.00978,0,0.0,1.0,978,False,low,M03_GC_length_multi_char6,T04_observable_alignment_proxy,-0.3421549942831152,0.2739614602244904
Random_Promoter_DREAM_base_track,Random_Promoter_DREAM_base_track_15,1847,0.007758646038553791,0.01847,0,0.0,0.9999999999999998,1847,False,low,M03_GC_length_multi_char6,T04_observable_alignment_proxy,-0.3421549942831152,0.2794283772363876
Random_Promoter_DREAM_base_track,Random_Promoter_DREAM_base_track_16,1877,0.006533581634961798,0.01341634263494968,0,0.0,1.0,1877,False,low,M03_GC_length_multi_char6,T04_observable_alignment_proxy,-0.3421549942831152,0.2796569209540137
Random_Promoter_DREAM_base_track,Random_Promoter_DREAM_base_track_17,1806,0.011423294412326531,0.0903,0,0.0,1.0,1806,False,low,M03_GC_length_multi_char6,T02_selection_potential_proxy,-0.3421549942831152,0.2304844127903973
Random_Promoter_DREAM_base_track,Random_Promoter_DREAM_base_track_18,7722,0.052871217982513194,0.5567010309278351,0,0.0,0.9862095529678052,7722,False,high_overlap_related,M03_GC_length_multi_char6,T04_observable_alignment_proxy,-0.3421549942831152,0.6126186643836083
Random_Promoter_DREAM_base_track,Random_Promoter_DREAM_base_track_19,978,0.0040933175962431885,0.00978,0,0.0,1.0,978,False,low,M03_GC_length_multi_char6,T04_observable_alignment_proxy,-0.3421549942831152,0.2739614602244904
Random_Promoter_DREAM_base_track,Random_Promoter_DREAM_base_track_20,1806,0.011423294412326531,0.0903,0,0.0,1.0,1806,False,low,M03_GC_length_multi_char6,T02_selection_potential_proxy,-0.3421549942831152,0.2304844127903973
Random_Promoter_DREAM_base_track,extra_test_inregime_predictions_v0,180,0.0011269439783626756,0.009,0,0.0,0.8972564576187251,180,False,low,M03_GC_length_multi_char6,M09_dynamic_condition_weighted_multi_char6,-0.3421549942831152,-20.82777179096411
Random_Promoter_DREAM_base_track,extra_test_maude_shift_predictions_v0,7722,0.052871217982513194,0.5567010309278351,0,0.0,0.7376103335058604,7722,False,high_overlap_related,M03_GC_length_multi_char6,M09_dynamic_condition_weighted_multi_char6,-0.3421549942831152,-12.164092131389452
Random_Promoter_DREAM_base_track,extra_val_inregime_predictions_v0,1806,0.011423294412326531,0.0903,0,0.0,0.8848283519199911,1806,False,low,M03_GC_length_multi_char6,M09_dynamic_condition_weighted_multi_char6,-0.3421549942831152,-20.89873013064813
PARM_GSE301246_held_out_context_track_TaskB,PARM_GSE301246_Task_C_stress_test,5,0.00029740661432310254,0.015105740181268883,0,0.0,0.7193793544325703,5,False,low,T01_mutational_prior_proxy,M06_GC_length_condition_gated_char6,0.0138868353099598,-0.0388875635281249
PARM_GSE301246_held_out_context_track_TaskB,GSE221384_context_track,0,0.0,0.0,0,0.0,,0,False,low,T01_mutational_prior_proxy,T04_observable_alignment_proxy,0.0138868353099598,0.2117140378824361
PARM_GSE301246_held_out_context_track_TaskB,Random_Promoter_DREAM_base_track_2,0,0.0,0.0,0,0.0,,0,False,low,T01_mutational_prior_proxy,T04_observable_alignment_proxy,0.0138868353099598,0.6491104448680286
PARM_GSE301246_held_out_context_track_TaskB,Random_Promoter_DREAM_base_track_3,0,0.0,0.0,0,0.0,,0,False,low,T01_mutational_prior_proxy,T04_observable_alignment_proxy,0.0138868353099598,0.2813359087852787
PARM_GSE301246_held_out_context_track_TaskB,Random_Promoter_DREAM_base_track_4,0,0.0,0.0,0,0.0,,0,False,low,T01_mutational_prior_proxy,T04_observable_alignment_proxy,0.0138868353099598,0.284423689686203
PARM_GSE301246_held_out_context_track_TaskB,PARM_GSE301246_held_out_context_track,0,0.0,0.0,0,0.0,,0,False,low,T01_mutational_prior_proxy,T05_uncertainty_ensemble_proxy,0.0138868353099598,0.3955993351255749
PARM_GSE301246_held_out_context_track_TaskB,PARM_GSE301246_held_out_context_track_2,0,0.0,0.0,0,0.0,,0,False,low,T01_mutational_prior_proxy,M03_GC_length_multi_char6,0.0138868353099598,0.145641794700057
PARM_GSE301246_held_out_context_track_TaskB,PARM_GSE301246_held_out_context_track_3,0,0.0,0.0,0,0.0,,0,False,low,T01_mutational_prior_proxy,M03_GC_length_multi_char6,0.0138868353099598,0.142208150345333
PARM_GSE301246_held_out_context_track_TaskB,PARM_GSE301246_held_out_context_track_4,0,0.0,0.0,0,0.0,,0,False,low,T01_mutational_prior_proxy,M08_dynamic_condition_weighted_char6,0.0138868353099598,0.1521294349282176
PARM_GSE301246_held_out_context_track_TaskB,PARM_GSE301246_held_out_context_track_5,0,0.0,0.0,0,0.0,,0,False,low,T01_mutational_prior_proxy,M08_dynamic_condition_weighted_char6,0.0138868353099598,0.4307546686640491
PARM_GSE301246_held_out_context_track_TaskB,PARM_GSE301246_held_out_context_track_6,0,0.0,0.0,0,0.0,,0,False,low,T01_mutational_prior_proxy,M03_GC_length_multi_char6,0.0138868353099598,-0.1360090119623944
PARM_GSE301246_held_out_context_track_TaskB,PARM_GSE301246_held_out_context_track_7,0,0.0,0.0,0,0.0,,0,False,low,T01_mutational_prior_proxy,M06_GC_length_condition_gated_char6,0.0138868353099598,0.0594498016575664
PARM_GSE301246_held_out_context_track_TaskB,Random_Promoter_DREAM_base_track_5,0,0.0,0.0,0,0.0,,0,False,low,T01_mutational_prior_proxy,T04_observable_alignment_proxy,0.0138868353099598,0.6491104448680286
PARM_GSE301246_held_out_context_track_TaskB,Random_Promoter_DREAM_base_track_6,0,0.0,0.0,0,0.0,,0,False,low,T01_mutational_prior_proxy,T04_observable_alignment_proxy,0.0138868353099598,0.2807902429077594
PARM_GSE301246_held_out_context_track_TaskB,Random_Promoter_DREAM_base_track_7,0,0.0,0.0,0,0.0,,0,False,low,T01_mutational_prior_proxy,T04_observable_alignment_proxy,0.0138868353099598,0.2876585702977691
PARM_GSE301246_held_out_context_track_TaskB,Random_Promoter_DREAM_base_track_8,0,0.0,0.0,0,0.0,,0,False,low,T01_mutational_prior_proxy,T02_selection_potential_proxy,0.0138868353099598,0.2733663743201212
PARM_GSE301246_held_out_context_track_TaskB,Random_Promoter_DREAM_base_track_9,0,0.0,0.0,0,0.0,,0,False,low,T01_mutational_prior_proxy,T04_observable_alignment_proxy,0.0138868353099598,0.6126186643836083
PARM_GSE301246_held_out_context_track_TaskB,Random_Promoter_DREAM_base_track_10,0,0.0,0.0,0,0.0,,0,False,low,T01_mutational_prior_proxy,T04_observable_alignment_proxy,0.0138868353099598,0.2762271545149858
PARM_GSE301246_held_out_context_track_TaskB,Random_Promoter_DREAM_base_track_11,0,0.0,0.0,0,0.0,,0,False,low,T01_mutational_prior_proxy,T02_selection_potential_proxy,0.0138868353099598,0.2304844127903973
PARM_GSE301246_held_out_context_track_TaskB,Random_Promoter_DREAM_base_track_12,0,0.0,0.0,0,0.0,,0,False,low,T01_mutational_prior_proxy,T02_selection_potential_proxy,0.0138868353099598,0.2445400023666976
PARM_GSE301246_held_out_context_track_TaskB,Random_Promoter_DREAM_base_track_13,0,0.0,0.0,0,0.0,,0,False,low,T01_mutational_prior_proxy,T04_observable_alignment_proxy,0.0138868353099598,0.6126186643836083
PARM_GSE301246_held_out_context_track_TaskB,Random_Promoter_DREAM_base_track_14,0,0.0,0.0,0,0.0,,0,False,low,T01_mutational_prior_proxy,T04_observable_alignment_proxy,0.0138868353099598,0.2739614602244904
PARM_GSE301246_held_out_context_track_TaskB,Random_Promoter_DREAM_base_track_15,0,0.0,0.0,0,0.0,,0,False,low,T01_mutational_prior_proxy,T04_observable_alignment_proxy,0.0138868353099598,0.2794283772363876
PARM_GSE301246_held_out_context_track_TaskB,Random_Promoter_DREAM_base_track_16,0,0.0,0.0,0,0.0,,0,False,low,T01_mutational_prior_proxy,T04_observable_alignment_proxy,0.0138868353099598,0.2796569209540137
PARM_GSE301246_held_out_context_track_TaskB,Random_Promoter_DREAM_base_track_17,0,0.0,0.0,0,0.0,,0,False,low,T01_mutational_prior_proxy,T02_selection_potential_proxy,0.0138868353099598,0.2304844127903973
PARM_GSE301246_held_out_context_track_TaskB,Random_Promoter_DREAM_base_track_18,0,0.0,0.0,0,0.0,,0,False,low,T01_mutational_prior_proxy,T04_observable_alignment_proxy,0.0138868353099598,0.6126186643836083
PARM_GSE301246_held_out_context_track_TaskB,Random_Promoter_DREAM_base_track_19,0,0.0,0.0,0,0.0,,0,False,low,T01_mutational_prior_proxy,T04_observable_alignment_proxy,0.0138868353099598,0.2739614602244904
PARM_GSE301246_held_out_context_track_TaskB,Random_Promoter_DREAM_base_track_20,0,0.0,0.0,0,0.0,,0,False,low,T01_mutational_prior_proxy,T02_selection_potential_proxy,0.0138868353099598,0.2304844127903973
PARM_GSE301246_held_out_context_track_TaskB,extra_test_inregime_predictions_v0,0,0.0,0.0,0,0.0,,0,False,low,T01_mutational_prior_proxy,M09_dynamic_condition_weighted_multi_char6,0.0138868353099598,-20.82777179096411
PARM_GSE301246_held_out_context_track_TaskB,extra_test_maude_shift_predictions_v0,0,0.0,0.0,0,0.0,,0,False,low,T01_mutational_prior_proxy,M09_dynamic_condition_weighted_multi_char6,0.0138868353099598,-12.164092131389452
PARM_GSE301246_held_out_context_track_TaskB,extra_val_inregime_predictions_v0,0,0.0,0.0,0,0.0,,0,False,low,T01_mutational_prior_proxy,M09_dynamic_condition_weighted_multi_char6,0.0138868353099598,-20.89873013064813
PARM_GSE301246_Task_C_stress_test,GSE221384_context_track,0,0.0,0.0,0,0.0,,0,False,low,M06_GC_length_condition_gated_char6,T04_observable_alignment_proxy,-0.0388875635281249,0.2117140378824361
PARM_GSE301246_Task_C_stress_test,Random_Promoter_DREAM_base_track_2,0,0.0,0.0,0,0.0,,0,False,low,M06_GC_length_condition_gated_char6,T04_observable_alignment_proxy,-0.0388875635281249,0.6491104448680286
PARM_GSE301246_Task_C_stress_test,Random_Promoter_DREAM_base_track_3,0,0.0,0.0,0,0.0,,0,False,low,M06_GC_length_condition_gated_char6,T04_observable_alignment_proxy,-0.0388875635281249,0.2813359087852787
PARM_GSE301246_Task_C_stress_test,Random_Promoter_DREAM_base_track_4,0,0.0,0.0,0,0.0,,0,False,low,M06_GC_length_condition_gated_char6,T04_observable_alignment_proxy,-0.0388875635281249,0.284423689686203
PARM_GSE301246_Task_C_stress_test,PARM_GSE301246_held_out_context_track,0,0.0,0.0,0,0.0,,0,False,low,M06_GC_length_condition_gated_char6,T05_uncertainty_ensemble_proxy,-0.0388875635281249,0.3955993351255749
PARM_GSE301246_Task_C_stress_test,PARM_GSE301246_held_out_context_track_2,0,0.0,0.0,0,0.0,,0,False,low,M06_GC_length_condition_gated_char6,M03_GC_length_multi_char6,-0.0388875635281249,0.145641794700057
PARM_GSE301246_Task_C_stress_test,PARM_GSE301246_held_out_context_track_3,0,0.0,0.0,0,0.0,,0,False,low,M06_GC_length_condition_gated_char6,M03_GC_length_multi_char6,-0.0388875635281249,0.142208150345333
PARM_GSE301246_Task_C_stress_test,PARM_GSE301246_held_out_context_track_4,0,0.0,0.0,0,0.0,,0,False,low,M06_GC_length_condition_gated_char6,M08_dynamic_condition_weighted_char6,-0.0388875635281249,0.1521294349282176
PARM_GSE301246_Task_C_stress_test,PARM_GSE301246_held_out_context_track_5,0,0.0,0.0,0,0.0,,0,False,low,M06_GC_length_condition_gated_char6,M08_dynamic_condition_weighted_char6,-0.0388875635281249,0.4307546686640491
PARM_GSE301246_Task_C_stress_test,PARM_GSE301246_held_out_context_track_6,0,0.0,0.0,0,0.0,,0,False,low,M06_GC_length_condition_gated_char6,M03_GC_length_multi_char6,-0.0388875635281249,-0.1360090119623944
PARM_GSE301246_Task_C_stress_test,PARM_GSE301246_held_out_context_track_7,0,0.0,0.0,0,0.0,,0,False,low,M06_GC_length_condition_gated_char6,M06_GC_length_condition_gated_char6,-0.0388875635281249,0.0594498016575664
PARM_GSE301246_Task_C_stress_test,Random_Promoter_DREAM_base_track_5,0,0.0,0.0,0,0.0,,0,False,low,M06_GC_length_condition_gated_char6,T04_observable_alignment_proxy,-0.0388875635281249,0.6491104448680286
PARM_GSE301246_Task_C_stress_test,Random_Promoter_DREAM_base_track_6,0,0.0,0.0,0,0.0,,0,False,low,M06_GC_length_condition_gated_char6,T04_observable_alignment_proxy,-0.0388875635281249,0.2807902429077594
PARM_GSE301246_Task_C_stress_test,Random_Promoter_DREAM_base_track_7,0,0.0,0.0,0,0.0,,0,False,low,M06_GC_length_condition_gated_char6,T04_observable_alignment_proxy,-0.0388875635281249,0.2876585702977691
PARM_GSE301246_Task_C_stress_test,Random_Promoter_DREAM_base_track_8,0,0.0,0.0,0,0.0,,0,False,low,M06_GC_length_condition_gated_char6,T02_selection_potential_proxy,-0.0388875635281249,0.2733663743201212
PARM_GSE301246_Task_C_stress_test,Random_Promoter_DREAM_base_track_9,0,0.0,0.0,0,0.0,,0,False,low,M06_GC_length_condition_gated_char6,T04_observable_alignment_proxy,-0.0388875635281249,0.6126186643836083
PARM_GSE301246_Task_C_stress_test,Random_Promoter_DREAM_base_track_10,0,0.0,0.0,0,0.0,,0,False,low,M06_GC_length_condition_gated_char6,T04_observable_alignment_proxy,-0.0388875635281249,0.2762271545149858
PARM_GSE301246_Task_C_stress_test,Random_Promoter_DREAM_base_track_11,0,0.0,0.0,0,0.0,,0,False,low,M06_GC_length_condition_gated_char6,T02_selection_potential_proxy,-0.0388875635281249,0.2304844127903973
PARM_GSE301246_Task_C_stress_test,Random_Promoter_DREAM_base_track_12,0,0.0,0.0,0,0.0,,0,False,low,M06_GC_length_condition_gated_char6,T02_selection_potential_proxy,-0.0388875635281249,0.2445400023666976
PARM_GSE301246_Task_C_stress_test,Random_Promoter_DREAM_base_track_13,0,0.0,0.0,0,0.0,,0,False,low,M06_GC_length_condition_gated_char6,T04_observable_alignment_proxy,-0.0388875635281249,0.6126186643836083
PARM_GSE301246_Task_C_stress_test,Random_Promoter_DREAM_base_track_14,0,0.0,0.0,0,0.0,,0,False,low,M06_GC_length_condition_gated_char6,T04_observable_alignment_proxy,-0.0388875635281249,0.2739614602244904
PARM_GSE301246_Task_C_stress_test,Random_Promoter_DREAM_base_track_15,0,0.0,0.0,0,0.0,,0,False,low,M06_GC_length_condition_gated_char6,T04_observable_alignment_proxy,-0.0388875635281249,0.2794283772363876
PARM_GSE301246_Task_C_stress_test,Random_Promoter_DREAM_base_track_16,0,0.0,0.0,0,0.0,,0,False,low,M06_GC_length_condition_gated_char6,T04_observable_alignment_proxy,-0.0388875635281249,0.2796569209540137
PARM_GSE301246_Task_C_stress_test,Random_Promoter_DREAM_base_track_17,0,0.0,0.0,0,0.0,,0,False,low,M06_GC_length_condition_gated_char6,T02_selection_potential_proxy,-0.0388875635281249,0.2304844127903973
PARM_GSE301246_Task_C_stress_test,Random_Promoter_DREAM_base_track_18,0,0.0,0.0,0,0.0,,0,False,low,M06_GC_length_condition_gated_char6,T04_observable_alignment_proxy,-0.0388875635281249,0.6126186643836083
PARM_GSE301246_Task_C_stress_test,Random_Promoter_DREAM_base_track_19,0,0.0,0.0,0,0.0,,0,False,low,M06_GC_length_condition_gated_char6,T04_observable_alignment_proxy,-0.0388875635281249,0.2739614602244904
PARM_GSE301246_Task_C_stress_test,Random_Promoter_DREAM_base_track_20,0,0.0,0.0,0,0.0,,0,False,low,M06_GC_length_condition_gated_char6,T02_selection_potential_proxy,-0.0388875635281249,0.2304844127903973
PARM_GSE301246_Task_C_stress_test,extra_test_inregime_predictions_v0,0,0.0,0.0,0,0.0,,0,False,low,M06_GC_length_condition_gated_char6,M09_dynamic_condition_weighted_multi_char6,-0.0388875635281249,-20.82777179096411
PARM_GSE301246_Task_C_stress_test,extra_test_maude_shift_predictions_v0,0,0.0,0.0,0,0.0,,0,False,low,M06_GC_length_condition_gated_char6,M09_dynamic_condition_weighted_multi_char6,-0.0388875635281249,-12.164092131389452
PARM_GSE301246_Task_C_stress_test,extra_val_inregime_predictions_v0,0,0.0,0.0,0,0.0,,0,False,low,M06_GC_length_condition_gated_char6,M09_dynamic_condition_weighted_multi_char6,-0.0388875635281249,-20.89873013064813
GSE221384_context_track,Random_Promoter_DREAM_base_track_2,0,0.0,0.0,0,0.0,,0,False,low,T04_observable_alignment_proxy,T04_observable_alignment_proxy,0.2117140378824361,0.6491104448680286
GSE221384_context_track,Random_Promoter_DREAM_base_track_3,0,0.0,0.0,0,0.0,,0,False,low,T04_observable_alignment_proxy,T04_observable_alignment_proxy,0.2117140378824361,0.2813359087852787
GSE221384_context_track,Random_Promoter_DREAM_base_track_4,0,0.0,0.0,12499,0.08332722218148121,,0,False,low,T04_observable_alignment_proxy,T04_observable_alignment_proxy,0.2117140378824361,0.284423689686203
GSE221384_context_track,PARM_GSE301246_held_out_context_track,162,0.012619770974526759,0.324,6000,1.0,0.7380065012057954,162,False,duplicate_or_near_duplicate,T04_observable_alignment_proxy,T05_uncertainty_ensemble_proxy,0.2117140378824361,0.3955993351255749
GSE221384_context_track,PARM_GSE301246_held_out_context_track_2,12499,1.0,1.0,150000,1.0,0.6681848942106171,12499,False,duplicate_or_near_duplicate,T04_observable_alignment_proxy,M03_GC_length_multi_char6,0.2117140378824361,0.145641794700057
GSE221384_context_track,PARM_GSE301246_held_out_context_track_3,13,0.0010370134014039566,0.26,0,0.0,0.7352351219813884,13,False,possible_related,T04_observable_alignment_proxy,M03_GC_length_multi_char6,0.2117140378824361,0.142208150345333
GSE221384_context_track,PARM_GSE301246_held_out_context_track_4,12,0.000957166786312515,0.24,0,0.0,0.6991338161801064,12,False,possible_related,T04_observable_alignment_proxy,M08_dynamic_condition_weighted_char6,0.2117140378824361,0.1521294349282176
GSE221384_context_track,PARM_GSE301246_held_out_context_track_5,15,0.0011967448539971278,0.3,0,0.0,0.8824777720213658,15,False,possible_related,T04_observable_alignment_proxy,M08_dynamic_condition_weighted_char6,0.2117140378824361,0.4307546686640491
GSE221384_context_track,PARM_GSE301246_held_out_context_track_6,13,0.0010370134014039566,0.26,0,0.0,0.7666136558812492,13,False,possible_related,T04_observable_alignment_proxy,M03_GC_length_multi_char6,0.2117140378824361,-0.1360090119623944
GSE221384_context_track,PARM_GSE301246_held_out_context_track_7,17,0.0013565272901372486,0.34,0,0.0,0.24507133927242547,17,False,possible_related,T04_observable_alignment_proxy,M06_GC_length_condition_gated_char6,0.2117140378824361,0.0594498016575664
GSE221384_context_track,Random_Promoter_DREAM_base_track_5,0,0.0,0.0,12499,0.17578723823186082,,0,False,possible_related,T04_observable_alignment_proxy,T04_observable_alignment_proxy,0.2117140378824361,0.6491104448680286
GSE221384_context_track,Random_Promoter_DREAM_base_track_6,0,0.0,0.0,12499,0.08332722218148121,,0,False,low,T04_observable_alignment_proxy,T04_observable_alignment_proxy,0.2117140378824361,0.2807902429077594
GSE221384_context_track,Random_Promoter_DREAM_base_track_7,0,0.0,0.0,12499,0.08332722218148121,,0,False,low,T04_observable_alignment_proxy,T04_observable_alignment_proxy,0.2117140378824361,0.2876585702977691
GSE221384_context_track,Random_Promoter_DREAM_base_track_8,0,0.0,0.0,12499,0.62495,,0,False,high_overlap_related,T04_observable_alignment_proxy,T02_selection_potential_proxy,0.2117140378824361,0.2733663743201212
GSE221384_context_track,Random_Promoter_DREAM_base_track_9,0,0.0,0.0,12499,0.62495,,0,False,high_overlap_related,T04_observable_alignment_proxy,T04_observable_alignment_proxy,0.2117140378824361,0.6126186643836083
GSE221384_context_track,Random_Promoter_DREAM_base_track_10,0,0.0,0.0,12499,0.12499,,0,False,possible_related,T04_observable_alignment_proxy,T04_observable_alignment_proxy,0.2117140378824361,0.2762271545149858
GSE221384_context_track,Random_Promoter_DREAM_base_track_11,0,0.0,0.0,12499,0.62495,,0,False,high_overlap_related,T04_observable_alignment_proxy,T02_selection_potential_proxy,0.2117140378824361,0.2304844127903973
GSE221384_context_track,Random_Promoter_DREAM_base_track_12,0,0.0,0.0,12499,0.62495,,0,False,high_overlap_related,T04_observable_alignment_proxy,T02_selection_potential_proxy,0.2117140378824361,0.2445400023666976
GSE221384_context_track,Random_Promoter_DREAM_base_track_13,0,0.0,0.0,12499,0.62495,,0,False,high_overlap_related,T04_observable_alignment_proxy,T04_observable_alignment_proxy,0.2117140378824361,0.6126186643836083
GSE221384_context_track,Random_Promoter_DREAM_base_track_14,0,0.0,0.0,12499,0.12499,,0,False,possible_related,T04_observable_alignment_proxy,T04_observable_alignment_proxy,0.2117140378824361,0.2739614602244904
GSE221384_context_track,Random_Promoter_DREAM_base_track_15,0,0.0,0.0,12499,0.12499,,0,False,possible_related,T04_observable_alignment_proxy,T04_observable_alignment_proxy,0.2117140378824361,0.2794283772363876
GSE221384_context_track,Random_Promoter_DREAM_base_track_16,0,0.0,0.0,12499,0.08374090501011672,,0,False,low,T04_observable_alignment_proxy,T04_observable_alignment_proxy,0.2117140378824361,0.2796569209540137
GSE221384_context_track,Random_Promoter_DREAM_base_track_17,0,0.0,0.0,12499,0.62495,,0,False,high_overlap_related,T04_observable_alignment_proxy,T02_selection_potential_proxy,0.2117140378824361,0.2304844127903973
GSE221384_context_track,Random_Promoter_DREAM_base_track_18,0,0.0,0.0,12499,0.62495,,0,False,high_overlap_related,T04_observable_alignment_proxy,T04_observable_alignment_proxy,0.2117140378824361,0.6126186643836083
GSE221384_context_track,Random_Promoter_DREAM_base_track_19,0,0.0,0.0,12499,0.12499,,0,False,possible_related,T04_observable_alignment_proxy,T04_observable_alignment_proxy,0.2117140378824361,0.2739614602244904
GSE221384_context_track,Random_Promoter_DREAM_base_track_20,0,0.0,0.0,12499,0.62495,,0,False,high_overlap_related,T04_observable_alignment_proxy,T02_selection_potential_proxy,0.2117140378824361,0.2304844127903973
GSE221384_context_track,extra_test_inregime_predictions_v0,0,0.0,0.0,37497,0.4687125,,0,False,possible_related,T04_observable_alignment_proxy,M09_dynamic_condition_weighted_multi_char6,0.2117140378824361,-20.82777179096411
GSE221384_context_track,extra_test_maude_shift_predictions_v0,0,0.0,0.0,37497,0.4687125,,0,False,possible_related,T04_observable_alignment_proxy,M09_dynamic_condition_weighted_multi_char6,0.2117140378824361,-12.164092131389452
GSE221384_context_track,extra_val_inregime_predictions_v0,0,0.0,0.0,37497,0.4687125,,0,False,possible_related,T04_observable_alignment_proxy,M09_dynamic_condition_weighted_multi_char6,0.2117140378824361,-20.89873013064813
Random_Promoter_DREAM_base_track_2,Random_Promoter_DREAM_base_track_3,0,0.0,0.0,71103,1.0,,0,False,duplicate_or_near_duplicate,T04_observable_alignment_proxy,T04_observable_alignment_proxy,0.6491104448680286,0.2813359087852787
Random_Promoter_DREAM_base_track_2,Random_Promoter_DREAM_base_track_4,0,0.0,0.0,0,0.0,,0,False,low,T04_observable_alignment_proxy,T04_observable_alignment_proxy,0.6491104448680286,0.284423689686203
Random_Promoter_DREAM_base_track_2,PARM_GSE301246_held_out_context_track,0,0.0,0.0,0,0.0,,0,False,low,T04_observable_alignment_proxy,T05_uncertainty_ensemble_proxy,0.6491104448680286,0.3955993351255749
Random_Promoter_DREAM_base_track_2,PARM_GSE301246_held_out_context_track_2,0,0.0,0.0,0,0.0,,0,False,low,T04_observable_alignment_proxy,M03_GC_length_multi_char6,0.6491104448680286,0.145641794700057
Random_Promoter_DREAM_base_track_2,PARM_GSE301246_held_out_context_track_3,0,0.0,0.0,50,1.0,,0,False,duplicate_or_near_duplicate,T04_observable_alignment_proxy,M03_GC_length_multi_char6,0.6491104448680286,0.142208150345333
Random_Promoter_DREAM_base_track_2,PARM_GSE301246_held_out_context_track_4,0,0.0,0.0,50,1.0,,0,False,duplicate_or_near_duplicate,T04_observable_alignment_proxy,M08_dynamic_condition_weighted_char6,0.6491104448680286,0.1521294349282176
Random_Promoter_DREAM_base_track_2,PARM_GSE301246_held_out_context_track_5,0,0.0,0.0,50,1.0,,0,False,duplicate_or_near_duplicate,T04_observable_alignment_proxy,M08_dynamic_condition_weighted_char6,0.6491104448680286,0.4307546686640491
Random_Promoter_DREAM_base_track_2,PARM_GSE301246_held_out_context_track_6,0,0.0,0.0,50,1.0,,0,False,duplicate_or_near_duplicate,T04_observable_alignment_proxy,M03_GC_length_multi_char6,0.6491104448680286,-0.1360090119623944
Random_Promoter_DREAM_base_track_2,PARM_GSE301246_held_out_context_track_7,0,0.0,0.0,0,0.0,,0,False,low,T04_observable_alignment_proxy,M06_GC_length_condition_gated_char6,0.6491104448680286,0.0594498016575664
Random_Promoter_DREAM_base_track_2,Random_Promoter_DREAM_base_track_5,39069,1.0,1.0,0,0.0,1.0,39069,True,duplicate_or_near_duplicate,T04_observable_alignment_proxy,T04_observable_alignment_proxy,0.6491104448680286,0.6491104448680286
Random_Promoter_DREAM_base_track_2,Random_Promoter_DREAM_base_track_6,0,0.0,0.0,0,0.0,,0,False,low,T04_observable_alignment_proxy,T04_observable_alignment_proxy,0.6491104448680286,0.2807902429077594
Random_Promoter_DREAM_base_track_2,Random_Promoter_DREAM_base_track_7,0,0.0,0.0,0,0.0,,0,False,low,T04_observable_alignment_proxy,T04_observable_alignment_proxy,0.6491104448680286,0.2876585702977691
Random_Promoter_DREAM_base_track_2,Random_Promoter_DREAM_base_track_8,0,0.0,0.0,0,0.0,,0,False,low,T04_observable_alignment_proxy,T02_selection_potential_proxy,0.6491104448680286,0.2733663743201212
Random_Promoter_DREAM_base_track_2,Random_Promoter_DREAM_base_track_9,13871,0.3550385215900074,1.0,0,0.0,0.9945478583664433,13871,False,duplicate_or_near_duplicate,T04_observable_alignment_proxy,T04_observable_alignment_proxy,0.6491104448680286,0.6126186643836083
Random_Promoter_DREAM_base_track_2,Random_Promoter_DREAM_base_track_10,0,0.0,0.0,0,0.0,,0,False,low,T04_observable_alignment_proxy,T04_observable_alignment_proxy,0.6491104448680286,0.2762271545149858
Random_Promoter_DREAM_base_track_2,Random_Promoter_DREAM_base_track_11,0,0.0,0.0,0,0.0,,0,False,low,T04_observable_alignment_proxy,T02_selection_potential_proxy,0.6491104448680286,0.2304844127903973
Random_Promoter_DREAM_base_track_2,Random_Promoter_DREAM_base_track_12,0,0.0,0.0,0,0.0,,0,False,low,T04_observable_alignment_proxy,T02_selection_potential_proxy,0.6491104448680286,0.2445400023666976
Random_Promoter_DREAM_base_track_2,Random_Promoter_DREAM_base_track_13,13871,0.3550385215900074,1.0,0,0.0,0.9945478583664433,13871,False,duplicate_or_near_duplicate,T04_observable_alignment_proxy,T04_observable_alignment_proxy,0.6491104448680286,0.6126186643836083
Random_Promoter_DREAM_base_track_2,Random_Promoter_DREAM_base_track_14,0,0.0,0.0,0,0.0,,0,False,low,T04_observable_alignment_proxy,T04_observable_alignment_proxy,0.6491104448680286,0.2739614602244904
Random_Promoter_DREAM_base_track_2,Random_Promoter_DREAM_base_track_15,0,0.0,0.0,0,0.0,,0,False,low,T04_observable_alignment_proxy,T04_observable_alignment_proxy,0.6491104448680286,0.2794283772363876
Random_Promoter_DREAM_base_track_2,Random_Promoter_DREAM_base_track_16,0,0.0,0.0,0,0.0,,0,False,low,T04_observable_alignment_proxy,T04_observable_alignment_proxy,0.6491104448680286,0.2796569209540137
Random_Promoter_DREAM_base_track_2,Random_Promoter_DREAM_base_track_17,0,0.0,0.0,0,0.0,,0,False,low,T04_observable_alignment_proxy,T02_selection_potential_proxy,0.6491104448680286,0.2304844127903973
Random_Promoter_DREAM_base_track_2,Random_Promoter_DREAM_base_track_18,13871,0.3550385215900074,1.0,0,0.0,0.9945478583664433,13871,False,duplicate_or_near_duplicate,T04_observable_alignment_proxy,T04_observable_alignment_proxy,0.6491104448680286,0.6126186643836083
Random_Promoter_DREAM_base_track_2,Random_Promoter_DREAM_base_track_19,0,0.0,0.0,0,0.0,,0,False,low,T04_observable_alignment_proxy,T04_observable_alignment_proxy,0.6491104448680286,0.2739614602244904
Random_Promoter_DREAM_base_track_2,Random_Promoter_DREAM_base_track_20,0,0.0,0.0,0,0.0,,0,False,low,T04_observable_alignment_proxy,T02_selection_potential_proxy,0.6491104448680286,0.2304844127903973
Random_Promoter_DREAM_base_track_2,extra_test_inregime_predictions_v0,0,0.0,0.0,20000,0.2812820837376763,,0,False,possible_related,T04_observable_alignment_proxy,M09_dynamic_condition_weighted_multi_char6,0.6491104448680286,-20.82777179096411
Random_Promoter_DREAM_base_track_2,extra_test_maude_shift_predictions_v0,13871,0.3550385215900074,1.0,20000,0.2812820837376763,0.7261742145576868,13871,False,duplicate_or_near_duplicate,T04_observable_alignment_proxy,M09_dynamic_condition_weighted_multi_char6,0.6491104448680286,-12.164092131389452
Random_Promoter_DREAM_base_track_2,extra_val_inregime_predictions_v0,0,0.0,0.0,20000,0.2812820837376763,,0,False,possible_related,T04_observable_alignment_proxy,M09_dynamic_condition_weighted_multi_char6,0.6491104448680286,-20.89873013064813
Random_Promoter_DREAM_base_track_3,Random_Promoter_DREAM_base_track_4,0,0.0,0.0,0,0.0,,0,False,low,T04_observable_alignment_proxy,T04_observable_alignment_proxy,0.2813359087852787,0.284423689686203
Random_Promoter_DREAM_base_track_3,PARM_GSE301246_held_out_context_track,0,0.0,0.0,0,0.0,,0,False,low,T04_observable_alignment_proxy,T05_uncertainty_ensemble_proxy,0.2813359087852787,0.3955993351255749
Random_Promoter_DREAM_base_track_3,PARM_GSE301246_held_out_context_track_2,0,0.0,0.0,0,0.0,,0,False,low,T04_observable_alignment_proxy,M03_GC_length_multi_char6,0.2813359087852787,0.145641794700057
Random_Promoter_DREAM_base_track_3,PARM_GSE301246_held_out_context_track_3,0,0.0,0.0,50,1.0,,0,False,duplicate_or_near_duplicate,T04_observable_alignment_proxy,M03_GC_length_multi_char6,0.2813359087852787,0.142208150345333
Random_Promoter_DREAM_base_track_3,PARM_GSE301246_held_out_context_track_4,0,0.0,0.0,50,1.0,,0,False,duplicate_or_near_duplicate,T04_observable_alignment_proxy,M08_dynamic_condition_weighted_char6,0.2813359087852787,0.1521294349282176
Random_Promoter_DREAM_base_track_3,PARM_GSE301246_held_out_context_track_5,0,0.0,0.0,50,1.0,,0,False,duplicate_or_near_duplicate,T04_observable_alignment_proxy,M08_dynamic_condition_weighted_char6,0.2813359087852787,0.4307546686640491
Random_Promoter_DREAM_base_track_3,PARM_GSE301246_held_out_context_track_6,0,0.0,0.0,50,1.0,,0,False,duplicate_or_near_duplicate,T04_observable_alignment_proxy,M03_GC_length_multi_char6,0.2813359087852787,-0.1360090119623944
Random_Promoter_DREAM_base_track_3,PARM_GSE301246_held_out_context_track_7,0,0.0,0.0,0,0.0,,0,False,low,T04_observable_alignment_proxy,M06_GC_length_condition_gated_char6,0.2813359087852787,0.0594498016575664
Random_Promoter_DREAM_base_track_3,Random_Promoter_DREAM_base_track_5,0,0.0,0.0,0,0.0,,0,False,low,T04_observable_alignment_proxy,T04_observable_alignment_proxy,0.2813359087852787,0.6491104448680286
Random_Promoter_DREAM_base_track_3,Random_Promoter_DREAM_base_track_6,149999,0.9999933333333333,1.0,0,0.0,0.9999999999999998,50000,False,duplicate_or_near_duplicate,T04_observable_alignment_proxy,T04_observable_alignment_proxy,0.2813359087852787,0.2807902429077594
Random_Promoter_DREAM_base_track_3,Random_Promoter_DREAM_base_track_7,3473,0.011712295043267706,0.023153487689917932,0,0.0,1.0,3473,False,low,T04_observable_alignment_proxy,T04_observable_alignment_proxy,0.2813359087852787,0.2876585702977691
Random_Promoter_DREAM_base_track_3,Random_Promoter_DREAM_base_track_8,497,0.0029321014967286715,0.02485,0,0.0,0.9999999999999998,497,False,low,T04_observable_alignment_proxy,T02_selection_potential_proxy,0.2813359087852787,0.2733663743201212
Random_Promoter_DREAM_base_track_3,Random_Promoter_DREAM_base_track_9,0,0.0,0.0,0,0.0,,0,False,low,T04_observable_alignment_proxy,T04_observable_alignment_proxy,0.2813359087852787,0.6126186643836083
Random_Promoter_DREAM_base_track_3,Random_Promoter_DREAM_base_track_10,2477,0.010007150850628022,0.02477,0,0.0,0.9999999999999998,2477,False,low,T04_observable_alignment_proxy,T04_observable_alignment_proxy,0.2813359087852787,0.2762271545149858
Random_Promoter_DREAM_base_track_3,Random_Promoter_DREAM_base_track_11,0,0.0,0.0,0,0.0,,0,False,low,T04_observable_alignment_proxy,T02_selection_potential_proxy,0.2813359087852787,0.2304844127903973
Random_Promoter_DREAM_base_track_3,Random_Promoter_DREAM_base_track_12,497,0.0029321014967286715,0.02485,0,0.0,1.0,497,False,low,T04_observable_alignment_proxy,T02_selection_potential_proxy,0.2813359087852787,0.2445400023666976
Random_Promoter_DREAM_base_track_3,Random_Promoter_DREAM_base_track_13,0,0.0,0.0,0,0.0,,0,False,low,T04_observable_alignment_proxy,T04_observable_alignment_proxy,0.2813359087852787,0.6126186643836083
Random_Promoter_DREAM_base_track_3,Random_Promoter_DREAM_base_track_14,2477,0.010007150850628022,0.02477,0,0.0,1.0,2477,False,low,T04_observable_alignment_proxy,T04_observable_alignment_proxy,0.2813359087852787,0.2739614602244904
Random_Promoter_DREAM_base_track_3,Random_Promoter_DREAM_base_track_15,2220,0.008959560900799095,0.0222,0,0.0,1.0,2220,False,low,T04_observable_alignment_proxy,T04_observable_alignment_proxy,0.2813359087852787,0.2794283772363876
Random_Promoter_DREAM_base_track_3,Random_Promoter_DREAM_base_track_16,3559,0.012035887845410367,0.023844618043923942,0,0.0,0.9999999999999998,3559,False,low,T04_observable_alignment_proxy,T04_observable_alignment_proxy,0.2813359087852787,0.2796569209540137
Random_Promoter_DREAM_base_track_3,Random_Promoter_DREAM_base_track_17,0,0.0,0.0,0,0.0,,0,False,low,T04_observable_alignment_proxy,T02_selection_potential_proxy,0.2813359087852787,0.2304844127903973
Random_Promoter_DREAM_base_track_3,Random_Promoter_DREAM_base_track_18,0,0.0,0.0,0,0.0,,0,False,low,T04_observable_alignment_proxy,T04_observable_alignment_proxy,0.2813359087852787,0.6126186643836083
Random_Promoter_DREAM_base_track_3,Random_Promoter_DREAM_base_track_19,2477,0.010007150850628022,0.02477,0,0.0,1.0,2477,False,low,T04_observable_alignment_proxy,T04_observable_alignment_proxy,0.2813359087852787,0.2739614602244904
Random_Promoter_DREAM_base_track_3,Random_Promoter_DREAM_base_track_20,0,0.0,0.0,0,0.0,,0,False,low,T04_observable_alignment_proxy,T02_selection_potential_proxy,0.2813359087852787,0.2304844127903973
Random_Promoter_DREAM_base_track_3,extra_test_inregime_predictions_v0,497,0.0029321014967286715,0.02485,20000,0.25,0.8793354884530117,497,False,possible_related,T04_observable_alignment_proxy,M09_dynamic_condition_weighted_multi_char6,0.2813359087852787,-20.82777179096411
Random_Promoter_DREAM_base_track_3,extra_test_maude_shift_predictions_v0,0,0.0,0.0,20000,0.25,,0,False,possible_related,T04_observable_alignment_proxy,M09_dynamic_condition_weighted_multi_char6,0.2813359087852787,-12.164092131389452
Random_Promoter_DREAM_base_track_3,extra_val_inregime_predictions_v0,0,0.0,0.0,20000,0.25,,0,False,possible_related,T04_observable_alignment_proxy,M09_dynamic_condition_weighted_multi_char6,0.2813359087852787,-20.89873013064813
Random_Promoter_DREAM_base_track_4,PARM_GSE301246_held_out_context_track,0,0.0,0.0,500,0.08333333333333333,,0,False,low,T04_observable_alignment_proxy,T05_uncertainty_ensemble_proxy,0.284423689686203,0.3955993351255749
Random_Promoter_DREAM_base_track_4,PARM_GSE301246_held_out_context_track_2,0,0.0,0.0,12499,0.08332722218148121,,0,False,low,T04_observable_alignment_proxy,M03_GC_length_multi_char6,0.284423689686203,0.145641794700057
Random_Promoter_DREAM_base_track_4,PARM_GSE301246_held_out_context_track_3,0,0.0,0.0,0,0.0,,0,False,low,T04_observable_alignment_proxy,M03_GC_length_multi_char6,0.284423689686203,0.142208150345333
Random_Promoter_DREAM_base_track_4,PARM_GSE301246_held_out_context_track_4,0,0.0,0.0,0,0.0,,0,False,low,T04_observable_alignment_proxy,M08_dynamic_condition_weighted_char6,0.284423689686203,0.1521294349282176
Random_Promoter_DREAM_base_track_4,PARM_GSE301246_held_out_context_track_5,0,0.0,0.0,0,0.0,,0,False,low,T04_observable_alignment_proxy,M08_dynamic_condition_weighted_char6,0.284423689686203,0.4307546686640491
Random_Promoter_DREAM_base_track_4,PARM_GSE301246_held_out_context_track_6,0,0.0,0.0,0,0.0,,0,False,low,T04_observable_alignment_proxy,M03_GC_length_multi_char6,0.284423689686203,-0.1360090119623944
Random_Promoter_DREAM_base_track_4,PARM_GSE301246_held_out_context_track_7,0,0.0,0.0,0,0.0,,0,False,low,T04_observable_alignment_proxy,M06_GC_length_condition_gated_char6,0.284423689686203,0.0594498016575664
Random_Promoter_DREAM_base_track_4,Random_Promoter_DREAM_base_track_5,0,0.0,0.0,71103,1.0,,0,False,duplicate_or_near_duplicate,T04_observable_alignment_proxy,T04_observable_alignment_proxy,0.284423689686203,0.6491104448680286
Random_Promoter_DREAM_base_track_4,Random_Promoter_DREAM_base_track_6,0,0.0,0.0,149999,1.0,,0,False,duplicate_or_near_duplicate,T04_observable_alignment_proxy,T04_observable_alignment_proxy,0.284423689686203,0.2807902429077594
Random_Promoter_DREAM_base_track_4,Random_Promoter_DREAM_base_track_7,3376,0.011381488898328513,0.022506816712111414,149999,1.0,1.0,3376,False,duplicate_or_near_duplicate,T04_observable_alignment_proxy,T04_observable_alignment_proxy,0.284423689686203,0.2876585702977691
Random_Promoter_DREAM_base_track_4,Random_Promoter_DREAM_base_track_8,0,0.0,0.0,20000,1.0,,0,False,duplicate_or_near_duplicate,T04_observable_alignment_proxy,T02_selection_potential_proxy,0.284423689686203,0.2733663743201212
Random_Promoter_DREAM_base_track_4,Random_Promoter_DREAM_base_track_9,0,0.0,0.0,20000,1.0,,0,False,duplicate_or_near_duplicate,T04_observable_alignment_proxy,T04_observable_alignment_proxy,0.284423689686203,0.6126186643836083
Random_Promoter_DREAM_base_track_4,Random_Promoter_DREAM_base_track_10,0,0.0,0.0,100000,1.0,,0,False,duplicate_or_near_duplicate,T04_observable_alignment_proxy,T04_observable_alignment_proxy,0.284423689686203,0.2762271545149858
Random_Promoter_DREAM_base_track_4,Random_Promoter_DREAM_base_track_11,4446,0.02685544810423248,0.2223,20000,1.0,1.0,4446,False,duplicate_or_near_duplicate,T04_observable_alignment_proxy,T02_selection_potential_proxy,0.284423689686203,0.2304844127903973
Random_Promoter_DREAM_base_track_4,Random_Promoter_DREAM_base_track_12,0,0.0,0.0,20000,1.0,,0,False,duplicate_or_near_duplicate,T04_observable_alignment_proxy,T02_selection_potential_proxy,0.284423689686203,0.2445400023666976
Random_Promoter_DREAM_base_track_4,Random_Promoter_DREAM_base_track_13,0,0.0,0.0,20000,1.0,,0,False,duplicate_or_near_duplicate,T04_observable_alignment_proxy,T04_observable_alignment_proxy,0.284423689686203,0.6126186643836083
Random_Promoter_DREAM_base_track_4,Random_Promoter_DREAM_base_track_14,0,0.0,0.0,100000,1.0,,0,False,duplicate_or_near_duplicate,T04_observable_alignment_proxy,T04_observable_alignment_proxy,0.284423689686203,0.2739614602244904
Random_Promoter_DREAM_base_track_4,Random_Promoter_DREAM_base_track_15,2210,0.008918878562002349,0.0221,100000,1.0,1.0,2210,False,duplicate_or_near_duplicate,T04_observable_alignment_proxy,T04_observable_alignment_proxy,0.284423689686203,0.2794283772363876
Random_Promoter_DREAM_base_track_4,Random_Promoter_DREAM_base_track_16,1105,0.003706163299256755,0.0074032882659555935,149258,1.0,0.9999999999999998,1105,False,duplicate_or_near_duplicate,T04_observable_alignment_proxy,T04_observable_alignment_proxy,0.284423689686203,0.2796569209540137
Random_Promoter_DREAM_base_track_4,Random_Promoter_DREAM_base_track_17,4446,0.02685544810423248,0.2223,20000,1.0,1.0,4446,False,duplicate_or_near_duplicate,T04_observable_alignment_proxy,T02_selection_potential_proxy,0.284423689686203,0.2304844127903973
Random_Promoter_DREAM_base_track_4,Random_Promoter_DREAM_base_track_18,0,0.0,0.0,20000,1.0,,0,False,duplicate_or_near_duplicate,T04_observable_alignment_proxy,T04_observable_alignment_proxy,0.284423689686203,0.6126186643836083
Random_Promoter_DREAM_base_track_4,Random_Promoter_DREAM_base_track_19,0,0.0,0.0,100000,1.0,,0,False,duplicate_or_near_duplicate,T04_observable_alignment_proxy,T04_observable_alignment_proxy,0.284423689686203,0.2739614602244904
Random_Promoter_DREAM_base_track_4,Random_Promoter_DREAM_base_track_20,4446,0.02685544810423248,0.2223,20000,1.0,1.0,4446,False,duplicate_or_near_duplicate,T04_observable_alignment_proxy,T02_selection_potential_proxy,0.284423689686203,0.2304844127903973
Random_Promoter_DREAM_base_track_4,extra_test_inregime_predictions_v0,0,0.0,0.0,20000,0.25,,0,False,possible_related,T04_observable_alignment_proxy,M09_dynamic_condition_weighted_multi_char6,0.284423689686203,-20.82777179096411
Random_Promoter_DREAM_base_track_4,extra_test_maude_shift_predictions_v0,0,0.0,0.0,20000,0.25,,0,False,possible_related,T04_observable_alignment_proxy,M09_dynamic_condition_weighted_multi_char6,0.284423689686203,-12.164092131389452
Random_Promoter_DREAM_base_track_4,extra_val_inregime_predictions_v0,4446,0.02685544810423248,0.2223,20000,0.25,0.8815780919462168,4446,False,possible_related,T04_observable_alignment_proxy,M09_dynamic_condition_weighted_multi_char6,0.284423689686203,-20.89873013064813
PARM_GSE301246_held_out_context_track,PARM_GSE301246_held_out_context_track_2,162,0.012619770974526759,0.324,6000,1.0,1.0,162,False,duplicate_or_near_duplicate,T05_uncertainty_ensemble_proxy,M03_GC_length_multi_char6,0.3955993351255749,0.145641794700057
PARM_GSE301246_held_out_context_track,PARM_GSE301246_held_out_context_track_3,2,0.0036496350364963502,0.04,0,0.0,,2,False,low,T05_uncertainty_ensemble_proxy,M03_GC_length_multi_char6,0.3955993351255749,0.142208150345333
PARM_GSE301246_held_out_context_track,PARM_GSE301246_held_out_context_track_4,0,0.0,0.0,0,0.0,,0,False,low,T05_uncertainty_ensemble_proxy,M08_dynamic_condition_weighted_char6,0.3955993351255749,0.1521294349282176
PARM_GSE301246_held_out_context_track,PARM_GSE301246_held_out_context_track_5,0,0.0,0.0,0,0.0,,0,False,low,T05_uncertainty_ensemble_proxy,M08_dynamic_condition_weighted_char6,0.3955993351255749,0.4307546686640491
PARM_GSE301246_held_out_context_track,PARM_GSE301246_held_out_context_track_6,2,0.0036496350364963502,0.04,0,0.0,,2,False,low,T05_uncertainty_ensemble_proxy,M03_GC_length_multi_char6,0.3955993351255749,-0.1360090119623944
PARM_GSE301246_held_out_context_track,PARM_GSE301246_held_out_context_track_7,0,0.0,0.0,0,0.0,,0,False,low,T05_uncertainty_ensemble_proxy,M06_GC_length_condition_gated_char6,0.3955993351255749,0.0594498016575664
PARM_GSE301246_held_out_context_track,Random_Promoter_DREAM_base_track_5,0,0.0,0.0,500,0.08333333333333333,,0,False,low,T05_uncertainty_ensemble_proxy,T04_observable_alignment_proxy,0.3955993351255749,0.6491104448680286
PARM_GSE301246_held_out_context_track,Random_Promoter_DREAM_base_track_6,0,0.0,0.0,500,0.08333333333333333,,0,False,low,T05_uncertainty_ensemble_proxy,T04_observable_alignment_proxy,0.3955993351255749,0.2807902429077594
PARM_GSE301246_held_out_context_track,Random_Promoter_DREAM_base_track_7,0,0.0,0.0,500,0.08333333333333333,,0,False,low,T05_uncertainty_ensemble_proxy,T04_observable_alignment_proxy,0.3955993351255749,0.2876585702977691
PARM_GSE301246_held_out_context_track,Random_Promoter_DREAM_base_track_8,0,0.0,0.0,500,0.08333333333333333,,0,False,low,T05_uncertainty_ensemble_proxy,T02_selection_potential_proxy,0.3955993351255749,0.2733663743201212
PARM_GSE301246_held_out_context_track,Random_Promoter_DREAM_base_track_9,0,0.0,0.0,500,0.08333333333333333,,0,False,low,T05_uncertainty_ensemble_proxy,T04_observable_alignment_proxy,0.3955993351255749,0.6126186643836083
PARM_GSE301246_held_out_context_track,Random_Promoter_DREAM_base_track_10,0,0.0,0.0,500,0.08333333333333333,,0,False,low,T05_uncertainty_ensemble_proxy,T04_observable_alignment_proxy,0.3955993351255749,0.2762271545149858
PARM_GSE301246_held_out_context_track,Random_Promoter_DREAM_base_track_11,0,0.0,0.0,500,0.08333333333333333,,0,False,low,T05_uncertainty_ensemble_proxy,T02_selection_potential_proxy,0.3955993351255749,0.2304844127903973
PARM_GSE301246_held_out_context_track,Random_Promoter_DREAM_base_track_12,0,0.0,0.0,500,0.08333333333333333,,0,False,low,T05_uncertainty_ensemble_proxy,T02_selection_potential_proxy,0.3955993351255749,0.2445400023666976
PARM_GSE301246_held_out_context_track,Random_Promoter_DREAM_base_track_13,0,0.0,0.0,500,0.08333333333333333,,0,False,low,T05_uncertainty_ensemble_proxy,T04_observable_alignment_proxy,0.3955993351255749,0.6126186643836083
PARM_GSE301246_held_out_context_track,Random_Promoter_DREAM_base_track_14,0,0.0,0.0,500,0.08333333333333333,,0,False,low,T05_uncertainty_ensemble_proxy,T04_observable_alignment_proxy,0.3955993351255749,0.2739614602244904
PARM_GSE301246_held_out_context_track,Random_Promoter_DREAM_base_track_15,0,0.0,0.0,500,0.08333333333333333,,0,False,low,T05_uncertainty_ensemble_proxy,T04_observable_alignment_proxy,0.3955993351255749,0.2794283772363876
PARM_GSE301246_held_out_context_track,Random_Promoter_DREAM_base_track_16,0,0.0,0.0,500,0.08333333333333333,,0,False,low,T05_uncertainty_ensemble_proxy,T04_observable_alignment_proxy,0.3955993351255749,0.2796569209540137
PARM_GSE301246_held_out_context_track,Random_Promoter_DREAM_base_track_17,0,0.0,0.0,500,0.08333333333333333,,0,False,low,T05_uncertainty_ensemble_proxy,T02_selection_potential_proxy,0.3955993351255749,0.2304844127903973
PARM_GSE301246_held_out_context_track,Random_Promoter_DREAM_base_track_18,0,0.0,0.0,500,0.08333333333333333,,0,False,low,T05_uncertainty_ensemble_proxy,T04_observable_alignment_proxy,0.3955993351255749,0.6126186643836083
PARM_GSE301246_held_out_context_track,Random_Promoter_DREAM_base_track_19,0,0.0,0.0,500,0.08333333333333333,,0,False,low,T05_uncertainty_ensemble_proxy,T04_observable_alignment_proxy,0.3955993351255749,0.2739614602244904
PARM_GSE301246_held_out_context_track,Random_Promoter_DREAM_base_track_20,0,0.0,0.0,500,0.08333333333333333,,0,False,low,T05_uncertainty_ensemble_proxy,T02_selection_potential_proxy,0.3955993351255749,0.2304844127903973
PARM_GSE301246_held_out_context_track,extra_test_inregime_predictions_v0,0,0.0,0.0,1500,0.25,,0,False,possible_related,T05_uncertainty_ensemble_proxy,M09_dynamic_condition_weighted_multi_char6,0.3955993351255749,-20.82777179096411
PARM_GSE301246_held_out_context_track,extra_test_maude_shift_predictions_v0,0,0.0,0.0,1500,0.25,,0,False,possible_related,T05_uncertainty_ensemble_proxy,M09_dynamic_condition_weighted_multi_char6,0.3955993351255749,-12.164092131389452
PARM_GSE301246_held_out_context_track,extra_val_inregime_predictions_v0,0,0.0,0.0,1500,0.25,,0,False,possible_related,T05_uncertainty_ensemble_proxy,M09_dynamic_condition_weighted_multi_char6,0.3955993351255749,-20.89873013064813
PARM_GSE301246_held_out_context_track_2,PARM_GSE301246_held_out_context_track_3,13,0.0010370134014039566,0.26,0,0.0,0.7822476963876699,13,False,possible_related,M03_GC_length_multi_char6,M03_GC_length_multi_char6,0.145641794700057,0.142208150345333
PARM_GSE301246_held_out_context_track_2,PARM_GSE301246_held_out_context_track_4,12,0.000957166786312515,0.24,0,0.0,0.7265493893448074,12,False,possible_related,M03_GC_length_multi_char6,M08_dynamic_condition_weighted_char6,0.145641794700057,0.1521294349282176
PARM_GSE301246_held_out_context_track_2,PARM_GSE301246_held_out_context_track_5,15,0.0011967448539971278,0.3,0,0.0,0.9154513183606131,15,False,possible_related,M03_GC_length_multi_char6,M08_dynamic_condition_weighted_char6,0.145641794700057,0.4307546686640491
PARM_GSE301246_held_out_context_track_2,PARM_GSE301246_held_out_context_track_6,13,0.0010370134014039566,0.26,0,0.0,0.9786185156246282,13,False,possible_related,M03_GC_length_multi_char6,M03_GC_length_multi_char6,0.145641794700057,-0.1360090119623944
PARM_GSE301246_held_out_context_track_2,PARM_GSE301246_held_out_context_track_7,17,0.0013565272901372486,0.34,0,0.0,0.2545687264495112,17,False,possible_related,M03_GC_length_multi_char6,M06_GC_length_condition_gated_char6,0.145641794700057,0.0594498016575664
PARM_GSE301246_held_out_context_track_2,Random_Promoter_DREAM_base_track_5,0,0.0,0.0,12499,0.17578723823186082,,0,False,possible_related,M03_GC_length_multi_char6,T04_observable_alignment_proxy,0.145641794700057,0.6491104448680286
PARM_GSE301246_held_out_context_track_2,Random_Promoter_DREAM_base_track_6,0,0.0,0.0,12499,0.08332722218148121,,0,False,low,M03_GC_length_multi_char6,T04_observable_alignment_proxy,0.145641794700057,0.2807902429077594
PARM_GSE301246_held_out_context_track_2,Random_Promoter_DREAM_base_track_7,0,0.0,0.0,12499,0.08332722218148121,,0,False,low,M03_GC_length_multi_char6,T04_observable_alignment_proxy,0.145641794700057,0.2876585702977691
PARM_GSE301246_held_out_context_track_2,Random_Promoter_DREAM_base_track_8,0,0.0,0.0,12499,0.62495,,0,False,high_overlap_related,M03_GC_length_multi_char6,T02_selection_potential_proxy,0.145641794700057,0.2733663743201212
PARM_GSE301246_held_out_context_track_2,Random_Promoter_DREAM_base_track_9,0,0.0,0.0,12499,0.62495,,0,False,high_overlap_related,M03_GC_length_multi_char6,T04_observable_alignment_proxy,0.145641794700057,0.6126186643836083
PARM_GSE301246_held_out_context_track_2,Random_Promoter_DREAM_base_track_10,0,0.0,0.0,12499,0.12499,,0,False,possible_related,M03_GC_length_multi_char6,T04_observable_alignment_proxy,0.145641794700057,0.2762271545149858
PARM_GSE301246_held_out_context_track_2,Random_Promoter_DREAM_base_track_11,0,0.0,0.0,12499,0.62495,,0,False,high_overlap_related,M03_GC_length_multi_char6,T02_selection_potential_proxy,0.145641794700057,0.2304844127903973
PARM_GSE301246_held_out_context_track_2,Random_Promoter_DREAM_base_track_12,0,0.0,0.0,12499,0.62495,,0,False,high_overlap_related,M03_GC_length_multi_char6,T02_selection_potential_proxy,0.145641794700057,0.2445400023666976
PARM_GSE301246_held_out_context_track_2,Random_Promoter_DREAM_base_track_13,0,0.0,0.0,12499,0.62495,,0,False,high_overlap_related,M03_GC_length_multi_char6,T04_observable_alignment_proxy,0.145641794700057,0.6126186643836083
PARM_GSE301246_held_out_context_track_2,Random_Promoter_DREAM_base_track_14,0,0.0,0.0,12499,0.12499,,0,False,possible_related,M03_GC_length_multi_char6,T04_observable_alignment_proxy,0.145641794700057,0.2739614602244904
PARM_GSE301246_held_out_context_track_2,Random_Promoter_DREAM_base_track_15,0,0.0,0.0,12499,0.12499,,0,False,possible_related,M03_GC_length_multi_char6,T04_observable_alignment_proxy,0.145641794700057,0.2794283772363876
PARM_GSE301246_held_out_context_track_2,Random_Promoter_DREAM_base_track_16,0,0.0,0.0,12499,0.08374090501011672,,0,False,low,M03_GC_length_multi_char6,T04_observable_alignment_proxy,0.145641794700057,0.2796569209540137
PARM_GSE301246_held_out_context_track_2,Random_Promoter_DREAM_base_track_17,0,0.0,0.0,12499,0.62495,,0,False,high_overlap_related,M03_GC_length_multi_char6,T02_selection_potential_proxy,0.145641794700057,0.2304844127903973
PARM_GSE301246_held_out_context_track_2,Random_Promoter_DREAM_base_track_18,0,0.0,0.0,12499,0.62495,,0,False,high_overlap_related,M03_GC_length_multi_char6,T04_observable_alignment_proxy,0.145641794700057,0.6126186643836083
PARM_GSE301246_held_out_context_track_2,Random_Promoter_DREAM_base_track_19,0,0.0,0.0,12499,0.12499,,0,False,possible_related,M03_GC_length_multi_char6,T04_observable_alignment_proxy,0.145641794700057,0.2739614602244904
PARM_GSE301246_held_out_context_track_2,Random_Promoter_DREAM_base_track_20,0,0.0,0.0,12499,0.62495,,0,False,high_overlap_related,M03_GC_length_multi_char6,T02_selection_potential_proxy,0.145641794700057,0.2304844127903973
PARM_GSE301246_held_out_context_track_2,extra_test_inregime_predictions_v0,0,0.0,0.0,37497,0.4687125,,0,False,possible_related,M03_GC_length_multi_char6,M09_dynamic_condition_weighted_multi_char6,0.145641794700057,-20.82777179096411
PARM_GSE301246_held_out_context_track_2,extra_test_maude_shift_predictions_v0,0,0.0,0.0,37497,0.4687125,,0,False,possible_related,M03_GC_length_multi_char6,M09_dynamic_condition_weighted_multi_char6,0.145641794700057,-12.164092131389452
PARM_GSE301246_held_out_context_track_2,extra_val_inregime_predictions_v0,0,0.0,0.0,37497,0.4687125,,0,False,possible_related,M03_GC_length_multi_char6,M09_dynamic_condition_weighted_multi_char6,0.145641794700057,-20.89873013064813
PARM_GSE301246_held_out_context_track_3,PARM_GSE301246_held_out_context_track_4,1,0.010101010101010102,0.02,50,1.0,,1,False,duplicate_or_near_duplicate,M03_GC_length_multi_char6,M08_dynamic_condition_weighted_char6,0.142208150345333,0.1521294349282176
PARM_GSE301246_held_out_context_track_3,PARM_GSE301246_held_out_context_track_5,0,0.0,0.0,50,1.0,,0,False,duplicate_or_near_duplicate,M03_GC_length_multi_char6,M08_dynamic_condition_weighted_char6,0.142208150345333,0.4307546686640491
PARM_GSE301246_held_out_context_track_3,PARM_GSE301246_held_out_context_track_6,1,0.010101010101010102,0.02,50,1.0,,1,False,duplicate_or_near_duplicate,M03_GC_length_multi_char6,M03_GC_length_multi_char6,0.142208150345333,-0.1360090119623944
PARM_GSE301246_held_out_context_track_3,PARM_GSE301246_held_out_context_track_7,0,0.0,0.0,0,0.0,,0,False,low,M03_GC_length_multi_char6,M06_GC_length_condition_gated_char6,0.142208150345333,0.0594498016575664
PARM_GSE301246_held_out_context_track_3,Random_Promoter_DREAM_base_track_5,0,0.0,0.0,0,0.0,,0,False,low,M03_GC_length_multi_char6,T04_observable_alignment_proxy,0.142208150345333,0.6491104448680286
PARM_GSE301246_held_out_context_track_3,Random_Promoter_DREAM_base_track_6,0,0.0,0.0,0,0.0,,0,False,low,M03_GC_length_multi_char6,T04_observable_alignment_proxy,0.142208150345333,0.2807902429077594
PARM_GSE301246_held_out_context_track_3,Random_Promoter_DREAM_base_track_7,0,0.0,0.0,0,0.0,,0,False,low,M03_GC_length_multi_char6,T04_observable_alignment_proxy,0.142208150345333,0.2876585702977691
PARM_GSE301246_held_out_context_track_3,Random_Promoter_DREAM_base_track_8,0,0.0,0.0,0,0.0,,0,False,low,M03_GC_length_multi_char6,T02_selection_potential_proxy,0.142208150345333,0.2733663743201212
PARM_GSE301246_held_out_context_track_3,Random_Promoter_DREAM_base_track_9,0,0.0,0.0,0,0.0,,0,False,low,M03_GC_length_multi_char6,T04_observable_alignment_proxy,0.142208150345333,0.6126186643836083
PARM_GSE301246_held_out_context_track_3,Random_Promoter_DREAM_base_track_10,0,0.0,0.0,0,0.0,,0,False,low,M03_GC_length_multi_char6,T04_observable_alignment_proxy,0.142208150345333,0.2762271545149858
PARM_GSE301246_held_out_context_track_3,Random_Promoter_DREAM_base_track_11,0,0.0,0.0,0,0.0,,0,False,low,M03_GC_length_multi_char6,T02_selection_potential_proxy,0.142208150345333,0.2304844127903973
PARM_GSE301246_held_out_context_track_3,Random_Promoter_DREAM_base_track_12,0,0.0,0.0,0,0.0,,0,False,low,M03_GC_length_multi_char6,T02_selection_potential_proxy,0.142208150345333,0.2445400023666976
PARM_GSE301246_held_out_context_track_3,Random_Promoter_DREAM_base_track_13,0,0.0,0.0,0,0.0,,0,False,low,M03_GC_length_multi_char6,T04_observable_alignment_proxy,0.142208150345333,0.6126186643836083
PARM_GSE301246_held_out_context_track_3,Random_Promoter_DREAM_base_track_14,0,0.0,0.0,0,0.0,,0,False,low,M03_GC_length_multi_char6,T04_observable_alignment_proxy,0.142208150345333,0.2739614602244904
PARM_GSE301246_held_out_context_track_3,Random_Promoter_DREAM_base_track_15,0,0.0,0.0,0,0.0,,0,False,low,M03_GC_length_multi_char6,T04_observable_alignment_proxy,0.142208150345333,0.2794283772363876
PARM_GSE301246_held_out_context_track_3,Random_Promoter_DREAM_base_track_16,0,0.0,0.0,0,0.0,,0,False,low,M03_GC_length_multi_char6,T04_observable_alignment_proxy,0.142208150345333,0.2796569209540137
PARM_GSE301246_held_out_context_track_3,Random_Promoter_DREAM_base_track_17,0,0.0,0.0,0,0.0,,0,False,low,M03_GC_length_multi_char6,T02_selection_potential_proxy,0.142208150345333,0.2304844127903973
PARM_GSE301246_held_out_context_track_3,Random_Promoter_DREAM_base_track_18,0,0.0,0.0,0,0.0,,0,False,low,M03_GC_length_multi_char6,T04_observable_alignment_proxy,0.142208150345333,0.6126186643836083
PARM_GSE301246_held_out_context_track_3,Random_Promoter_DREAM_base_track_19,0,0.0,0.0,0,0.0,,0,False,low,M03_GC_length_multi_char6,T04_observable_alignment_proxy,0.142208150345333,0.2739614602244904
PARM_GSE301246_held_out_context_track_3,Random_Promoter_DREAM_base_track_20,0,0.0,0.0,0,0.0,,0,False,low,M03_GC_length_multi_char6,T02_selection_potential_proxy,0.142208150345333,0.2304844127903973
PARM_GSE301246_held_out_context_track_3,extra_test_inregime_predictions_v0,0,0.0,0.0,50,1.0,,0,False,duplicate_or_near_duplicate,M03_GC_length_multi_char6,M09_dynamic_condition_weighted_multi_char6,0.142208150345333,-20.82777179096411
PARM_GSE301246_held_out_context_track_3,extra_test_maude_shift_predictions_v0,0,0.0,0.0,50,1.0,,0,False,duplicate_or_near_duplicate,M03_GC_length_multi_char6,M09_dynamic_condition_weighted_multi_char6,0.142208150345333,-12.164092131389452
PARM_GSE301246_held_out_context_track_3,extra_val_inregime_predictions_v0,0,0.0,0.0,50,1.0,,0,False,duplicate_or_near_duplicate,M03_GC_length_multi_char6,M09_dynamic_condition_weighted_multi_char6,0.142208150345333,-20.89873013064813
PARM_GSE301246_held_out_context_track_4,PARM_GSE301246_held_out_context_track_5,0,0.0,0.0,50,1.0,,0,False,duplicate_or_near_duplicate,M08_dynamic_condition_weighted_char6,M08_dynamic_condition_weighted_char6,0.1521294349282176,0.4307546686640491
PARM_GSE301246_held_out_context_track_4,PARM_GSE301246_held_out_context_track_6,1,0.010101010101010102,0.02,50,1.0,,1,False,duplicate_or_near_duplicate,M08_dynamic_condition_weighted_char6,M03_GC_length_multi_char6,0.1521294349282176,-0.1360090119623944
PARM_GSE301246_held_out_context_track_4,PARM_GSE301246_held_out_context_track_7,0,0.0,0.0,0,0.0,,0,False,low,M08_dynamic_condition_weighted_char6,M06_GC_length_condition_gated_char6,0.1521294349282176,0.0594498016575664
PARM_GSE301246_held_out_context_track_4,Random_Promoter_DREAM_base_track_5,0,0.0,0.0,0,0.0,,0,False,low,M08_dynamic_condition_weighted_char6,T04_observable_alignment_proxy,0.1521294349282176,0.6491104448680286
PARM_GSE301246_held_out_context_track_4,Random_Promoter_DREAM_base_track_6,0,0.0,0.0,0,0.0,,0,False,low,M08_dynamic_condition_weighted_char6,T04_observable_alignment_proxy,0.1521294349282176,0.2807902429077594
PARM_GSE301246_held_out_context_track_4,Random_Promoter_DREAM_base_track_7,0,0.0,0.0,0,0.0,,0,False,low,M08_dynamic_condition_weighted_char6,T04_observable_alignment_proxy,0.1521294349282176,0.2876585702977691
PARM_GSE301246_held_out_context_track_4,Random_Promoter_DREAM_base_track_8,0,0.0,0.0,0,0.0,,0,False,low,M08_dynamic_condition_weighted_char6,T02_selection_potential_proxy,0.1521294349282176,0.2733663743201212
PARM_GSE301246_held_out_context_track_4,Random_Promoter_DREAM_base_track_9,0,0.0,0.0,0,0.0,,0,False,low,M08_dynamic_condition_weighted_char6,T04_observable_alignment_proxy,0.1521294349282176,0.6126186643836083
PARM_GSE301246_held_out_context_track_4,Random_Promoter_DREAM_base_track_10,0,0.0,0.0,0,0.0,,0,False,low,M08_dynamic_condition_weighted_char6,T04_observable_alignment_proxy,0.1521294349282176,0.2762271545149858
PARM_GSE301246_held_out_context_track_4,Random_Promoter_DREAM_base_track_11,0,0.0,0.0,0,0.0,,0,False,low,M08_dynamic_condition_weighted_char6,T02_selection_potential_proxy,0.1521294349282176,0.2304844127903973
PARM_GSE301246_held_out_context_track_4,Random_Promoter_DREAM_base_track_12,0,0.0,0.0,0,0.0,,0,False,low,M08_dynamic_condition_weighted_char6,T02_selection_potential_proxy,0.1521294349282176,0.2445400023666976
PARM_GSE301246_held_out_context_track_4,Random_Promoter_DREAM_base_track_13,0,0.0,0.0,0,0.0,,0,False,low,M08_dynamic_condition_weighted_char6,T04_observable_alignment_proxy,0.1521294349282176,0.6126186643836083
PARM_GSE301246_held_out_context_track_4,Random_Promoter_DREAM_base_track_14,0,0.0,0.0,0,0.0,,0,False,low,M08_dynamic_condition_weighted_char6,T04_observable_alignment_proxy,0.1521294349282176,0.2739614602244904
PARM_GSE301246_held_out_context_track_4,Random_Promoter_DREAM_base_track_15,0,0.0,0.0,0,0.0,,0,False,low,M08_dynamic_condition_weighted_char6,T04_observable_alignment_proxy,0.1521294349282176,0.2794283772363876
PARM_GSE301246_held_out_context_track_4,Random_Promoter_DREAM_base_track_16,0,0.0,0.0,0,0.0,,0,False,low,M08_dynamic_condition_weighted_char6,T04_observable_alignment_proxy,0.1521294349282176,0.2796569209540137
PARM_GSE301246_held_out_context_track_4,Random_Promoter_DREAM_base_track_17,0,0.0,0.0,0,0.0,,0,False,low,M08_dynamic_condition_weighted_char6,T02_selection_potential_proxy,0.1521294349282176,0.2304844127903973
PARM_GSE301246_held_out_context_track_4,Random_Promoter_DREAM_base_track_18,0,0.0,0.0,0,0.0,,0,False,low,M08_dynamic_condition_weighted_char6,T04_observable_alignment_proxy,0.1521294349282176,0.6126186643836083
PARM_GSE301246_held_out_context_track_4,Random_Promoter_DREAM_base_track_19,0,0.0,0.0,0,0.0,,0,False,low,M08_dynamic_condition_weighted_char6,T04_observable_alignment_proxy,0.1521294349282176,0.2739614602244904
PARM_GSE301246_held_out_context_track_4,Random_Promoter_DREAM_base_track_20,0,0.0,0.0,0,0.0,,0,False,low,M08_dynamic_condition_weighted_char6,T02_selection_potential_proxy,0.1521294349282176,0.2304844127903973
PARM_GSE301246_held_out_context_track_4,extra_test_inregime_predictions_v0,0,0.0,0.0,50,1.0,,0,False,duplicate_or_near_duplicate,M08_dynamic_condition_weighted_char6,M09_dynamic_condition_weighted_multi_char6,0.1521294349282176,-20.82777179096411
PARM_GSE301246_held_out_context_track_4,extra_test_maude_shift_predictions_v0,0,0.0,0.0,50,1.0,,0,False,duplicate_or_near_duplicate,M08_dynamic_condition_weighted_char6,M09_dynamic_condition_weighted_multi_char6,0.1521294349282176,-12.164092131389452
PARM_GSE301246_held_out_context_track_4,extra_val_inregime_predictions_v0,0,0.0,0.0,50,1.0,,0,False,duplicate_or_near_duplicate,M08_dynamic_condition_weighted_char6,M09_dynamic_condition_weighted_multi_char6,0.1521294349282176,-20.89873013064813
PARM_GSE301246_held_out_context_track_5,PARM_GSE301246_held_out_context_track_6,0,0.0,0.0,50,1.0,,0,False,duplicate_or_near_duplicate,M08_dynamic_condition_weighted_char6,M03_GC_length_multi_char6,0.4307546686640491,-0.1360090119623944
PARM_GSE301246_held_out_context_track_5,PARM_GSE301246_held_out_context_track_7,0,0.0,0.0,0,0.0,,0,False,low,M08_dynamic_condition_weighted_char6,M06_GC_length_condition_gated_char6,0.4307546686640491,0.0594498016575664
PARM_GSE301246_held_out_context_track_5,Random_Promoter_DREAM_base_track_5,0,0.0,0.0,0,0.0,,0,False,low,M08_dynamic_condition_weighted_char6,T04_observable_alignment_proxy,0.4307546686640491,0.6491104448680286
PARM_GSE301246_held_out_context_track_5,Random_Promoter_DREAM_base_track_6,0,0.0,0.0,0,0.0,,0,False,low,M08_dynamic_condition_weighted_char6,T04_observable_alignment_proxy,0.4307546686640491,0.2807902429077594
PARM_GSE301246_held_out_context_track_5,Random_Promoter_DREAM_base_track_7,0,0.0,0.0,0,0.0,,0,False,low,M08_dynamic_condition_weighted_char6,T04_observable_alignment_proxy,0.4307546686640491,0.2876585702977691
PARM_GSE301246_held_out_context_track_5,Random_Promoter_DREAM_base_track_8,0,0.0,0.0,0,0.0,,0,False,low,M08_dynamic_condition_weighted_char6,T02_selection_potential_proxy,0.4307546686640491,0.2733663743201212
PARM_GSE301246_held_out_context_track_5,Random_Promoter_DREAM_base_track_9,0,0.0,0.0,0,0.0,,0,False,low,M08_dynamic_condition_weighted_char6,T04_observable_alignment_proxy,0.4307546686640491,0.6126186643836083
PARM_GSE301246_held_out_context_track_5,Random_Promoter_DREAM_base_track_10,0,0.0,0.0,0,0.0,,0,False,low,M08_dynamic_condition_weighted_char6,T04_observable_alignment_proxy,0.4307546686640491,0.2762271545149858
PARM_GSE301246_held_out_context_track_5,Random_Promoter_DREAM_base_track_11,0,0.0,0.0,0,0.0,,0,False,low,M08_dynamic_condition_weighted_char6,T02_selection_potential_proxy,0.4307546686640491,0.2304844127903973
PARM_GSE301246_held_out_context_track_5,Random_Promoter_DREAM_base_track_12,0,0.0,0.0,0,0.0,,0,False,low,M08_dynamic_condition_weighted_char6,T02_selection_potential_proxy,0.4307546686640491,0.2445400023666976
PARM_GSE301246_held_out_context_track_5,Random_Promoter_DREAM_base_track_13,0,0.0,0.0,0,0.0,,0,False,low,M08_dynamic_condition_weighted_char6,T04_observable_alignment_proxy,0.4307546686640491,0.6126186643836083
PARM_GSE301246_held_out_context_track_5,Random_Promoter_DREAM_base_track_14,0,0.0,0.0,0,0.0,,0,False,low,M08_dynamic_condition_weighted_char6,T04_observable_alignment_proxy,0.4307546686640491,0.2739614602244904
PARM_GSE301246_held_out_context_track_5,Random_Promoter_DREAM_base_track_15,0,0.0,0.0,0,0.0,,0,False,low,M08_dynamic_condition_weighted_char6,T04_observable_alignment_proxy,0.4307546686640491,0.2794283772363876
PARM_GSE301246_held_out_context_track_5,Random_Promoter_DREAM_base_track_16,0,0.0,0.0,0,0.0,,0,False,low,M08_dynamic_condition_weighted_char6,T04_observable_alignment_proxy,0.4307546686640491,0.2796569209540137
PARM_GSE301246_held_out_context_track_5,Random_Promoter_DREAM_base_track_17,0,0.0,0.0,0,0.0,,0,False,low,M08_dynamic_condition_weighted_char6,T02_selection_potential_proxy,0.4307546686640491,0.2304844127903973
PARM_GSE301246_held_out_context_track_5,Random_Promoter_DREAM_base_track_18,0,0.0,0.0,0,0.0,,0,False,low,M08_dynamic_condition_weighted_char6,T04_observable_alignment_proxy,0.4307546686640491,0.6126186643836083
PARM_GSE301246_held_out_context_track_5,Random_Promoter_DREAM_base_track_19,0,0.0,0.0,0,0.0,,0,False,low,M08_dynamic_condition_weighted_char6,T04_observable_alignment_proxy,0.4307546686640491,0.2739614602244904
PARM_GSE301246_held_out_context_track_5,Random_Promoter_DREAM_base_track_20,0,0.0,0.0,0,0.0,,0,False,low,M08_dynamic_condition_weighted_char6,T02_selection_potential_proxy,0.4307546686640491,0.2304844127903973
PARM_GSE301246_held_out_context_track_5,extra_test_inregime_predictions_v0,0,0.0,0.0,50,1.0,,0,False,duplicate_or_near_duplicate,M08_dynamic_condition_weighted_char6,M09_dynamic_condition_weighted_multi_char6,0.4307546686640491,-20.82777179096411
PARM_GSE301246_held_out_context_track_5,extra_test_maude_shift_predictions_v0,0,0.0,0.0,50,1.0,,0,False,duplicate_or_near_duplicate,M08_dynamic_condition_weighted_char6,M09_dynamic_condition_weighted_multi_char6,0.4307546686640491,-12.164092131389452
PARM_GSE301246_held_out_context_track_5,extra_val_inregime_predictions_v0,0,0.0,0.0,50,1.0,,0,False,duplicate_or_near_duplicate,M08_dynamic_condition_weighted_char6,M09_dynamic_condition_weighted_multi_char6,0.4307546686640491,-20.89873013064813
PARM_GSE301246_held_out_context_track_6,PARM_GSE301246_held_out_context_track_7,0,0.0,0.0,0,0.0,,0,False,low,M03_GC_length_multi_char6,M06_GC_length_condition_gated_char6,-0.1360090119623944,0.0594498016575664
PARM_GSE301246_held_out_context_track_6,Random_Promoter_DREAM_base_track_5,0,0.0,0.0,0,0.0,,0,False,low,M03_GC_length_multi_char6,T04_observable_alignment_proxy,-0.1360090119623944,0.6491104448680286
PARM_GSE301246_held_out_context_track_6,Random_Promoter_DREAM_base_track_6,0,0.0,0.0,0,0.0,,0,False,low,M03_GC_length_multi_char6,T04_observable_alignment_proxy,-0.1360090119623944,0.2807902429077594
PARM_GSE301246_held_out_context_track_6,Random_Promoter_DREAM_base_track_7,0,0.0,0.0,0,0.0,,0,False,low,M03_GC_length_multi_char6,T04_observable_alignment_proxy,-0.1360090119623944,0.2876585702977691
PARM_GSE301246_held_out_context_track_6,Random_Promoter_DREAM_base_track_8,0,0.0,0.0,0,0.0,,0,False,low,M03_GC_length_multi_char6,T02_selection_potential_proxy,-0.1360090119623944,0.2733663743201212
PARM_GSE301246_held_out_context_track_6,Random_Promoter_DREAM_base_track_9,0,0.0,0.0,0,0.0,,0,False,low,M03_GC_length_multi_char6,T04_observable_alignment_proxy,-0.1360090119623944,0.6126186643836083
PARM_GSE301246_held_out_context_track_6,Random_Promoter_DREAM_base_track_10,0,0.0,0.0,0,0.0,,0,False,low,M03_GC_length_multi_char6,T04_observable_alignment_proxy,-0.1360090119623944,0.2762271545149858
PARM_GSE301246_held_out_context_track_6,Random_Promoter_DREAM_base_track_11,0,0.0,0.0,0,0.0,,0,False,low,M03_GC_length_multi_char6,T02_selection_potential_proxy,-0.1360090119623944,0.2304844127903973
PARM_GSE301246_held_out_context_track_6,Random_Promoter_DREAM_base_track_12,0,0.0,0.0,0,0.0,,0,False,low,M03_GC_length_multi_char6,T02_selection_potential_proxy,-0.1360090119623944,0.2445400023666976
PARM_GSE301246_held_out_context_track_6,Random_Promoter_DREAM_base_track_13,0,0.0,0.0,0,0.0,,0,False,low,M03_GC_length_multi_char6,T04_observable_alignment_proxy,-0.1360090119623944,0.6126186643836083
PARM_GSE301246_held_out_context_track_6,Random_Promoter_DREAM_base_track_14,0,0.0,0.0,0,0.0,,0,False,low,M03_GC_length_multi_char6,T04_observable_alignment_proxy,-0.1360090119623944,0.2739614602244904
PARM_GSE301246_held_out_context_track_6,Random_Promoter_DREAM_base_track_15,0,0.0,0.0,0,0.0,,0,False,low,M03_GC_length_multi_char6,T04_observable_alignment_proxy,-0.1360090119623944,0.2794283772363876
PARM_GSE301246_held_out_context_track_6,Random_Promoter_DREAM_base_track_16,0,0.0,0.0,0,0.0,,0,False,low,M03_GC_length_multi_char6,T04_observable_alignment_proxy,-0.1360090119623944,0.2796569209540137
PARM_GSE301246_held_out_context_track_6,Random_Promoter_DREAM_base_track_17,0,0.0,0.0,0,0.0,,0,False,low,M03_GC_length_multi_char6,T02_selection_potential_proxy,-0.1360090119623944,0.2304844127903973
PARM_GSE301246_held_out_context_track_6,Random_Promoter_DREAM_base_track_18,0,0.0,0.0,0,0.0,,0,False,low,M03_GC_length_multi_char6,T04_observable_alignment_proxy,-0.1360090119623944,0.6126186643836083
PARM_GSE301246_held_out_context_track_6,Random_Promoter_DREAM_base_track_19,0,0.0,0.0,0,0.0,,0,False,low,M03_GC_length_multi_char6,T04_observable_alignment_proxy,-0.1360090119623944,0.2739614602244904
PARM_GSE301246_held_out_context_track_6,Random_Promoter_DREAM_base_track_20,0,0.0,0.0,0,0.0,,0,False,low,M03_GC_length_multi_char6,T02_selection_potential_proxy,-0.1360090119623944,0.2304844127903973
PARM_GSE301246_held_out_context_track_6,extra_test_inregime_predictions_v0,0,0.0,0.0,50,1.0,,0,False,duplicate_or_near_duplicate,M03_GC_length_multi_char6,M09_dynamic_condition_weighted_multi_char6,-0.1360090119623944,-20.82777179096411
PARM_GSE301246_held_out_context_track_6,extra_test_maude_shift_predictions_v0,0,0.0,0.0,50,1.0,,0,False,duplicate_or_near_duplicate,M03_GC_length_multi_char6,M09_dynamic_condition_weighted_multi_char6,-0.1360090119623944,-12.164092131389452
PARM_GSE301246_held_out_context_track_6,extra_val_inregime_predictions_v0,0,0.0,0.0,50,1.0,,0,False,duplicate_or_near_duplicate,M03_GC_length_multi_char6,M09_dynamic_condition_weighted_multi_char6,-0.1360090119623944,-20.89873013064813
PARM_GSE301246_held_out_context_track_7,Random_Promoter_DREAM_base_track_5,0,0.0,0.0,0,0.0,,0,False,low,M06_GC_length_condition_gated_char6,T04_observable_alignment_proxy,0.0594498016575664,0.6491104448680286
PARM_GSE301246_held_out_context_track_7,Random_Promoter_DREAM_base_track_6,0,0.0,0.0,0,0.0,,0,False,low,M06_GC_length_condition_gated_char6,T04_observable_alignment_proxy,0.0594498016575664,0.2807902429077594
PARM_GSE301246_held_out_context_track_7,Random_Promoter_DREAM_base_track_7,0,0.0,0.0,0,0.0,,0,False,low,M06_GC_length_condition_gated_char6,T04_observable_alignment_proxy,0.0594498016575664,0.2876585702977691
PARM_GSE301246_held_out_context_track_7,Random_Promoter_DREAM_base_track_8,0,0.0,0.0,0,0.0,,0,False,low,M06_GC_length_condition_gated_char6,T02_selection_potential_proxy,0.0594498016575664,0.2733663743201212
PARM_GSE301246_held_out_context_track_7,Random_Promoter_DREAM_base_track_9,0,0.0,0.0,0,0.0,,0,False,low,M06_GC_length_condition_gated_char6,T04_observable_alignment_proxy,0.0594498016575664,0.6126186643836083
PARM_GSE301246_held_out_context_track_7,Random_Promoter_DREAM_base_track_10,0,0.0,0.0,0,0.0,,0,False,low,M06_GC_length_condition_gated_char6,T04_observable_alignment_proxy,0.0594498016575664,0.2762271545149858
PARM_GSE301246_held_out_context_track_7,Random_Promoter_DREAM_base_track_11,0,0.0,0.0,0,0.0,,0,False,low,M06_GC_length_condition_gated_char6,T02_selection_potential_proxy,0.0594498016575664,0.2304844127903973
PARM_GSE301246_held_out_context_track_7,Random_Promoter_DREAM_base_track_12,0,0.0,0.0,0,0.0,,0,False,low,M06_GC_length_condition_gated_char6,T02_selection_potential_proxy,0.0594498016575664,0.2445400023666976
PARM_GSE301246_held_out_context_track_7,Random_Promoter_DREAM_base_track_13,0,0.0,0.0,0,0.0,,0,False,low,M06_GC_length_condition_gated_char6,T04_observable_alignment_proxy,0.0594498016575664,0.6126186643836083
PARM_GSE301246_held_out_context_track_7,Random_Promoter_DREAM_base_track_14,0,0.0,0.0,0,0.0,,0,False,low,M06_GC_length_condition_gated_char6,T04_observable_alignment_proxy,0.0594498016575664,0.2739614602244904
PARM_GSE301246_held_out_context_track_7,Random_Promoter_DREAM_base_track_15,0,0.0,0.0,0,0.0,,0,False,low,M06_GC_length_condition_gated_char6,T04_observable_alignment_proxy,0.0594498016575664,0.2794283772363876
PARM_GSE301246_held_out_context_track_7,Random_Promoter_DREAM_base_track_16,0,0.0,0.0,0,0.0,,0,False,low,M06_GC_length_condition_gated_char6,T04_observable_alignment_proxy,0.0594498016575664,0.2796569209540137
PARM_GSE301246_held_out_context_track_7,Random_Promoter_DREAM_base_track_17,0,0.0,0.0,0,0.0,,0,False,low,M06_GC_length_condition_gated_char6,T02_selection_potential_proxy,0.0594498016575664,0.2304844127903973
PARM_GSE301246_held_out_context_track_7,Random_Promoter_DREAM_base_track_18,0,0.0,0.0,0,0.0,,0,False,low,M06_GC_length_condition_gated_char6,T04_observable_alignment_proxy,0.0594498016575664,0.6126186643836083
PARM_GSE301246_held_out_context_track_7,Random_Promoter_DREAM_base_track_19,0,0.0,0.0,0,0.0,,0,False,low,M06_GC_length_condition_gated_char6,T04_observable_alignment_proxy,0.0594498016575664,0.2739614602244904
PARM_GSE301246_held_out_context_track_7,Random_Promoter_DREAM_base_track_20,0,0.0,0.0,0,0.0,,0,False,low,M06_GC_length_condition_gated_char6,T02_selection_potential_proxy,0.0594498016575664,0.2304844127903973
PARM_GSE301246_held_out_context_track_7,extra_test_inregime_predictions_v0,0,0.0,0.0,0,0.0,,0,False,low,M06_GC_length_condition_gated_char6,M09_dynamic_condition_weighted_multi_char6,0.0594498016575664,-20.82777179096411
PARM_GSE301246_held_out_context_track_7,extra_test_maude_shift_predictions_v0,0,0.0,0.0,0,0.0,,0,False,low,M06_GC_length_condition_gated_char6,M09_dynamic_condition_weighted_multi_char6,0.0594498016575664,-12.164092131389452
PARM_GSE301246_held_out_context_track_7,extra_val_inregime_predictions_v0,0,0.0,0.0,0,0.0,,0,False,low,M06_GC_length_condition_gated_char6,M09_dynamic_condition_weighted_multi_char6,0.0594498016575664,-20.89873013064813
Random_Promoter_DREAM_base_track_5,Random_Promoter_DREAM_base_track_6,0,0.0,0.0,71103,1.0,,0,False,duplicate_or_near_duplicate,T04_observable_alignment_proxy,T04_observable_alignment_proxy,0.6491104448680286,0.2807902429077594
Random_Promoter_DREAM_base_track_5,Random_Promoter_DREAM_base_track_7,0,0.0,0.0,71103,1.0,,0,False,duplicate_or_near_duplicate,T04_observable_alignment_proxy,T04_observable_alignment_proxy,0.6491104448680286,0.2876585702977691
Random_Promoter_DREAM_base_track_5,Random_Promoter_DREAM_base_track_8,0,0.0,0.0,20000,1.0,,0,False,duplicate_or_near_duplicate,T04_observable_alignment_proxy,T02_selection_potential_proxy,0.6491104448680286,0.2733663743201212
Random_Promoter_DREAM_base_track_5,Random_Promoter_DREAM_base_track_9,13871,0.3550385215900074,1.0,20000,1.0,0.9945478583664433,13871,False,duplicate_or_near_duplicate,T04_observable_alignment_proxy,T04_observable_alignment_proxy,0.6491104448680286,0.6126186643836083
Random_Promoter_DREAM_base_track_5,Random_Promoter_DREAM_base_track_10,0,0.0,0.0,71103,1.0,,0,False,duplicate_or_near_duplicate,T04_observable_alignment_proxy,T04_observable_alignment_proxy,0.6491104448680286,0.2762271545149858
Random_Promoter_DREAM_base_track_5,Random_Promoter_DREAM_base_track_11,0,0.0,0.0,20000,1.0,,0,False,duplicate_or_near_duplicate,T04_observable_alignment_proxy,T02_selection_potential_proxy,0.6491104448680286,0.2304844127903973
Random_Promoter_DREAM_base_track_5,Random_Promoter_DREAM_base_track_12,0,0.0,0.0,20000,1.0,,0,False,duplicate_or_near_duplicate,T04_observable_alignment_proxy,T02_selection_potential_proxy,0.6491104448680286,0.2445400023666976
Random_Promoter_DREAM_base_track_5,Random_Promoter_DREAM_base_track_13,13871,0.3550385215900074,1.0,20000,1.0,0.9945478583664433,13871,False,duplicate_or_near_duplicate,T04_observable_alignment_proxy,T04_observable_alignment_proxy,0.6491104448680286,0.6126186643836083
Random_Promoter_DREAM_base_track_5,Random_Promoter_DREAM_base_track_14,0,0.0,0.0,71103,1.0,,0,False,duplicate_or_near_duplicate,T04_observable_alignment_proxy,T04_observable_alignment_proxy,0.6491104448680286,0.2739614602244904
Random_Promoter_DREAM_base_track_5,Random_Promoter_DREAM_base_track_15,0,0.0,0.0,71103,1.0,,0,False,duplicate_or_near_duplicate,T04_observable_alignment_proxy,T04_observable_alignment_proxy,0.6491104448680286,0.2794283772363876
Random_Promoter_DREAM_base_track_5,Random_Promoter_DREAM_base_track_16,0,0.0,0.0,71103,1.0,,0,False,duplicate_or_near_duplicate,T04_observable_alignment_proxy,T04_observable_alignment_proxy,0.6491104448680286,0.2796569209540137
Random_Promoter_DREAM_base_track_5,Random_Promoter_DREAM_base_track_17,0,0.0,0.0,20000,1.0,,0,False,duplicate_or_near_duplicate,T04_observable_alignment_proxy,T02_selection_potential_proxy,0.6491104448680286,0.2304844127903973
Random_Promoter_DREAM_base_track_5,Random_Promoter_DREAM_base_track_18,13871,0.3550385215900074,1.0,20000,1.0,0.9945478583664433,13871,False,duplicate_or_near_duplicate,T04_observable_alignment_proxy,T04_observable_alignment_proxy,0.6491104448680286,0.6126186643836083
Random_Promoter_DREAM_base_track_5,Random_Promoter_DREAM_base_track_19,0,0.0,0.0,71103,1.0,,0,False,duplicate_or_near_duplicate,T04_observable_alignment_proxy,T04_observable_alignment_proxy,0.6491104448680286,0.2739614602244904
Random_Promoter_DREAM_base_track_5,Random_Promoter_DREAM_base_track_20,0,0.0,0.0,20000,1.0,,0,False,duplicate_or_near_duplicate,T04_observable_alignment_proxy,T02_selection_potential_proxy,0.6491104448680286,0.2304844127903973
Random_Promoter_DREAM_base_track_5,extra_test_inregime_predictions_v0,0,0.0,0.0,20000,0.2812820837376763,,0,False,possible_related,T04_observable_alignment_proxy,M09_dynamic_condition_weighted_multi_char6,0.6491104448680286,-20.82777179096411
Random_Promoter_DREAM_base_track_5,extra_test_maude_shift_predictions_v0,13871,0.3550385215900074,1.0,20000,0.2812820837376763,0.7261742145576868,13871,False,duplicate_or_near_duplicate,T04_observable_alignment_proxy,M09_dynamic_condition_weighted_multi_char6,0.6491104448680286,-12.164092131389452
Random_Promoter_DREAM_base_track_5,extra_val_inregime_predictions_v0,0,0.0,0.0,20000,0.2812820837376763,,0,False,possible_related,T04_observable_alignment_proxy,M09_dynamic_condition_weighted_multi_char6,0.6491104448680286,-20.89873013064813
Random_Promoter_DREAM_base_track_6,Random_Promoter_DREAM_base_track_7,3473,0.011712334541775567,0.023153487689917932,149999,1.0,1.0,3473,False,duplicate_or_near_duplicate,T04_observable_alignment_proxy,T04_observable_alignment_proxy,0.2807902429077594,0.2876585702977691
Random_Promoter_DREAM_base_track_6,Random_Promoter_DREAM_base_track_8,497,0.0029321187950584653,0.02485,20000,1.0,0.9999999999999998,497,False,duplicate_or_near_duplicate,T04_observable_alignment_proxy,T02_selection_potential_proxy,0.2807902429077594,0.2733663743201212
Random_Promoter_DREAM_base_track_6,Random_Promoter_DREAM_base_track_9,0,0.0,0.0,20000,1.0,,0,False,duplicate_or_near_duplicate,T04_observable_alignment_proxy,T04_observable_alignment_proxy,0.2807902429077594,0.6126186643836083
Random_Promoter_DREAM_base_track_6,Random_Promoter_DREAM_base_track_10,2477,0.010007191279967033,0.02477,100000,1.0,0.9999999999999998,2477,False,duplicate_or_near_duplicate,T04_observable_alignment_proxy,T04_observable_alignment_proxy,0.2807902429077594,0.2762271545149858
Random_Promoter_DREAM_base_track_6,Random_Promoter_DREAM_base_track_11,0,0.0,0.0,20000,1.0,,0,False,duplicate_or_near_duplicate,T04_observable_alignment_proxy,T02_selection_potential_proxy,0.2807902429077594,0.2304844127903973
Random_Promoter_DREAM_base_track_6,Random_Promoter_DREAM_base_track_12,497,0.0029321187950584653,0.02485,20000,1.0,1.0,497,False,duplicate_or_near_duplicate,T04_observable_alignment_proxy,T02_selection_potential_proxy,0.2807902429077594,0.2445400023666976
Random_Promoter_DREAM_base_track_6,Random_Promoter_DREAM_base_track_13,0,0.0,0.0,20000,1.0,,0,False,duplicate_or_near_duplicate,T04_observable_alignment_proxy,T04_observable_alignment_proxy,0.2807902429077594,0.6126186643836083
Random_Promoter_DREAM_base_track_6,Random_Promoter_DREAM_base_track_14,2477,0.010007191279967033,0.02477,100000,1.0,1.0,2477,False,duplicate_or_near_duplicate,T04_observable_alignment_proxy,T04_observable_alignment_proxy,0.2807902429077594,0.2739614602244904
Random_Promoter_DREAM_base_track_6,Random_Promoter_DREAM_base_track_15,2220,0.008959597060283559,0.0222,100000,1.0,1.0,2220,False,duplicate_or_near_duplicate,T04_observable_alignment_proxy,T04_observable_alignment_proxy,0.2807902429077594,0.2794283772363876
Random_Promoter_DREAM_base_track_6,Random_Promoter_DREAM_base_track_16,3559,0.012035928548722007,0.023844618043923942,149258,1.0,0.9999999999999998,3559,False,duplicate_or_near_duplicate,T04_observable_alignment_proxy,T04_observable_alignment_proxy,0.2807902429077594,0.2796569209540137
Random_Promoter_DREAM_base_track_6,Random_Promoter_DREAM_base_track_17,0,0.0,0.0,20000,1.0,,0,False,duplicate_or_near_duplicate,T04_observable_alignment_proxy,T02_selection_potential_proxy,0.2807902429077594,0.2304844127903973
Random_Promoter_DREAM_base_track_6,Random_Promoter_DREAM_base_track_18,0,0.0,0.0,20000,1.0,,0,False,duplicate_or_near_duplicate,T04_observable_alignment_proxy,T04_observable_alignment_proxy,0.2807902429077594,0.6126186643836083
Random_Promoter_DREAM_base_track_6,Random_Promoter_DREAM_base_track_19,2477,0.010007191279967033,0.02477,100000,1.0,1.0,2477,False,duplicate_or_near_duplicate,T04_observable_alignment_proxy,T04_observable_alignment_proxy,0.2807902429077594,0.2739614602244904
Random_Promoter_DREAM_base_track_6,Random_Promoter_DREAM_base_track_20,0,0.0,0.0,20000,1.0,,0,False,duplicate_or_near_duplicate,T04_observable_alignment_proxy,T02_selection_potential_proxy,0.2807902429077594,0.2304844127903973
Random_Promoter_DREAM_base_track_6,extra_test_inregime_predictions_v0,497,0.0029321187950584653,0.02485,20000,0.25,0.8793354884530117,497,False,possible_related,T04_observable_alignment_proxy,M09_dynamic_condition_weighted_multi_char6,0.2807902429077594,-20.82777179096411
Random_Promoter_DREAM_base_track_6,extra_test_maude_shift_predictions_v0,0,0.0,0.0,20000,0.25,,0,False,possible_related,T04_observable_alignment_proxy,M09_dynamic_condition_weighted_multi_char6,0.2807902429077594,-12.164092131389452
Random_Promoter_DREAM_base_track_6,extra_val_inregime_predictions_v0,0,0.0,0.0,20000,0.25,,0,False,possible_related,T04_observable_alignment_proxy,M09_dynamic_condition_weighted_multi_char6,0.2807902429077594,-20.89873013064813
Random_Promoter_DREAM_base_track_7,Random_Promoter_DREAM_base_track_8,437,0.0025772283884360884,0.02185,20000,1.0,0.9999999999999998,437,False,duplicate_or_near_duplicate,T04_observable_alignment_proxy,T02_selection_potential_proxy,0.2876585702977691,0.2733663743201212
Random_Promoter_DREAM_base_track_7,Random_Promoter_DREAM_base_track_9,0,0.0,0.0,20000,1.0,,0,False,duplicate_or_near_duplicate,T04_observable_alignment_proxy,T04_observable_alignment_proxy,0.2876585702977691,0.6126186643836083
Random_Promoter_DREAM_base_track_7,Random_Promoter_DREAM_base_track_10,2188,0.00882930943339884,0.02188,100000,1.0,1.0,2188,False,duplicate_or_near_duplicate,T04_observable_alignment_proxy,T04_observable_alignment_proxy,0.2876585702977691,0.2762271545149858
Random_Promoter_DREAM_base_track_7,Random_Promoter_DREAM_base_track_11,457,0.002695497280909745,0.02285,20000,1.0,1.0,457,False,duplicate_or_near_duplicate,T04_observable_alignment_proxy,T02_selection_potential_proxy,0.2876585702977691,0.2304844127903973
Random_Promoter_DREAM_base_track_7,Random_Promoter_DREAM_base_track_12,449,0.0026481863757003834,0.02245,20000,1.0,1.0,449,False,duplicate_or_near_duplicate,T04_observable_alignment_proxy,T02_selection_potential_proxy,0.2876585702977691,0.2445400023666976
Random_Promoter_DREAM_base_track_7,Random_Promoter_DREAM_base_track_13,0,0.0,0.0,20000,1.0,,0,False,duplicate_or_near_duplicate,T04_observable_alignment_proxy,T04_observable_alignment_proxy,0.2876585702977691,0.6126186643836083
Random_Promoter_DREAM_base_track_7,Random_Promoter_DREAM_base_track_14,2176,0.008780460247838176,0.02176,100000,1.0,1.0,2176,False,duplicate_or_near_duplicate,T04_observable_alignment_proxy,T04_observable_alignment_proxy,0.2876585702977691,0.2739614602244904
Random_Promoter_DREAM_base_track_7,Random_Promoter_DREAM_base_track_15,2278,0.009195829178793885,0.02278,100000,1.0,1.0,2278,False,duplicate_or_near_duplicate,T04_observable_alignment_proxy,T04_observable_alignment_proxy,0.2876585702977691,0.2794283772363876
Random_Promoter_DREAM_base_track_7,Random_Promoter_DREAM_base_track_16,3344,0.011300618762947218,0.022404159241045708,149258,1.0,1.0,3344,False,duplicate_or_near_duplicate,T04_observable_alignment_proxy,T04_observable_alignment_proxy,0.2876585702977691,0.2796569209540137
Random_Promoter_DREAM_base_track_7,Random_Promoter_DREAM_base_track_17,457,0.002695497280909745,0.02285,20000,1.0,1.0,457,False,duplicate_or_near_duplicate,T04_observable_alignment_proxy,T02_selection_potential_proxy,0.2876585702977691,0.2304844127903973
Random_Promoter_DREAM_base_track_7,Random_Promoter_DREAM_base_track_18,0,0.0,0.0,20000,1.0,,0,False,duplicate_or_near_duplicate,T04_observable_alignment_proxy,T04_observable_alignment_proxy,0.2876585702977691,0.6126186643836083
Random_Promoter_DREAM_base_track_7,Random_Promoter_DREAM_base_track_19,2176,0.008780460247838176,0.02176,100000,1.0,1.0,2176,False,duplicate_or_near_duplicate,T04_observable_alignment_proxy,T04_observable_alignment_proxy,0.2876585702977691,0.2739614602244904
Random_Promoter_DREAM_base_track_7,Random_Promoter_DREAM_base_track_20,457,0.002695497280909745,0.02285,20000,1.0,1.0,457,False,duplicate_or_near_duplicate,T04_observable_alignment_proxy,T02_selection_potential_proxy,0.2876585702977691,0.2304844127903973
Random_Promoter_DREAM_base_track_7,extra_test_inregime_predictions_v0,449,0.0026481863757003834,0.02245,20000,0.25,0.8939585859069833,449,False,possible_related,T04_observable_alignment_proxy,M09_dynamic_condition_weighted_multi_char6,0.2876585702977691,-20.82777179096411
Random_Promoter_DREAM_base_track_7,extra_test_maude_shift_predictions_v0,0,0.0,0.0,20000,0.25,,0,False,possible_related,T04_observable_alignment_proxy,M09_dynamic_condition_weighted_multi_char6,0.2876585702977691,-12.164092131389452
Random_Promoter_DREAM_base_track_7,extra_val_inregime_predictions_v0,457,0.002695497280909745,0.02285,20000,0.25,0.8797724379056644,457,False,possible_related,T04_observable_alignment_proxy,M09_dynamic_condition_weighted_multi_char6,0.2876585702977691,-20.89873013064813
Random_Promoter_DREAM_base_track_8,Random_Promoter_DREAM_base_track_9,0,0.0,0.0,20000,1.0,,0,False,duplicate_or_near_duplicate,T02_selection_potential_proxy,T04_observable_alignment_proxy,0.2733663743201212,0.6126186643836083
Random_Promoter_DREAM_base_track_8,Random_Promoter_DREAM_base_track_10,0,0.0,0.0,20000,1.0,,0,False,duplicate_or_near_duplicate,T02_selection_potential_proxy,T04_observable_alignment_proxy,0.2733663743201212,0.2762271545149858
Random_Promoter_DREAM_base_track_8,Random_Promoter_DREAM_base_track_11,0,0.0,0.0,20000,1.0,,0,False,duplicate_or_near_duplicate,T02_selection_potential_proxy,T02_selection_potential_proxy,0.2733663743201212,0.2304844127903973
Random_Promoter_DREAM_base_track_8,Random_Promoter_DREAM_base_track_12,0,0.0,0.0,20000,1.0,,0,False,duplicate_or_near_duplicate,T02_selection_potential_proxy,T02_selection_potential_proxy,0.2733663743201212,0.2445400023666976
Random_Promoter_DREAM_base_track_8,Random_Promoter_DREAM_base_track_13,0,0.0,0.0,20000,1.0,,0,False,duplicate_or_near_duplicate,T02_selection_potential_proxy,T04_observable_alignment_proxy,0.2733663743201212,0.6126186643836083
Random_Promoter_DREAM_base_track_8,Random_Promoter_DREAM_base_track_14,20000,0.2,1.0,20000,1.0,0.9999999999999998,20000,False,duplicate_or_near_duplicate,T02_selection_potential_proxy,T04_observable_alignment_proxy,0.2733663743201212,0.2739614602244904
Random_Promoter_DREAM_base_track_8,Random_Promoter_DREAM_base_track_15,282,0.0023555355084448454,0.0141,20000,1.0,1.0,282,False,duplicate_or_near_duplicate,T02_selection_potential_proxy,T04_observable_alignment_proxy,0.2733663743201212,0.2794283772363876
Random_Promoter_DREAM_base_track_8,Random_Promoter_DREAM_base_track_16,20000,0.13399616770960351,1.0,20000,1.0,0.9999999999999998,20000,False,duplicate_or_near_duplicate,T02_selection_potential_proxy,T04_observable_alignment_proxy,0.2733663743201212,0.2796569209540137
Random_Promoter_DREAM_base_track_8,Random_Promoter_DREAM_base_track_17,0,0.0,0.0,20000,1.0,,0,False,duplicate_or_near_duplicate,T02_selection_potential_proxy,T02_selection_potential_proxy,0.2733663743201212,0.2304844127903973
Random_Promoter_DREAM_base_track_8,Random_Promoter_DREAM_base_track_18,0,0.0,0.0,20000,1.0,,0,False,duplicate_or_near_duplicate,T02_selection_potential_proxy,T04_observable_alignment_proxy,0.2733663743201212,0.6126186643836083
Random_Promoter_DREAM_base_track_8,Random_Promoter_DREAM_base_track_19,20000,0.2,1.0,20000,1.0,0.9999999999999998,20000,False,duplicate_or_near_duplicate,T02_selection_potential_proxy,T04_observable_alignment_proxy,0.2733663743201212,0.2739614602244904
Random_Promoter_DREAM_base_track_8,Random_Promoter_DREAM_base_track_20,0,0.0,0.0,20000,1.0,,0,False,duplicate_or_near_duplicate,T02_selection_potential_proxy,T02_selection_potential_proxy,0.2733663743201212,0.2304844127903973
Random_Promoter_DREAM_base_track_8,extra_test_inregime_predictions_v0,0,0.0,0.0,20000,1.0,,0,False,duplicate_or_near_duplicate,T02_selection_potential_proxy,M09_dynamic_condition_weighted_multi_char6,0.2733663743201212,-20.82777179096411
Random_Promoter_DREAM_base_track_8,extra_test_maude_shift_predictions_v0,0,0.0,0.0,20000,1.0,,0,False,duplicate_or_near_duplicate,T02_selection_potential_proxy,M09_dynamic_condition_weighted_multi_char6,0.2733663743201212,-12.164092131389452
Random_Promoter_DREAM_base_track_8,extra_val_inregime_predictions_v0,0,0.0,0.0,20000,1.0,,0,False,duplicate_or_near_duplicate,T02_selection_potential_proxy,M09_dynamic_condition_weighted_multi_char6,0.2733663743201212,-20.89873013064813
Random_Promoter_DREAM_base_track_9,Random_Promoter_DREAM_base_track_10,0,0.0,0.0,20000,1.0,,0,False,duplicate_or_near_duplicate,T04_observable_alignment_proxy,T04_observable_alignment_proxy,0.6126186643836083,0.2762271545149858
Random_Promoter_DREAM_base_track_9,Random_Promoter_DREAM_base_track_11,0,0.0,0.0,20000,1.0,,0,False,duplicate_or_near_duplicate,T04_observable_alignment_proxy,T02_selection_potential_proxy,0.6126186643836083,0.2304844127903973
Random_Promoter_DREAM_base_track_9,Random_Promoter_DREAM_base_track_12,0,0.0,0.0,20000,1.0,,0,False,duplicate_or_near_duplicate,T04_observable_alignment_proxy,T02_selection_potential_proxy,0.6126186643836083,0.2445400023666976
Random_Promoter_DREAM_base_track_9,Random_Promoter_DREAM_base_track_13,13871,1.0,1.0,20000,1.0,1.0,13871,True,duplicate_or_near_duplicate,T04_observable_alignment_proxy,T04_observable_alignment_proxy,0.6126186643836083,0.6126186643836083
Random_Promoter_DREAM_base_track_9,Random_Promoter_DREAM_base_track_14,0,0.0,0.0,20000,1.0,,0,False,duplicate_or_near_duplicate,T04_observable_alignment_proxy,T04_observable_alignment_proxy,0.6126186643836083,0.2739614602244904
Random_Promoter_DREAM_base_track_9,Random_Promoter_DREAM_base_track_15,0,0.0,0.0,20000,1.0,,0,False,duplicate_or_near_duplicate,T04_observable_alignment_proxy,T04_observable_alignment_proxy,0.6126186643836083,0.2794283772363876
Random_Promoter_DREAM_base_track_9,Random_Promoter_DREAM_base_track_16,0,0.0,0.0,20000,1.0,,0,False,duplicate_or_near_duplicate,T04_observable_alignment_proxy,T04_observable_alignment_proxy,0.6126186643836083,0.2796569209540137
Random_Promoter_DREAM_base_track_9,Random_Promoter_DREAM_base_track_17,0,0.0,0.0,20000,1.0,,0,False,duplicate_or_near_duplicate,T04_observable_alignment_proxy,T02_selection_potential_proxy,0.6126186643836083,0.2304844127903973
Random_Promoter_DREAM_base_track_9,Random_Promoter_DREAM_base_track_18,13871,1.0,1.0,20000,1.0,1.0,13871,True,duplicate_or_near_duplicate,T04_observable_alignment_proxy,T04_observable_alignment_proxy,0.6126186643836083,0.6126186643836083
Random_Promoter_DREAM_base_track_9,Random_Promoter_DREAM_base_track_19,0,0.0,0.0,20000,1.0,,0,False,duplicate_or_near_duplicate,T04_observable_alignment_proxy,T04_observable_alignment_proxy,0.6126186643836083,0.2739614602244904
Random_Promoter_DREAM_base_track_9,Random_Promoter_DREAM_base_track_20,0,0.0,0.0,20000,1.0,,0,False,duplicate_or_near_duplicate,T04_observable_alignment_proxy,T02_selection_potential_proxy,0.6126186643836083,0.2304844127903973
Random_Promoter_DREAM_base_track_9,extra_test_inregime_predictions_v0,0,0.0,0.0,20000,1.0,,0,False,duplicate_or_near_duplicate,T04_observable_alignment_proxy,M09_dynamic_condition_weighted_multi_char6,0.6126186643836083,-20.82777179096411
Random_Promoter_DREAM_base_track_9,extra_test_maude_shift_predictions_v0,13871,1.0,1.0,20000,1.0,0.7270224827887698,13871,False,duplicate_or_near_duplicate,T04_observable_alignment_proxy,M09_dynamic_condition_weighted_multi_char6,0.6126186643836083,-12.164092131389452
Random_Promoter_DREAM_base_track_9,extra_val_inregime_predictions_v0,0,0.0,0.0,20000,1.0,,0,False,duplicate_or_near_duplicate,T04_observable_alignment_proxy,M09_dynamic_condition_weighted_multi_char6,0.6126186643836083,-20.89873013064813
Random_Promoter_DREAM_base_track_10,Random_Promoter_DREAM_base_track_11,0,0.0,0.0,20000,1.0,,0,False,duplicate_or_near_duplicate,T04_observable_alignment_proxy,T02_selection_potential_proxy,0.2762271545149858,0.2304844127903973
Random_Promoter_DREAM_base_track_10,Random_Promoter_DREAM_base_track_12,20000,0.2,1.0,20000,1.0,0.9999999999999998,20000,False,duplicate_or_near_duplicate,T04_observable_alignment_proxy,T02_selection_potential_proxy,0.2762271545149858,0.2445400023666976
Random_Promoter_DREAM_base_track_10,Random_Promoter_DREAM_base_track_13,0,0.0,0.0,20000,1.0,,0,False,duplicate_or_near_duplicate,T04_observable_alignment_proxy,T04_observable_alignment_proxy,0.2762271545149858,0.6126186643836083
Random_Promoter_DREAM_base_track_10,Random_Promoter_DREAM_base_track_14,80000,0.6666666666666666,0.8,100000,1.0,1.0,50000,False,duplicate_or_near_duplicate,T04_observable_alignment_proxy,T04_observable_alignment_proxy,0.2762271545149858,0.2739614602244904
Random_Promoter_DREAM_base_track_10,Random_Promoter_DREAM_base_track_15,1545,0.007785140208107631,0.01545,100000,1.0,0.9999999999999998,1545,False,duplicate_or_near_duplicate,T04_observable_alignment_proxy,T04_observable_alignment_proxy,0.2762271545149858,0.2794283772363876
Random_Promoter_DREAM_base_track_10,Random_Promoter_DREAM_base_track_16,80138,0.47385288552507093,0.80138,100000,1.0,1.0,50000,False,duplicate_or_near_duplicate,T04_observable_alignment_proxy,T04_observable_alignment_proxy,0.2762271545149858,0.2796569209540137
Random_Promoter_DREAM_base_track_10,Random_Promoter_DREAM_base_track_17,0,0.0,0.0,20000,1.0,,0,False,duplicate_or_near_duplicate,T04_observable_alignment_proxy,T02_selection_potential_proxy,0.2762271545149858,0.2304844127903973
Random_Promoter_DREAM_base_track_10,Random_Promoter_DREAM_base_track_18,0,0.0,0.0,20000,1.0,,0,False,duplicate_or_near_duplicate,T04_observable_alignment_proxy,T04_observable_alignment_proxy,0.2762271545149858,0.6126186643836083
Random_Promoter_DREAM_base_track_10,Random_Promoter_DREAM_base_track_19,80000,0.6666666666666666,0.8,100000,1.0,1.0,50000,False,duplicate_or_near_duplicate,T04_observable_alignment_proxy,T04_observable_alignment_proxy,0.2762271545149858,0.2739614602244904
Random_Promoter_DREAM_base_track_10,Random_Promoter_DREAM_base_track_20,0,0.0,0.0,20000,1.0,,0,False,duplicate_or_near_duplicate,T04_observable_alignment_proxy,T02_selection_potential_proxy,0.2762271545149858,0.2304844127903973
Random_Promoter_DREAM_base_track_10,extra_test_inregime_predictions_v0,20000,0.2,1.0,20000,0.25,0.8801340350073168,20000,False,duplicate_or_near_duplicate,T04_observable_alignment_proxy,M09_dynamic_condition_weighted_multi_char6,0.2762271545149858,-20.82777179096411
Random_Promoter_DREAM_base_track_10,extra_test_maude_shift_predictions_v0,0,0.0,0.0,20000,0.25,,0,False,possible_related,T04_observable_alignment_proxy,M09_dynamic_condition_weighted_multi_char6,0.2762271545149858,-12.164092131389452
Random_Promoter_DREAM_base_track_10,extra_val_inregime_predictions_v0,0,0.0,0.0,20000,0.25,,0,False,possible_related,T04_observable_alignment_proxy,M09_dynamic_condition_weighted_multi_char6,0.2762271545149858,-20.89873013064813
Random_Promoter_DREAM_base_track_11,Random_Promoter_DREAM_base_track_12,0,0.0,0.0,20000,1.0,,0,False,duplicate_or_near_duplicate,T02_selection_potential_proxy,T02_selection_potential_proxy,0.2304844127903973,0.2445400023666976
Random_Promoter_DREAM_base_track_11,Random_Promoter_DREAM_base_track_13,0,0.0,0.0,20000,1.0,,0,False,duplicate_or_near_duplicate,T02_selection_potential_proxy,T04_observable_alignment_proxy,0.2304844127903973,0.6126186643836083
Random_Promoter_DREAM_base_track_11,Random_Promoter_DREAM_base_track_14,0,0.0,0.0,20000,1.0,,0,False,duplicate_or_near_duplicate,T02_selection_potential_proxy,T04_observable_alignment_proxy,0.2304844127903973,0.2739614602244904
Random_Promoter_DREAM_base_track_11,Random_Promoter_DREAM_base_track_15,336,0.002807862013638187,0.0168,20000,1.0,0.9999999999999998,336,False,duplicate_or_near_duplicate,T02_selection_potential_proxy,T04_observable_alignment_proxy,0.2304844127903973,0.2794283772363876
Random_Promoter_DREAM_base_track_11,Random_Promoter_DREAM_base_track_16,167,0.000987633877616195,0.00835,20000,1.0,1.0,167,False,duplicate_or_near_duplicate,T02_selection_potential_proxy,T04_observable_alignment_proxy,0.2304844127903973,0.2796569209540137
Random_Promoter_DREAM_base_track_11,Random_Promoter_DREAM_base_track_17,20000,1.0,1.0,20000,1.0,0.9999999999999998,20000,True,duplicate_or_near_duplicate,T02_selection_potential_proxy,T02_selection_potential_proxy,0.2304844127903973,0.2304844127903973
Random_Promoter_DREAM_base_track_11,Random_Promoter_DREAM_base_track_18,0,0.0,0.0,20000,1.0,,0,False,duplicate_or_near_duplicate,T02_selection_potential_proxy,T04_observable_alignment_proxy,0.2304844127903973,0.6126186643836083
Random_Promoter_DREAM_base_track_11,Random_Promoter_DREAM_base_track_19,0,0.0,0.0,20000,1.0,,0,False,duplicate_or_near_duplicate,T02_selection_potential_proxy,T04_observable_alignment_proxy,0.2304844127903973,0.2739614602244904
Random_Promoter_DREAM_base_track_11,Random_Promoter_DREAM_base_track_20,20000,1.0,1.0,20000,1.0,0.9999999999999998,20000,True,duplicate_or_near_duplicate,T02_selection_potential_proxy,T02_selection_potential_proxy,0.2304844127903973,0.2304844127903973
Random_Promoter_DREAM_base_track_11,extra_test_inregime_predictions_v0,0,0.0,0.0,20000,1.0,,0,False,duplicate_or_near_duplicate,T02_selection_potential_proxy,M09_dynamic_condition_weighted_multi_char6,0.2304844127903973,-20.82777179096411
Random_Promoter_DREAM_base_track_11,extra_test_maude_shift_predictions_v0,0,0.0,0.0,20000,1.0,,0,False,duplicate_or_near_duplicate,T02_selection_potential_proxy,M09_dynamic_condition_weighted_multi_char6,0.2304844127903973,-12.164092131389452
Random_Promoter_DREAM_base_track_11,extra_val_inregime_predictions_v0,20000,1.0,1.0,20000,1.0,0.8807108632939082,20000,False,duplicate_or_near_duplicate,T02_selection_potential_proxy,M09_dynamic_condition_weighted_multi_char6,0.2304844127903973,-20.89873013064813
Random_Promoter_DREAM_base_track_12,Random_Promoter_DREAM_base_track_13,0,0.0,0.0,20000,1.0,,0,False,duplicate_or_near_duplicate,T02_selection_potential_proxy,T04_observable_alignment_proxy,0.2445400023666976,0.6126186643836083
Random_Promoter_DREAM_base_track_12,Random_Promoter_DREAM_base_track_14,0,0.0,0.0,20000,1.0,,0,False,duplicate_or_near_duplicate,T02_selection_potential_proxy,T04_observable_alignment_proxy,0.2445400023666976,0.2739614602244904
Random_Promoter_DREAM_base_track_12,Random_Promoter_DREAM_base_track_15,310,0.002590024229258919,0.0155,20000,1.0,1.0,310,False,duplicate_or_near_duplicate,T02_selection_potential_proxy,T04_observable_alignment_proxy,0.2445400023666976,0.2794283772363876
Random_Promoter_DREAM_base_track_12,Random_Promoter_DREAM_base_track_16,138,0.000815988647114475,0.0069,20000,1.0,1.0,138,False,duplicate_or_near_duplicate,T02_selection_potential_proxy,T04_observable_alignment_proxy,0.2445400023666976,0.2796569209540137
Random_Promoter_DREAM_base_track_12,Random_Promoter_DREAM_base_track_17,0,0.0,0.0,20000,1.0,,0,False,duplicate_or_near_duplicate,T02_selection_potential_proxy,T02_selection_potential_proxy,0.2445400023666976,0.2304844127903973
Random_Promoter_DREAM_base_track_12,Random_Promoter_DREAM_base_track_18,0,0.0,0.0,20000,1.0,,0,False,duplicate_or_near_duplicate,T02_selection_potential_proxy,T04_observable_alignment_proxy,0.2445400023666976,0.6126186643836083
Random_Promoter_DREAM_base_track_12,Random_Promoter_DREAM_base_track_19,0,0.0,0.0,20000,1.0,,0,False,duplicate_or_near_duplicate,T02_selection_potential_proxy,T04_observable_alignment_proxy,0.2445400023666976,0.2739614602244904
Random_Promoter_DREAM_base_track_12,Random_Promoter_DREAM_base_track_20,0,0.0,0.0,20000,1.0,,0,False,duplicate_or_near_duplicate,T02_selection_potential_proxy,T02_selection_potential_proxy,0.2445400023666976,0.2304844127903973
Random_Promoter_DREAM_base_track_12,extra_test_inregime_predictions_v0,20000,1.0,1.0,20000,1.0,0.8801340350073168,20000,False,duplicate_or_near_duplicate,T02_selection_potential_proxy,M09_dynamic_condition_weighted_multi_char6,0.2445400023666976,-20.82777179096411
Random_Promoter_DREAM_base_track_12,extra_test_maude_shift_predictions_v0,0,0.0,0.0,20000,1.0,,0,False,duplicate_or_near_duplicate,T02_selection_potential_proxy,M09_dynamic_condition_weighted_multi_char6,0.2445400023666976,-12.164092131389452
Random_Promoter_DREAM_base_track_12,extra_val_inregime_predictions_v0,0,0.0,0.0,20000,1.0,,0,False,duplicate_or_near_duplicate,T02_selection_potential_proxy,M09_dynamic_condition_weighted_multi_char6,0.2445400023666976,-20.89873013064813
Random_Promoter_DREAM_base_track_13,Random_Promoter_DREAM_base_track_14,0,0.0,0.0,20000,1.0,,0,False,duplicate_or_near_duplicate,T04_observable_alignment_proxy,T04_observable_alignment_proxy,0.6126186643836083,0.2739614602244904
Random_Promoter_DREAM_base_track_13,Random_Promoter_DREAM_base_track_15,0,0.0,0.0,20000,1.0,,0,False,duplicate_or_near_duplicate,T04_observable_alignment_proxy,T04_observable_alignment_proxy,0.6126186643836083,0.2794283772363876
Random_Promoter_DREAM_base_track_13,Random_Promoter_DREAM_base_track_16,0,0.0,0.0,20000,1.0,,0,False,duplicate_or_near_duplicate,T04_observable_alignment_proxy,T04_observable_alignment_proxy,0.6126186643836083,0.2796569209540137
Random_Promoter_DREAM_base_track_13,Random_Promoter_DREAM_base_track_17,0,0.0,0.0,20000,1.0,,0,False,duplicate_or_near_duplicate,T04_observable_alignment_proxy,T02_selection_potential_proxy,0.6126186643836083,0.2304844127903973
Random_Promoter_DREAM_base_track_13,Random_Promoter_DREAM_base_track_18,13871,1.0,1.0,20000,1.0,1.0,13871,True,duplicate_or_near_duplicate,T04_observable_alignment_proxy,T04_observable_alignment_proxy,0.6126186643836083,0.6126186643836083
Random_Promoter_DREAM_base_track_13,Random_Promoter_DREAM_base_track_19,0,0.0,0.0,20000,1.0,,0,False,duplicate_or_near_duplicate,T04_observable_alignment_proxy,T04_observable_alignment_proxy,0.6126186643836083,0.2739614602244904
Random_Promoter_DREAM_base_track_13,Random_Promoter_DREAM_base_track_20,0,0.0,0.0,20000,1.0,,0,False,duplicate_or_near_duplicate,T04_observable_alignment_proxy,T02_selection_potential_proxy,0.6126186643836083,0.2304844127903973
Random_Promoter_DREAM_base_track_13,extra_test_inregime_predictions_v0,0,0.0,0.0,20000,1.0,,0,False,duplicate_or_near_duplicate,T04_observable_alignment_proxy,M09_dynamic_condition_weighted_multi_char6,0.6126186643836083,-20.82777179096411
Random_Promoter_DREAM_base_track_13,extra_test_maude_shift_predictions_v0,13871,1.0,1.0,20000,1.0,0.7270224827887698,13871,False,duplicate_or_near_duplicate,T04_observable_alignment_proxy,M09_dynamic_condition_weighted_multi_char6,0.6126186643836083,-12.164092131389452
Random_Promoter_DREAM_base_track_13,extra_val_inregime_predictions_v0,0,0.0,0.0,20000,1.0,,0,False,duplicate_or_near_duplicate,T04_observable_alignment_proxy,M09_dynamic_condition_weighted_multi_char6,0.6126186643836083,-20.89873013064813
Random_Promoter_DREAM_base_track_14,Random_Promoter_DREAM_base_track_15,1517,0.007642971942181446,0.01517,100000,1.0,1.0,1517,False,duplicate_or_near_duplicate,T04_observable_alignment_proxy,T04_observable_alignment_proxy,0.2739614602244904,0.2794283772363876
Random_Promoter_DREAM_base_track_14,Random_Promoter_DREAM_base_track_16,100000,0.6699808385480175,1.0,100000,1.0,1.0,50000,False,duplicate_or_near_duplicate,T04_observable_alignment_proxy,T04_observable_alignment_proxy,0.2739614602244904,0.2796569209540137
Random_Promoter_DREAM_base_track_14,Random_Promoter_DREAM_base_track_17,0,0.0,0.0,20000,1.0,,0,False,duplicate_or_near_duplicate,T04_observable_alignment_proxy,T02_selection_potential_proxy,0.2739614602244904,0.2304844127903973
Random_Promoter_DREAM_base_track_14,Random_Promoter_DREAM_base_track_18,0,0.0,0.0,20000,1.0,,0,False,duplicate_or_near_duplicate,T04_observable_alignment_proxy,T04_observable_alignment_proxy,0.2739614602244904,0.6126186643836083
Random_Promoter_DREAM_base_track_14,Random_Promoter_DREAM_base_track_19,100000,1.0,1.0,100000,1.0,1.0,50000,True,duplicate_or_near_duplicate,T04_observable_alignment_proxy,T04_observable_alignment_proxy,0.2739614602244904,0.2739614602244904
Random_Promoter_DREAM_base_track_14,Random_Promoter_DREAM_base_track_20,0,0.0,0.0,20000,1.0,,0,False,duplicate_or_near_duplicate,T04_observable_alignment_proxy,T02_selection_potential_proxy,0.2739614602244904,0.2304844127903973
Random_Promoter_DREAM_base_track_14,extra_test_inregime_predictions_v0,0,0.0,0.0,20000,0.25,,0,False,possible_related,T04_observable_alignment_proxy,M09_dynamic_condition_weighted_multi_char6,0.2739614602244904,-20.82777179096411
Random_Promoter_DREAM_base_track_14,extra_test_maude_shift_predictions_v0,0,0.0,0.0,20000,0.25,,0,False,possible_related,T04_observable_alignment_proxy,M09_dynamic_condition_weighted_multi_char6,0.2739614602244904,-12.164092131389452
Random_Promoter_DREAM_base_track_14,extra_val_inregime_predictions_v0,0,0.0,0.0,20000,0.25,,0,False,possible_related,T04_observable_alignment_proxy,M09_dynamic_condition_weighted_multi_char6,0.2739614602244904,-20.89873013064813
Random_Promoter_DREAM_base_track_15,Random_Promoter_DREAM_base_track_16,50775,0.2558153595018213,0.50775,100000,1.0,1.0,50000,False,duplicate_or_near_duplicate,T04_observable_alignment_proxy,T04_observable_alignment_proxy,0.2794283772363876,0.2796569209540137
Random_Promoter_DREAM_base_track_15,Random_Promoter_DREAM_base_track_17,336,0.002807862013638187,0.0168,20000,1.0,0.9999999999999998,336,False,duplicate_or_near_duplicate,T04_observable_alignment_proxy,T02_selection_potential_proxy,0.2794283772363876,0.2304844127903973
Random_Promoter_DREAM_base_track_15,Random_Promoter_DREAM_base_track_18,0,0.0,0.0,20000,1.0,,0,False,duplicate_or_near_duplicate,T04_observable_alignment_proxy,T04_observable_alignment_proxy,0.2794283772363876,0.6126186643836083
Random_Promoter_DREAM_base_track_15,Random_Promoter_DREAM_base_track_19,1517,0.007642971942181446,0.01517,100000,1.0,1.0,1517,False,duplicate_or_near_duplicate,T04_observable_alignment_proxy,T04_observable_alignment_proxy,0.2794283772363876,0.2739614602244904
Random_Promoter_DREAM_base_track_15,Random_Promoter_DREAM_base_track_20,336,0.002807862013638187,0.0168,20000,1.0,0.9999999999999998,336,False,duplicate_or_near_duplicate,T04_observable_alignment_proxy,T02_selection_potential_proxy,0.2794283772363876,0.2304844127903973
Random_Promoter_DREAM_base_track_15,extra_test_inregime_predictions_v0,310,0.002590024229258919,0.0155,20000,0.25,0.8612403020917901,310,False,possible_related,T04_observable_alignment_proxy,M09_dynamic_condition_weighted_multi_char6,0.2794283772363876,-20.82777179096411
Random_Promoter_DREAM_base_track_15,extra_test_maude_shift_predictions_v0,0,0.0,0.0,20000,0.25,,0,False,possible_related,T04_observable_alignment_proxy,M09_dynamic_condition_weighted_multi_char6,0.2794283772363876,-12.164092131389452
Random_Promoter_DREAM_base_track_15,extra_val_inregime_predictions_v0,336,0.002807862013638187,0.0168,20000,0.25,0.8899785848033324,336,False,possible_related,T04_observable_alignment_proxy,M09_dynamic_condition_weighted_multi_char6,0.2794283772363876,-20.89873013064813
Random_Promoter_DREAM_base_track_16,Random_Promoter_DREAM_base_track_17,167,0.000987633877616195,0.00835,20000,1.0,1.0,167,False,duplicate_or_near_duplicate,T04_observable_alignment_proxy,T02_selection_potential_proxy,0.2796569209540137,0.2304844127903973
Random_Promoter_DREAM_base_track_16,Random_Promoter_DREAM_base_track_18,0,0.0,0.0,20000,1.0,,0,False,duplicate_or_near_duplicate,T04_observable_alignment_proxy,T04_observable_alignment_proxy,0.2796569209540137,0.6126186643836083
Random_Promoter_DREAM_base_track_16,Random_Promoter_DREAM_base_track_19,100000,0.6699808385480175,1.0,100000,1.0,1.0,50000,False,duplicate_or_near_duplicate,T04_observable_alignment_proxy,T04_observable_alignment_proxy,0.2796569209540137,0.2739614602244904
Random_Promoter_DREAM_base_track_16,Random_Promoter_DREAM_base_track_20,167,0.000987633877616195,0.00835,20000,1.0,1.0,167,False,duplicate_or_near_duplicate,T04_observable_alignment_proxy,T02_selection_potential_proxy,0.2796569209540137,0.2304844127903973
Random_Promoter_DREAM_base_track_16,extra_test_inregime_predictions_v0,138,0.000815988647114475,0.0069,20000,0.25,0.9060712237786329,138,False,possible_related,T04_observable_alignment_proxy,M09_dynamic_condition_weighted_multi_char6,0.2796569209540137,-20.82777179096411
Random_Promoter_DREAM_base_track_16,extra_test_maude_shift_predictions_v0,0,0.0,0.0,20000,0.25,,0,False,possible_related,T04_observable_alignment_proxy,M09_dynamic_condition_weighted_multi_char6,0.2796569209540137,-12.164092131389452
Random_Promoter_DREAM_base_track_16,extra_val_inregime_predictions_v0,167,0.000987633877616195,0.00835,20000,0.25,0.8730832199807002,167,False,possible_related,T04_observable_alignment_proxy,M09_dynamic_condition_weighted_multi_char6,0.2796569209540137,-20.89873013064813
Random_Promoter_DREAM_base_track_17,Random_Promoter_DREAM_base_track_18,0,0.0,0.0,20000,1.0,,0,False,duplicate_or_near_duplicate,T02_selection_potential_proxy,T04_observable_alignment_proxy,0.2304844127903973,0.6126186643836083
Random_Promoter_DREAM_base_track_17,Random_Promoter_DREAM_base_track_19,0,0.0,0.0,20000,1.0,,0,False,duplicate_or_near_duplicate,T02_selection_potential_proxy,T04_observable_alignment_proxy,0.2304844127903973,0.2739614602244904
Random_Promoter_DREAM_base_track_17,Random_Promoter_DREAM_base_track_20,20000,1.0,1.0,20000,1.0,0.9999999999999998,20000,True,duplicate_or_near_duplicate,T02_selection_potential_proxy,T02_selection_potential_proxy,0.2304844127903973,0.2304844127903973
Random_Promoter_DREAM_base_track_17,extra_test_inregime_predictions_v0,0,0.0,0.0,20000,1.0,,0,False,duplicate_or_near_duplicate,T02_selection_potential_proxy,M09_dynamic_condition_weighted_multi_char6,0.2304844127903973,-20.82777179096411
Random_Promoter_DREAM_base_track_17,extra_test_maude_shift_predictions_v0,0,0.0,0.0,20000,1.0,,0,False,duplicate_or_near_duplicate,T02_selection_potential_proxy,M09_dynamic_condition_weighted_multi_char6,0.2304844127903973,-12.164092131389452
Random_Promoter_DREAM_base_track_17,extra_val_inregime_predictions_v0,20000,1.0,1.0,20000,1.0,0.8807108632939082,20000,False,duplicate_or_near_duplicate,T02_selection_potential_proxy,M09_dynamic_condition_weighted_multi_char6,0.2304844127903973,-20.89873013064813
Random_Promoter_DREAM_base_track_18,Random_Promoter_DREAM_base_track_19,0,0.0,0.0,20000,1.0,,0,False,duplicate_or_near_duplicate,T04_observable_alignment_proxy,T04_observable_alignment_proxy,0.6126186643836083,0.2739614602244904
Random_Promoter_DREAM_base_track_18,Random_Promoter_DREAM_base_track_20,0,0.0,0.0,20000,1.0,,0,False,duplicate_or_near_duplicate,T04_observable_alignment_proxy,T02_selection_potential_proxy,0.6126186643836083,0.2304844127903973
Random_Promoter_DREAM_base_track_18,extra_test_inregime_predictions_v0,0,0.0,0.0,20000,1.0,,0,False,duplicate_or_near_duplicate,T04_observable_alignment_proxy,M09_dynamic_condition_weighted_multi_char6,0.6126186643836083,-20.82777179096411
Random_Promoter_DREAM_base_track_18,extra_test_maude_shift_predictions_v0,13871,1.0,1.0,20000,1.0,0.7270224827887698,13871,False,duplicate_or_near_duplicate,T04_observable_alignment_proxy,M09_dynamic_condition_weighted_multi_char6,0.6126186643836083,-12.164092131389452
Random_Promoter_DREAM_base_track_18,extra_val_inregime_predictions_v0,0,0.0,0.0,20000,1.0,,0,False,duplicate_or_near_duplicate,T04_observable_alignment_proxy,M09_dynamic_condition_weighted_multi_char6,0.6126186643836083,-20.89873013064813
Random_Promoter_DREAM_base_track_19,Random_Promoter_DREAM_base_track_20,0,0.0,0.0,20000,1.0,,0,False,duplicate_or_near_duplicate,T04_observable_alignment_proxy,T02_selection_potential_proxy,0.2739614602244904,0.2304844127903973
Random_Promoter_DREAM_base_track_19,extra_test_inregime_predictions_v0,0,0.0,0.0,20000,0.25,,0,False,possible_related,T04_observable_alignment_proxy,M09_dynamic_condition_weighted_multi_char6,0.2739614602244904,-20.82777179096411
Random_Promoter_DREAM_base_track_19,extra_test_maude_shift_predictions_v0,0,0.0,0.0,20000,0.25,,0,False,possible_related,T04_observable_alignment_proxy,M09_dynamic_condition_weighted_multi_char6,0.2739614602244904,-12.164092131389452
Random_Promoter_DREAM_base_track_19,extra_val_inregime_predictions_v0,0,0.0,0.0,20000,0.25,,0,False,possible_related,T04_observable_alignment_proxy,M09_dynamic_condition_weighted_multi_char6,0.2739614602244904,-20.89873013064813
Random_Promoter_DREAM_base_track_20,extra_test_inregime_predictions_v0,0,0.0,0.0,20000,1.0,,0,False,duplicate_or_near_duplicate,T02_selection_potential_proxy,M09_dynamic_condition_weighted_multi_char6,0.2304844127903973,-20.82777179096411
Random_Promoter_DREAM_base_track_20,extra_test_maude_shift_predictions_v0,0,0.0,0.0,20000,1.0,,0,False,duplicate_or_near_duplicate,T02_selection_potential_proxy,M09_dynamic_condition_weighted_multi_char6,0.2304844127903973,-12.164092131389452
Random_Promoter_DREAM_base_track_20,extra_val_inregime_predictions_v0,20000,1.0,1.0,20000,1.0,0.8807108632939082,20000,False,duplicate_or_near_duplicate,T02_selection_potential_proxy,M09_dynamic_condition_weighted_multi_char6,0.2304844127903973,-20.89873013064813
extra_test_inregime_predictions_v0,extra_test_maude_shift_predictions_v0,0,0.0,0.0,80000,1.0,,0,False,duplicate_or_near_duplicate,M09_dynamic_condition_weighted_multi_char6,M09_dynamic_condition_weighted_multi_char6,-20.82777179096411,-12.164092131389452
extra_test_inregime_predictions_v0,extra_val_inregime_predictions_v0,0,0.0,0.0,80000,1.0,,0,False,duplicate_or_near_duplicate,M09_dynamic_condition_weighted_multi_char6,M09_dynamic_condition_weighted_multi_char6,-20.82777179096411,-20.89873013064813
extra_test_maude_shift_predictions_v0,extra_val_inregime_predictions_v0,0,0.0,0.0,80000,1.0,,0,False,duplicate_or_near_duplicate,M09_dynamic_condition_weighted_multi_char6,M09_dynamic_condition_weighted_multi_char6,-12.164092131389452,-20.89873013064813
