source_table,track_name,dataset_source,model_id,model_label,model_family,evidence_tier,headline_eligible,branch_relation,split_rule,n_processed_rows,n_unique_sequences,n_train,n_test_or_n,target_column,r2,rmse,mae,r2_ci_low,r2_ci_high,bootstrap_repeats
PHASE5F_ALL_MODEL_CEILING_METRICS,Random_Promoter_DREAM_base_track,Random Promoter DREAM / MAUDE-derived,B01_Ridge_GLM_style,B01_Ridge_GLM_style,external_baseline,primary_headline,no,potential_duplicate_or_related,provided_split_column,150000,139904,60438.0,89562,target,-0.3365253605830203,6.372419563055435,4.532721877440811,-0.3455761226068017,-0.3287793055792585,300
PHASE5F_ALL_MODEL_CEILING_METRICS,Random_Promoter_DREAM_base_track,Random Promoter DREAM / MAUDE-derived,B02_ElasticNet_GLM,B02_ElasticNet_GLM,external_baseline,primary_headline,no,potential_duplicate_or_related,provided_split_column,150000,139904,60438.0,89562,target,-0.35247331665480974,6.410325951474356,4.627014502470729,-0.36105499604532343,-0.34499180052352835,300
PHASE5F_ALL_MODEL_CEILING_METRICS,Random_Promoter_DREAM_base_track,Random Promoter DREAM / MAUDE-derived,B03_NystroemKernelRidge_RBF,B03_NystroemKernelRidge_RBF,external_baseline,primary_headline,no,potential_duplicate_or_related,provided_split_column,150000,139904,60438.0,89562,target,-0.39003866247660035,6.498740569102299,4.742964627064694,-0.3981657866889459,-0.3823721039021992,300
PHASE5F_ALL_MODEL_CEILING_METRICS,Random_Promoter_DREAM_base_track,Random Promoter DREAM / MAUDE-derived,B04_ExtraTrees,B04_ExtraTrees,external_baseline,primary_headline,no,potential_duplicate_or_related,provided_split_column,150000,139904,60438.0,89562,target,-0.3721190982467888,6.456715711391022,4.555675947909512,-0.3811514859878739,-0.36377860479579655,300
PHASE5F_ALL_MODEL_CEILING_METRICS,Random_Promoter_DREAM_base_track,Random Promoter DREAM / MAUDE-derived,B05_RandomForest,B05_RandomForest,external_baseline,primary_headline,no,potential_duplicate_or_related,provided_split_column,150000,139904,60438.0,89562,target,-0.35897306765243253,6.425710943771163,4.539527876937887,-0.3679010395028686,-0.3509514793248635,300
PHASE5F_ALL_MODEL_CEILING_METRICS,Random_Promoter_DREAM_base_track,Random Promoter DREAM / MAUDE-derived,B06_HistGradientBoosting,B06_HistGradientBoosting,external_baseline,primary_headline,no,potential_duplicate_or_related,provided_split_column,150000,139904,60438.0,89562,target,-0.3791494941110838,6.473235877182677,4.542207684044392,-0.38894590853933214,-0.37001100942910936,300
PHASE5F_ALL_MODEL_CEILING_METRICS,Random_Promoter_DREAM_base_track,Random Promoter DREAM / MAUDE-derived,B07_Nystroem_SVR_like,B07_Nystroem_SVR_like,external_baseline,primary_headline,no,potential_duplicate_or_related,provided_split_column,150000,139904,60438.0,89562,target,-0.3250872773733695,6.345093152331243,4.645867832817798,-0.33235274631190503,-0.318130762086408,300
PHASE5F_ALL_MODEL_CEILING_METRICS,Random_Promoter_DREAM_base_track,Random Promoter DREAM / MAUDE-derived,B08_MLPRegressor,B08_MLPRegressor,external_baseline,primary_headline,no,potential_duplicate_or_related,provided_split_column,150000,139904,60438.0,89562,target,-0.40877413961663644,6.542390245369271,4.635250732094834,-0.41995197059087946,-0.39971021031966075,300
PHASE5F_ALL_MODEL_CEILING_METRICS,Random_Promoter_DREAM_base_track,Random Promoter DREAM / MAUDE-derived,N01_T04_ObservableAlignment_ExtraTrees,N01_T04_ObservableAlignment_ExtraTrees,atlas_nonlinear_head,primary_headline,no,potential_duplicate_or_related,provided_split_column,150000,139904,60438.0,89562,target,-0.3721190982467888,6.456715711391022,4.555675947909512,-0.381151485987874,-0.36377860479579655,300
PHASE5F_ALL_MODEL_CEILING_METRICS,Random_Promoter_DREAM_base_track,Random Promoter DREAM / MAUDE-derived,N02_T04_ObservableAlignment_HistGB,N02_T04_ObservableAlignment_HistGB,atlas_nonlinear_head,primary_headline,no,potential_duplicate_or_related,provided_split_column,150000,139904,60438.0,89562,target,-0.3787927508681317,6.472398610257154,4.541731727623953,-0.38858635465429664,-0.36965758295879647,300
PHASE5F_ALL_MODEL_CEILING_METRICS,Random_Promoter_DREAM_base_track,Random Promoter DREAM / MAUDE-derived,N03_T05_UncertaintyEnsemble_ExtraTrees,N03_T05_UncertaintyEnsemble_ExtraTrees,atlas_nonlinear_head,primary_headline,no,potential_duplicate_or_related,provided_split_column,150000,139904,60438.0,89562,target,-0.36485466386358145,6.43960107671961,4.545215300749819,-0.37373273269993706,-0.3565598529666947,300
PHASE5F_ALL_MODEL_CEILING_METRICS,Random_Promoter_DREAM_base_track,Random Promoter DREAM / MAUDE-derived,N04_T05_UncertaintyEnsemble_HistGB,N04_T05_UncertaintyEnsemble_HistGB,atlas_nonlinear_head,primary_headline,no,potential_duplicate_or_related,provided_split_column,150000,139904,60438.0,89562,target,-0.37564914972010977,6.465015974127722,4.538127691005682,-0.3853485740373717,-0.366564924230002,300
PHASE5F_ALL_MODEL_CEILING_METRICS,Random_Promoter_DREAM_base_track,Random Promoter DREAM / MAUDE-derived,N05_T02_SelectionPotential_HistGB,N05_T02_SelectionPotential_HistGB,atlas_nonlinear_head,primary_headline,no,potential_duplicate_or_related,provided_split_column,150000,139904,60438.0,89562,target,-0.38077186886517533,6.477042182369328,4.5432330217717665,-0.3905383659433398,-0.37157094742068575,300
PHASE5F_ALL_MODEL_CEILING_METRICS,PARM_GSE301246_held_out_context_track_TaskB,PARM/GSE301246,B01_Ridge_GLM_style,B01_Ridge_GLM_style,external_baseline,primary_headline,no,not_flagged,random_split,662,331,529.0,133,target,0.01091903690186391,0.6535745281207901,0.510857392265162,-0.03299998233718352,0.021760369370967474,300
PHASE5F_ALL_MODEL_CEILING_METRICS,PARM_GSE301246_held_out_context_track_TaskB,PARM/GSE301246,B02_ElasticNet_GLM,B02_ElasticNet_GLM,external_baseline,primary_headline,no,not_flagged,random_split,662,331,529.0,133,target,0.01309006863856832,0.6528568363495355,0.5102428302843337,-0.03279699114098683,0.026048819738927604,300
PHASE5F_ALL_MODEL_CEILING_METRICS,PARM_GSE301246_held_out_context_track_TaskB,PARM/GSE301246,B03_NystroemKernelRidge_RBF,B03_NystroemKernelRidge_RBF,external_baseline,primary_headline,no,not_flagged,random_split,662,331,529.0,133,target,-0.0952350015093193,0.6877535705465297,0.5372018056380623,-0.1868936611884452,-0.029219367616288204,300
PHASE5F_ALL_MODEL_CEILING_METRICS,PARM_GSE301246_held_out_context_track_TaskB,PARM/GSE301246,B04_ExtraTrees,B04_ExtraTrees,external_baseline,primary_headline,no,not_flagged,random_split,662,331,529.0,133,target,-0.1670166970347462,0.7099336004068109,0.5289574361698769,-0.3947705867298977,0.006653314680417085,300
PHASE5F_ALL_MODEL_CEILING_METRICS,PARM_GSE301246_held_out_context_track_TaskB,PARM/GSE301246,B05_RandomForest,B05_RandomForest,external_baseline,primary_headline,no,not_flagged,random_split,662,331,529.0,133,target,-0.14139135442965922,0.702095979039907,0.5324067147663026,-0.3014072580263817,-0.006230289719315647,300
PHASE5F_ALL_MODEL_CEILING_METRICS,PARM_GSE301246_held_out_context_track_TaskB,PARM/GSE301246,B06_HistGradientBoosting,B06_HistGradientBoosting,external_baseline,primary_headline,no,not_flagged,random_split,662,331,529.0,133,target,-0.352461343125682,0.7642608743437412,0.5497856802148657,-0.6724900510625953,-0.1293773713746153,300
PHASE5F_ALL_MODEL_CEILING_METRICS,PARM_GSE301246_held_out_context_track_TaskB,PARM/GSE301246,B07_Nystroem_SVR_like,B07_Nystroem_SVR_like,external_baseline,primary_headline,no,not_flagged,random_split,662,331,529.0,133,target,-0.3099185185875455,0.7521445923609369,0.5001129701277335,-0.4436556291929468,-0.1790764022222423,300
PHASE5F_ALL_MODEL_CEILING_METRICS,PARM_GSE301246_held_out_context_track_TaskB,PARM/GSE301246,B08_MLPRegressor,B08_MLPRegressor,external_baseline,primary_headline,no,not_flagged,random_split,662,331,529.0,133,target,-0.8210410660183891,0.8868273252655273,0.6623788218005187,-1.9243190667726848,-0.164000172861665,300
PHASE5F_ALL_MODEL_CEILING_METRICS,PARM_GSE301246_held_out_context_track_TaskB,PARM/GSE301246,N01_T04_ObservableAlignment_ExtraTrees,N01_T04_ObservableAlignment_ExtraTrees,atlas_nonlinear_head,primary_headline,no,not_flagged,random_split,662,331,529.0,133,target,0.1003169783382295,0.6233385104964209,0.4417359603515408,-0.09070311967058561,0.24592228493242937,300
PHASE5F_ALL_MODEL_CEILING_METRICS,PARM_GSE301246_held_out_context_track_TaskB,PARM/GSE301246,N02_T04_ObservableAlignment_HistGB,N02_T04_ObservableAlignment_HistGB,atlas_nonlinear_head,primary_headline,no,not_flagged,random_split,662,331,529.0,133,target,-0.012417054649422887,0.6612397038629293,0.4818043120810733,-0.24719923621898074,0.17228373804890917,300
PHASE5F_ALL_MODEL_CEILING_METRICS,PARM_GSE301246_held_out_context_track_TaskB,PARM/GSE301246,N03_T05_UncertaintyEnsemble_ExtraTrees,N03_T05_UncertaintyEnsemble_ExtraTrees,atlas_nonlinear_head,primary_headline,no,not_flagged,random_split,662,331,529.0,133,target,-0.20509839829114584,0.7214237757018216,0.5369200562662229,-0.37428738636598896,-0.08807711503499628,300
PHASE5F_ALL_MODEL_CEILING_METRICS,PARM_GSE301246_held_out_context_track_TaskB,PARM/GSE301246,N04_T05_UncertaintyEnsemble_HistGB,N04_T05_UncertaintyEnsemble_HistGB,atlas_nonlinear_head,primary_headline,no,not_flagged,random_split,662,331,529.0,133,target,-0.27052226160279336,0.7407477414560278,0.5397240560097545,-0.5012492668095313,-0.10242933935569416,300
PHASE5F_ALL_MODEL_CEILING_METRICS,PARM_GSE301246_held_out_context_track_TaskB,PARM/GSE301246,N05_T02_SelectionPotential_HistGB,N05_T02_SelectionPotential_HistGB,atlas_nonlinear_head,primary_headline,no,not_flagged,random_split,662,331,529.0,133,target,-0.37141604686641094,0.7695977864561199,0.5514217738356119,-0.6981536888274653,-0.15001460901642283,300
PHASE5F_ALL_MODEL_CEILING_METRICS,PARM_GSE301246_Task_C_stress_test,PARM/GSE301246,B01_Ridge_GLM_style,B01_Ridge_GLM_style,external_baseline,boundary_failure,no,not_flagged,group_shuffle_split,148392,16486,115416.0,32976,target,-0.14429593404163743,0.16123788367514025,0.1022510696691935,-0.16614473339571484,-0.12523549897198066,300
PHASE5F_ALL_MODEL_CEILING_METRICS,PARM_GSE301246_Task_C_stress_test,PARM/GSE301246,B02_ElasticNet_GLM,B02_ElasticNet_GLM,external_baseline,boundary_failure,no,not_flagged,group_shuffle_split,148392,16486,115416.0,32976,target,-0.1428967601690323,0.16113927769745873,0.10254506700779795,-0.16367130559183138,-0.12701320427355034,300
PHASE5F_ALL_MODEL_CEILING_METRICS,PARM_GSE301246_Task_C_stress_test,PARM/GSE301246,B03_NystroemKernelRidge_RBF,B03_NystroemKernelRidge_RBF,external_baseline,boundary_failure,no,not_flagged,group_shuffle_split,148392,16486,115416.0,32976,target,-0.1499066524742032,0.16163269157205934,0.10228790022868357,-0.17478583177036314,-0.131664879519849,300
PHASE5F_ALL_MODEL_CEILING_METRICS,PARM_GSE301246_Task_C_stress_test,PARM/GSE301246,B04_ExtraTrees,B04_ExtraTrees,external_baseline,boundary_failure,no,not_flagged,group_shuffle_split,148392,16486,115416.0,32976,target,-0.18128168548337031,0.16382291418552872,0.09921436000216144,-0.2781102581056556,-0.09468232820549802,300
PHASE5F_ALL_MODEL_CEILING_METRICS,PARM_GSE301246_Task_C_stress_test,PARM/GSE301246,B05_RandomForest,B05_RandomForest,external_baseline,boundary_failure,no,not_flagged,group_shuffle_split,148392,16486,115416.0,32976,target,-0.15929696125297843,0.1622913080175177,0.09872195708292274,-0.2509073677544207,-0.06836233314070966,300
PHASE5F_ALL_MODEL_CEILING_METRICS,PARM_GSE301246_Task_C_stress_test,PARM/GSE301246,B06_HistGradientBoosting,B06_HistGradientBoosting,external_baseline,boundary_failure,no,not_flagged,group_shuffle_split,148392,16486,115416.0,32976,target,-0.18050655097973145,0.16376915663010413,0.09140079986222602,-0.27718741175149214,-0.09230810780138025,300
PHASE5F_ALL_MODEL_CEILING_METRICS,PARM_GSE301246_Task_C_stress_test,PARM/GSE301246,B07_Nystroem_SVR_like,B07_Nystroem_SVR_like,external_baseline,boundary_failure,no,not_flagged,group_shuffle_split,148392,16486,115416.0,32976,target,-0.06618562197530342,0.15563752739688416,0.08471841618014131,-0.08373637378703698,-0.0519242330818271,300
PHASE5F_ALL_MODEL_CEILING_METRICS,PARM_GSE301246_Task_C_stress_test,PARM/GSE301246,B08_MLPRegressor,B08_MLPRegressor,external_baseline,boundary_failure,no,not_flagged,group_shuffle_split,148392,16486,115416.0,32976,target,-0.44806116424467857,0.1813808216652906,0.08065832965525334,-0.5924106150317108,-0.3035115512714038,300
PHASE5F_ALL_MODEL_CEILING_METRICS,PARM_GSE301246_Task_C_stress_test,PARM/GSE301246,N01_T04_ObservableAlignment_ExtraTrees,N01_T04_ObservableAlignment_ExtraTrees,atlas_nonlinear_head,boundary_failure,no,not_flagged,group_shuffle_split,148392,16486,115416.0,32976,target,-0.18128168548337031,0.16382291418552872,0.09921436000216144,-0.2781102581056556,-0.0946823282054979,300
PHASE5F_ALL_MODEL_CEILING_METRICS,PARM_GSE301246_Task_C_stress_test,PARM/GSE301246,N02_T04_ObservableAlignment_HistGB,N02_T04_ObservableAlignment_HistGB,atlas_nonlinear_head,boundary_failure,no,not_flagged,group_shuffle_split,148392,16486,115416.0,32976,target,-0.18050655097973145,0.16376915663010413,0.09140079986222602,-0.27718741175149214,-0.09230810780138025,300
PHASE5F_ALL_MODEL_CEILING_METRICS,PARM_GSE301246_Task_C_stress_test,PARM/GSE301246,N03_T05_UncertaintyEnsemble_ExtraTrees,N03_T05_UncertaintyEnsemble_ExtraTrees,atlas_nonlinear_head,boundary_failure,no,not_flagged,group_shuffle_split,148392,16486,115416.0,32976,target,-0.17615625790088507,0.16346712467689486,0.09960496873096243,-0.26327870923416075,-0.09311469611834529,300
PHASE5F_ALL_MODEL_CEILING_METRICS,PARM_GSE301246_Task_C_stress_test,PARM/GSE301246,N04_T05_UncertaintyEnsemble_HistGB,N04_T05_UncertaintyEnsemble_HistGB,atlas_nonlinear_head,boundary_failure,no,not_flagged,group_shuffle_split,148392,16486,115416.0,32976,target,-0.1674691817524736,0.16286232272166948,0.09145853420320146,-0.2654318904921318,-0.07864971347664339,300
PHASE5F_ALL_MODEL_CEILING_METRICS,PARM_GSE301246_Task_C_stress_test,PARM/GSE301246,N05_T02_SelectionPotential_HistGB,N05_T02_SelectionPotential_HistGB,atlas_nonlinear_head,boundary_failure,no,not_flagged,group_shuffle_split,148392,16486,115416.0,32976,target,-0.18171062528110538,0.163852654674473,0.0914500947595368,-0.2829783183755853,-0.09165609612501407,300
PHASE5F_ALL_MODEL_CEILING_METRICS,GSE221384_context_track,GSE221384-derived context,B01_Ridge_GLM_style,B01_Ridge_GLM_style,external_baseline,primary_headline,no,potential_duplicate_or_related,group_shuffle_split,150000,12499,112500.0,37500,target,0.016141445505727825,1.7986614897454534,1.5367962831125013,0.0076907784141707625,0.02306777120691231,300
PHASE5F_ALL_MODEL_CEILING_METRICS,GSE221384_context_track,GSE221384-derived context,B02_ElasticNet_GLM,B02_ElasticNet_GLM,external_baseline,primary_headline,no,potential_duplicate_or_related,group_shuffle_split,150000,12499,112500.0,37500,target,-0.0861479708440489,1.8898511568407375,1.6232662716398403,-0.0930794515153357,-0.07985903375503799,300
PHASE5F_ALL_MODEL_CEILING_METRICS,GSE221384_context_track,GSE221384-derived context,B03_NystroemKernelRidge_RBF,B03_NystroemKernelRidge_RBF,external_baseline,primary_headline,no,potential_duplicate_or_related,group_shuffle_split,150000,12499,112500.0,37500,target,-0.07929368590764474,1.8838786375643632,1.6163255763744615,-0.08583048151777116,-0.07232478883501868,300
PHASE5F_ALL_MODEL_CEILING_METRICS,GSE221384_context_track,GSE221384-derived context,B04_ExtraTrees,B04_ExtraTrees,external_baseline,primary_headline,no,potential_duplicate_or_related,group_shuffle_split,150000,12499,112500.0,37500,target,0.36434009276167334,1.4457576977854107,1.190843998525615,0.35589124575075354,0.3732439133145648,300
PHASE5F_ALL_MODEL_CEILING_METRICS,GSE221384_context_track,GSE221384-derived context,B05_RandomForest,B05_RandomForest,external_baseline,primary_headline,no,potential_duplicate_or_related,group_shuffle_split,150000,12499,112500.0,37500,target,0.39797538975254076,1.406987457128619,1.1514325290869083,0.3891818803863675,0.4062884103212868,300
PHASE5F_ALL_MODEL_CEILING_METRICS,GSE221384_context_track,GSE221384-derived context,B06_HistGradientBoosting,B06_HistGradientBoosting,external_baseline,primary_headline,no,potential_duplicate_or_related,group_shuffle_split,150000,12499,112500.0,37500,target,0.3102540057173442,1.5060094490457048,1.253968813672817,0.30153324757467403,0.31831204641594724,300
PHASE5F_ALL_MODEL_CEILING_METRICS,GSE221384_context_track,GSE221384-derived context,B07_Nystroem_SVR_like,B07_Nystroem_SVR_like,external_baseline,primary_headline,no,potential_duplicate_or_related,group_shuffle_split,150000,12499,112500.0,37500,target,-0.16502818618064308,1.9572726141016523,1.6636100073338576,-0.17442398535084605,-0.1560440821251215,300
PHASE5F_ALL_MODEL_CEILING_METRICS,GSE221384_context_track,GSE221384-derived context,B08_MLPRegressor,B08_MLPRegressor,external_baseline,primary_headline,no,potential_duplicate_or_related,group_shuffle_split,150000,12499,112500.0,37500,target,0.5624694124222619,1.1994642631586703,0.9554352732804553,0.5549355225550812,0.569571891670618,300
PHASE5F_ALL_MODEL_CEILING_METRICS,GSE221384_context_track,GSE221384-derived context,N01_T04_ObservableAlignment_ExtraTrees,N01_T04_ObservableAlignment_ExtraTrees,atlas_nonlinear_head,primary_headline,no,potential_duplicate_or_related,group_shuffle_split,150000,12499,112500.0,37500,target,0.36434009276167345,1.4457576977854105,1.190843998525615,0.35589124575075354,0.37324391331456475,300
PHASE5F_ALL_MODEL_CEILING_METRICS,GSE221384_context_track,GSE221384-derived context,N02_T04_ObservableAlignment_HistGB,N02_T04_ObservableAlignment_HistGB,atlas_nonlinear_head,primary_headline,no,potential_duplicate_or_related,group_shuffle_split,150000,12499,112500.0,37500,target,0.3102540057173442,1.5060094490457048,1.253968813672817,0.30153324757467403,0.31831204641594724,300
PHASE5F_ALL_MODEL_CEILING_METRICS,GSE221384_context_track,GSE221384-derived context,N03_T05_UncertaintyEnsemble_ExtraTrees,N03_T05_UncertaintyEnsemble_ExtraTrees,atlas_nonlinear_head,primary_headline,no,potential_duplicate_or_related,group_shuffle_split,150000,12499,112500.0,37500,target,0.3635588255063892,1.4466458899494221,1.1938922193051809,0.3552134824998865,0.37240226112268915,300
PHASE5F_ALL_MODEL_CEILING_METRICS,GSE221384_context_track,GSE221384-derived context,N04_T05_UncertaintyEnsemble_HistGB,N04_T05_UncertaintyEnsemble_HistGB,atlas_nonlinear_head,primary_headline,no,potential_duplicate_or_related,group_shuffle_split,150000,12499,112500.0,37500,target,0.31084800933110435,1.5053608278535076,1.2540490700871527,0.3023882446680869,0.31879095524389073,300
PHASE5F_ALL_MODEL_CEILING_METRICS,GSE221384_context_track,GSE221384-derived context,N05_T02_SelectionPotential_HistGB,N05_T02_SelectionPotential_HistGB,atlas_nonlinear_head,primary_headline,no,potential_duplicate_or_related,group_shuffle_split,150000,12499,112500.0,37500,target,0.30962503679146147,1.5066959461837064,1.254320144714594,0.301022243853523,0.3174422677132225,300
PHASE5F_ALL_MODEL_CEILING_METRICS,Random_Promoter_DREAM_base_track_2,Random Promoter DREAM / MAUDE-derived,B01_Ridge_GLM_style,B01_Ridge_GLM_style,external_baseline,primary_headline,no,potential_duplicate_or_related,random_split,71103,39069,56882.0,14221,target,0.474230574645769,0.5446090541467471,0.44238398205831003,0.4653337837881802,0.48518024939684207,300
PHASE5F_ALL_MODEL_CEILING_METRICS,Random_Promoter_DREAM_base_track_2,Random Promoter DREAM / MAUDE-derived,B02_ElasticNet_GLM,B02_ElasticNet_GLM,external_baseline,primary_headline,no,potential_duplicate_or_related,random_split,71103,39069,56882.0,14221,target,0.17914677745628171,0.6804871793146646,0.5681582718219985,0.17200225626004292,0.1866594188283411,300
PHASE5F_ALL_MODEL_CEILING_METRICS,Random_Promoter_DREAM_base_track_2,Random Promoter DREAM / MAUDE-derived,B03_NystroemKernelRidge_RBF,B03_NystroemKernelRidge_RBF,external_baseline,primary_headline,no,potential_duplicate_or_related,random_split,71103,39069,56882.0,14221,target,0.06220375365929698,0.7273466427883521,0.6082245016749761,0.05596887020676669,0.06782550811820184,300
PHASE5F_ALL_MODEL_CEILING_METRICS,Random_Promoter_DREAM_base_track_2,Random Promoter DREAM / MAUDE-derived,B04_ExtraTrees,B04_ExtraTrees,external_baseline,primary_headline,no,potential_duplicate_or_related,random_split,71103,39069,56882.0,14221,target,0.6807595832366726,0.424371420180336,0.3113091753859542,0.6709492563459954,0.6904956727621525,300
PHASE5F_ALL_MODEL_CEILING_METRICS,Random_Promoter_DREAM_base_track_2,Random Promoter DREAM / MAUDE-derived,B05_RandomForest,B05_RandomForest,external_baseline,primary_headline,no,potential_duplicate_or_related,random_split,71103,39069,56882.0,14221,target,0.6730305247309207,0.42947787808384186,0.3132372330470521,0.6627304545511419,0.6824918898279576,300
PHASE5F_ALL_MODEL_CEILING_METRICS,Random_Promoter_DREAM_base_track_2,Random Promoter DREAM / MAUDE-derived,B06_HistGradientBoosting,B06_HistGradientBoosting,external_baseline,primary_headline,no,potential_duplicate_or_related,random_split,71103,39069,56882.0,14221,target,0.6875068542339264,0.4198628423938811,0.3104634005771462,0.6785290944903783,0.6962089142352941,300
PHASE5F_ALL_MODEL_CEILING_METRICS,Random_Promoter_DREAM_base_track_2,Random Promoter DREAM / MAUDE-derived,B07_Nystroem_SVR_like,B07_Nystroem_SVR_like,external_baseline,primary_headline,no,potential_duplicate_or_related,random_split,71103,39069,56882.0,14221,target,0.05743937131550825,0.729191908915447,0.6073699058282441,0.05071364866548518,0.06411240608042136,300
PHASE5F_ALL_MODEL_CEILING_METRICS,Random_Promoter_DREAM_base_track_2,Random Promoter DREAM / MAUDE-derived,B08_MLPRegressor,B08_MLPRegressor,external_baseline,primary_headline,no,potential_duplicate_or_related,random_split,71103,39069,56882.0,14221,target,0.7382928185815737,0.384233311381836,0.2656383532863336,0.7278060587067595,0.7480776617621762,300
PHASE5F_ALL_MODEL_CEILING_METRICS,Random_Promoter_DREAM_base_track_2,Random Promoter DREAM / MAUDE-derived,N01_T04_ObservableAlignment_ExtraTrees,N01_T04_ObservableAlignment_ExtraTrees,atlas_nonlinear_head,primary_headline,no,potential_duplicate_or_related,random_split,71103,39069,56882.0,14221,target,0.6807595832366726,0.424371420180336,0.3113091753859542,0.6709492563459954,0.6904956727621525,300
PHASE5F_ALL_MODEL_CEILING_METRICS,Random_Promoter_DREAM_base_track_2,Random Promoter DREAM / MAUDE-derived,N02_T04_ObservableAlignment_HistGB,N02_T04_ObservableAlignment_HistGB,atlas_nonlinear_head,primary_headline,no,potential_duplicate_or_related,random_split,71103,39069,56882.0,14221,target,0.687507404950918,0.4198624724246411,0.3104697376179896,0.6785322059393172,0.6962084281400144,300
PHASE5F_ALL_MODEL_CEILING_METRICS,Random_Promoter_DREAM_base_track_2,Random Promoter DREAM / MAUDE-derived,N03_T05_UncertaintyEnsemble_ExtraTrees,N03_T05_UncertaintyEnsemble_ExtraTrees,atlas_nonlinear_head,primary_headline,no,potential_duplicate_or_related,random_split,71103,39069,56882.0,14221,target,0.6778576988561151,0.4262958176849719,0.315093204111774,0.6682898644878796,0.6873205305540461,300
PHASE5F_ALL_MODEL_CEILING_METRICS,Random_Promoter_DREAM_base_track_2,Random Promoter DREAM / MAUDE-derived,N04_T05_UncertaintyEnsemble_HistGB,N04_T05_UncertaintyEnsemble_HistGB,atlas_nonlinear_head,primary_headline,no,potential_duplicate_or_related,random_split,71103,39069,56882.0,14221,target,0.6877268988794739,0.41971499140681345,0.31098229546543227,0.6791404589710062,0.6961499319470915,300
PHASE5F_ALL_MODEL_CEILING_METRICS,Random_Promoter_DREAM_base_track_2,Random Promoter DREAM / MAUDE-derived,N05_T02_SelectionPotential_HistGB,N05_T02_SelectionPotential_HistGB,atlas_nonlinear_head,primary_headline,no,potential_duplicate_or_related,random_split,71103,39069,56882.0,14221,target,0.6849456671111965,0.4215799247081163,0.31291564871078253,0.676512264578744,0.6939365576059661,300
PHASE5F_ALL_MODEL_CEILING_METRICS,Random_Promoter_DREAM_base_track_3,Random Promoter DREAM / MAUDE-derived,B01_Ridge_GLM_style,B01_Ridge_GLM_style,external_baseline,primary_headline,no,potential_duplicate_or_related,random_split,150000,150000,120000.0,30000,target,0.28648722938507365,1.9994916787838621,1.5524296419994368,0.2786634889290077,0.2934495197188064,300
PHASE5F_ALL_MODEL_CEILING_METRICS,Random_Promoter_DREAM_base_track_3,Random Promoter DREAM / MAUDE-derived,B02_ElasticNet_GLM,B02_ElasticNet_GLM,external_baseline,primary_headline,no,potential_duplicate_or_related,random_split,150000,150000,120000.0,30000,target,0.179503349275571,2.1441597147603173,1.6905531413942303,0.17327406268981346,0.1857584411921818,300
PHASE5F_ALL_MODEL_CEILING_METRICS,Random_Promoter_DREAM_base_track_3,Random Promoter DREAM / MAUDE-derived,B03_NystroemKernelRidge_RBF,B03_NystroemKernelRidge_RBF,external_baseline,primary_headline,no,potential_duplicate_or_related,random_split,150000,150000,120000.0,30000,target,0.07481279223385184,2.276845362380821,1.8128133367202635,0.06869122182643882,0.08042524674525242,300
PHASE5F_ALL_MODEL_CEILING_METRICS,Random_Promoter_DREAM_base_track_3,Random Promoter DREAM / MAUDE-derived,B04_ExtraTrees,B04_ExtraTrees,external_baseline,primary_headline,no,potential_duplicate_or_related,random_split,150000,150000,120000.0,30000,target,0.3040211224574503,1.9747710661330782,1.526435657320625,0.2953547117351506,0.31170095524291314,300
PHASE5F_ALL_MODEL_CEILING_METRICS,Random_Promoter_DREAM_base_track_3,Random Promoter DREAM / MAUDE-derived,B05_RandomForest,B05_RandomForest,external_baseline,primary_headline,no,potential_duplicate_or_related,random_split,150000,150000,120000.0,30000,target,0.3013927785417989,1.9784963849521475,1.5283522659932363,0.2923199989075461,0.30930619193407094,300
PHASE5F_ALL_MODEL_CEILING_METRICS,Random_Promoter_DREAM_base_track_3,Random Promoter DREAM / MAUDE-derived,B06_HistGradientBoosting,B06_HistGradientBoosting,external_baseline,primary_headline,no,potential_duplicate_or_related,random_split,150000,150000,120000.0,30000,target,0.33232694139616237,1.934196762040737,1.4910489515344243,0.3237486929982059,0.3407987536667152,300
PHASE5F_ALL_MODEL_CEILING_METRICS,Random_Promoter_DREAM_base_track_3,Random Promoter DREAM / MAUDE-derived,B07_Nystroem_SVR_like,B07_Nystroem_SVR_like,external_baseline,primary_headline,no,potential_duplicate_or_related,random_split,150000,150000,120000.0,30000,target,0.05401753340668369,2.302291283596625,1.8055428675082283,0.04894835975828694,0.059470730397686175,300
PHASE5F_ALL_MODEL_CEILING_METRICS,Random_Promoter_DREAM_base_track_3,Random Promoter DREAM / MAUDE-derived,B08_MLPRegressor,B08_MLPRegressor,external_baseline,primary_headline,no,potential_duplicate_or_related,random_split,150000,150000,120000.0,30000,target,0.22478179622113392,2.0841583224864415,1.5975640049805968,0.2114375195907999,0.23927236689747422,300
PHASE5F_ALL_MODEL_CEILING_METRICS,Random_Promoter_DREAM_base_track_3,Random Promoter DREAM / MAUDE-derived,N01_T04_ObservableAlignment_ExtraTrees,N01_T04_ObservableAlignment_ExtraTrees,atlas_nonlinear_head,primary_headline,no,potential_duplicate_or_related,random_split,150000,150000,120000.0,30000,target,0.3040211224574503,1.9747710661330782,1.526435657320625,0.2953547117351506,0.31170095524291314,300
PHASE5F_ALL_MODEL_CEILING_METRICS,Random_Promoter_DREAM_base_track_3,Random Promoter DREAM / MAUDE-derived,N02_T04_ObservableAlignment_HistGB,N02_T04_ObservableAlignment_HistGB,atlas_nonlinear_head,primary_headline,no,potential_duplicate_or_related,random_split,150000,150000,120000.0,30000,target,0.3323246854777572,1.9342000296477886,1.4910286961798804,0.32374976525087573,0.3408060425332,300
PHASE5F_ALL_MODEL_CEILING_METRICS,Random_Promoter_DREAM_base_track_3,Random Promoter DREAM / MAUDE-derived,N03_T05_UncertaintyEnsemble_ExtraTrees,N03_T05_UncertaintyEnsemble_ExtraTrees,atlas_nonlinear_head,primary_headline,no,potential_duplicate_or_related,random_split,150000,150000,120000.0,30000,target,0.30800146438542764,1.9691160564049046,1.5223058623368735,0.2994533274788416,0.3157796165505076,300
PHASE5F_ALL_MODEL_CEILING_METRICS,Random_Promoter_DREAM_base_track_3,Random Promoter DREAM / MAUDE-derived,N04_T05_UncertaintyEnsemble_HistGB,N04_T05_UncertaintyEnsemble_HistGB,atlas_nonlinear_head,primary_headline,no,potential_duplicate_or_related,random_split,150000,150000,120000.0,30000,target,0.3323795388870995,1.9341205751263402,1.4912532010189121,0.324003148143191,0.3411849694101245,300
PHASE5F_ALL_MODEL_CEILING_METRICS,Random_Promoter_DREAM_base_track_3,Random Promoter DREAM / MAUDE-derived,N05_T02_SelectionPotential_HistGB,N05_T02_SelectionPotential_HistGB,atlas_nonlinear_head,primary_headline,no,potential_duplicate_or_related,random_split,150000,150000,120000.0,30000,target,0.3322158698621386,1.9343576381347245,1.4907440798154374,0.3235452856774583,0.3406204813083309,300
PHASE5F_ALL_MODEL_CEILING_METRICS,Random_Promoter_DREAM_base_track_4,Random Promoter DREAM / MAUDE-derived,B01_Ridge_GLM_style,B01_Ridge_GLM_style,external_baseline,primary_headline,no,potential_duplicate_or_related,random_split,149999,149999,119999.0,30000,target,0.2887410776929902,2.0094457882007126,1.556744794477691,0.28028570353337334,0.2970512336615521,300
PHASE5F_ALL_MODEL_CEILING_METRICS,Random_Promoter_DREAM_base_track_4,Random Promoter DREAM / MAUDE-derived,B02_ElasticNet_GLM,B02_ElasticNet_GLM,external_baseline,primary_headline,no,potential_duplicate_or_related,random_split,149999,149999,119999.0,30000,target,0.17695982407487598,2.1615881362441596,1.6952157174601767,0.17071642647342428,0.18383453617566484,300
PHASE5F_ALL_MODEL_CEILING_METRICS,Random_Promoter_DREAM_base_track_4,Random Promoter DREAM / MAUDE-derived,B03_NystroemKernelRidge_RBF,B03_NystroemKernelRidge_RBF,external_baseline,primary_headline,no,potential_duplicate_or_related,random_split,149999,149999,119999.0,30000,target,0.08013060049686838,2.2852068451416394,1.81386942865546,0.07500529912237273,0.08548694751373012,300
PHASE5F_ALL_MODEL_CEILING_METRICS,Random_Promoter_DREAM_base_track_4,Random Promoter DREAM / MAUDE-derived,B04_ExtraTrees,B04_ExtraTrees,external_baseline,primary_headline,no,potential_duplicate_or_related,random_split,149999,149999,119999.0,30000,target,0.30886221968692895,1.980818791130027,1.523919438322379,0.2999362591429164,0.3174036974055529,300
PHASE5F_ALL_MODEL_CEILING_METRICS,Random_Promoter_DREAM_base_track_4,Random Promoter DREAM / MAUDE-derived,B05_RandomForest,B05_RandomForest,external_baseline,primary_headline,no,potential_duplicate_or_related,random_split,149999,149999,119999.0,30000,target,0.3069514439467781,1.9835550675994111,1.5270900968847325,0.2986009484612376,0.31521733545148584,300
PHASE5F_ALL_MODEL_CEILING_METRICS,Random_Promoter_DREAM_base_track_4,Random Promoter DREAM / MAUDE-derived,B06_HistGradientBoosting,B06_HistGradientBoosting,external_baseline,primary_headline,no,potential_duplicate_or_related,random_split,149999,149999,119999.0,30000,target,0.34048850399028896,1.9349672350326237,1.4872952856215624,0.331593367138633,0.3491455147639911,300
PHASE5F_ALL_MODEL_CEILING_METRICS,Random_Promoter_DREAM_base_track_4,Random Promoter DREAM / MAUDE-derived,B07_Nystroem_SVR_like,B07_Nystroem_SVR_like,external_baseline,primary_headline,no,potential_duplicate_or_related,random_split,149999,149999,119999.0,30000,target,0.06034219523613071,2.3096559581721654,1.8078749216243795,0.05570473031464995,0.06518426279353173,300
PHASE5F_ALL_MODEL_CEILING_METRICS,Random_Promoter_DREAM_base_track_4,Random Promoter DREAM / MAUDE-derived,B08_MLPRegressor,B08_MLPRegressor,external_baseline,primary_headline,no,potential_duplicate_or_related,random_split,149999,149999,119999.0,30000,target,0.24298093616492666,2.073078934382233,1.5918316797878418,0.23167041622595877,0.25615611111532927,300
PHASE5F_ALL_MODEL_CEILING_METRICS,Random_Promoter_DREAM_base_track_4,Random Promoter DREAM / MAUDE-derived,N01_T04_ObservableAlignment_ExtraTrees,N01_T04_ObservableAlignment_ExtraTrees,atlas_nonlinear_head,primary_headline,no,potential_duplicate_or_related,random_split,149999,149999,119999.0,30000,target,0.30886221968692884,1.9808187911300272,1.5239194383223789,0.2999362591429164,0.31740369740555285,300
PHASE5F_ALL_MODEL_CEILING_METRICS,Random_Promoter_DREAM_base_track_4,Random Promoter DREAM / MAUDE-derived,N02_T04_ObservableAlignment_HistGB,N02_T04_ObservableAlignment_HistGB,atlas_nonlinear_head,primary_headline,no,potential_duplicate_or_related,random_split,149999,149999,119999.0,30000,target,0.3404882145374767,1.9349676596511858,1.4872922896011511,0.33159289874664205,0.3491455246456804,300
PHASE5F_ALL_MODEL_CEILING_METRICS,Random_Promoter_DREAM_base_track_4,Random Promoter DREAM / MAUDE-derived,N03_T05_UncertaintyEnsemble_ExtraTrees,N03_T05_UncertaintyEnsemble_ExtraTrees,atlas_nonlinear_head,primary_headline,no,potential_duplicate_or_related,random_split,149999,149999,119999.0,30000,target,0.3115880487515674,1.976908783706553,1.52126057428164,0.30247379836438315,0.3199332135823599,300
PHASE5F_ALL_MODEL_CEILING_METRICS,Random_Promoter_DREAM_base_track_4,Random Promoter DREAM / MAUDE-derived,N04_T05_UncertaintyEnsemble_HistGB,N04_T05_UncertaintyEnsemble_HistGB,atlas_nonlinear_head,primary_headline,no,potential_duplicate_or_related,random_split,149999,149999,119999.0,30000,target,0.34076073618880653,1.9345678373286346,1.4867610580044848,0.33155649326494585,0.3497205704004626,300
PHASE5F_ALL_MODEL_CEILING_METRICS,Random_Promoter_DREAM_base_track_4,Random Promoter DREAM / MAUDE-derived,N05_T02_SelectionPotential_HistGB,N05_T02_SelectionPotential_HistGB,atlas_nonlinear_head,primary_headline,no,potential_duplicate_or_related,random_split,149999,149999,119999.0,30000,target,0.34203726929735023,1.9326939072723155,1.4861807241285654,0.33332105846479076,0.3509247787459887,300
PHASE5F_ALL_MODEL_CEILING_METRICS,PARM_GSE301246_held_out_context_track,PARM/GSE301246,B01_Ridge_GLM_style,B01_Ridge_GLM_style,external_baseline,primary_headline,no,potential_duplicate_or_related,group_shuffle_split,6000,500,4500.0,1500,target,-0.03571515719625751,64.88158814484181,43.49144544474284,-0.09462292902944021,-0.003458416476262923,300
PHASE5F_ALL_MODEL_CEILING_METRICS,PARM_GSE301246_held_out_context_track,PARM/GSE301246,B02_ElasticNet_GLM,B02_ElasticNet_GLM,external_baseline,primary_headline,no,potential_duplicate_or_related,group_shuffle_split,6000,500,4500.0,1500,target,-0.050029826366834174,65.32841531835389,43.755004381815596,-0.10935866602429116,-0.0172026810797642,300
PHASE5F_ALL_MODEL_CEILING_METRICS,PARM_GSE301246_held_out_context_track,PARM/GSE301246,B03_NystroemKernelRidge_RBF,B03_NystroemKernelRidge_RBF,external_baseline,primary_headline,no,potential_duplicate_or_related,group_shuffle_split,6000,500,4500.0,1500,target,0.062253993157207366,61.73677193872904,38.033786820729574,-0.03453199713383682,0.146115411448003,300
PHASE5F_ALL_MODEL_CEILING_METRICS,PARM_GSE301246_held_out_context_track,PARM/GSE301246,B04_ExtraTrees,B04_ExtraTrees,external_baseline,primary_headline,no,potential_duplicate_or_related,group_shuffle_split,6000,500,4500.0,1500,target,0.34159976535485936,51.73045452469873,30.791840065098704,0.1283922628551004,0.5089731577924255,300
PHASE5F_ALL_MODEL_CEILING_METRICS,PARM_GSE301246_held_out_context_track,PARM/GSE301246,B05_RandomForest,B05_RandomForest,external_baseline,primary_headline,no,potential_duplicate_or_related,group_shuffle_split,6000,500,4500.0,1500,target,0.3728145587017606,50.489293093869996,29.98233591888667,0.16911817965505993,0.5303555937590824,300
PHASE5F_ALL_MODEL_CEILING_METRICS,PARM_GSE301246_held_out_context_track,PARM/GSE301246,B06_HistGradientBoosting,B06_HistGradientBoosting,external_baseline,primary_headline,no,potential_duplicate_or_related,group_shuffle_split,6000,500,4500.0,1500,target,0.3556354986817222,51.17609090648241,28.120137333396876,0.13384866430374115,0.5219602222445413,300
PHASE5F_ALL_MODEL_CEILING_METRICS,PARM_GSE301246_held_out_context_track,PARM/GSE301246,B07_Nystroem_SVR_like,B07_Nystroem_SVR_like,external_baseline,primary_headline,no,potential_duplicate_or_related,group_shuffle_split,6000,500,4500.0,1500,target,-0.016523819738569312,64.27766408523233,28.256851411102485,-0.03101099629619069,0.00023391056046366543,300
PHASE5F_ALL_MODEL_CEILING_METRICS,PARM_GSE301246_held_out_context_track,PARM/GSE301246,B08_MLPRegressor,B08_MLPRegressor,external_baseline,primary_headline,no,potential_duplicate_or_related,group_shuffle_split,6000,500,4500.0,1500,target,0.3239756607301142,52.41824447334195,28.49085295033455,0.10842785311733294,0.5023504429964896,300
PHASE5F_ALL_MODEL_CEILING_METRICS,PARM_GSE301246_held_out_context_track,PARM/GSE301246,N01_T04_ObservableAlignment_ExtraTrees,N01_T04_ObservableAlignment_ExtraTrees,atlas_nonlinear_head,primary_headline,no,potential_duplicate_or_related,group_shuffle_split,6000,500,4500.0,1500,target,0.34159976535485936,51.73045452469873,30.791840065098704,0.1283922628551004,0.5089731577924255,300
PHASE5F_ALL_MODEL_CEILING_METRICS,PARM_GSE301246_held_out_context_track,PARM/GSE301246,N02_T04_ObservableAlignment_HistGB,N02_T04_ObservableAlignment_HistGB,atlas_nonlinear_head,primary_headline,no,potential_duplicate_or_related,group_shuffle_split,6000,500,4500.0,1500,target,0.3556354986817222,51.17609090648241,28.120137333396876,0.13384866430374115,0.5219602222445413,300
PHASE5F_ALL_MODEL_CEILING_METRICS,PARM_GSE301246_held_out_context_track,PARM/GSE301246,N03_T05_UncertaintyEnsemble_ExtraTrees,N03_T05_UncertaintyEnsemble_ExtraTrees,atlas_nonlinear_head,primary_headline,no,potential_duplicate_or_related,group_shuffle_split,6000,500,4500.0,1500,target,0.29457379608740986,53.54600815923166,31.82591165268923,0.04921643446699431,0.4814287685166154,300
PHASE5F_ALL_MODEL_CEILING_METRICS,PARM_GSE301246_held_out_context_track,PARM/GSE301246,N04_T05_UncertaintyEnsemble_HistGB,N04_T05_UncertaintyEnsemble_HistGB,atlas_nonlinear_head,primary_headline,no,potential_duplicate_or_related,group_shuffle_split,6000,500,4500.0,1500,target,0.30202532837076057,53.26244973500802,28.864987644280603,0.06091322594560672,0.4869511629984633,300
PHASE5F_ALL_MODEL_CEILING_METRICS,PARM_GSE301246_held_out_context_track,PARM/GSE301246,N05_T02_SelectionPotential_HistGB,N05_T02_SelectionPotential_HistGB,atlas_nonlinear_head,primary_headline,no,potential_duplicate_or_related,group_shuffle_split,6000,500,4500.0,1500,target,0.3556304606880505,51.176290967408825,28.0933617450048,0.1339194498132149,0.5218365469921571,300
PHASE5F_ALL_MODEL_CEILING_METRICS,PARM_GSE301246_held_out_context_track_2,PARM/GSE301246,B01_Ridge_GLM_style,B01_Ridge_GLM_style,external_baseline,primary_headline,no,potential_duplicate_or_related,group_shuffle_split,150000,12499,112500.0,37500,target,0.04391989602996649,123.28618371326218,63.42476596598307,0.035616733614564244,0.05129501574069614,300
PHASE5F_ALL_MODEL_CEILING_METRICS,PARM_GSE301246_held_out_context_track_2,PARM/GSE301246,B02_ElasticNet_GLM,B02_ElasticNet_GLM,external_baseline,primary_headline,no,potential_duplicate_or_related,group_shuffle_split,150000,12499,112500.0,37500,target,-0.025758866871328,127.69970938736596,67.04082042053223,-0.03354740464485131,-0.019608594536509722,300
PHASE5F_ALL_MODEL_CEILING_METRICS,PARM_GSE301246_held_out_context_track_2,PARM/GSE301246,B03_NystroemKernelRidge_RBF,B03_NystroemKernelRidge_RBF,external_baseline,primary_headline,no,potential_duplicate_or_related,group_shuffle_split,150000,12499,112500.0,37500,target,0.006074842286797222,125.70255661279148,66.46497498463948,-0.023628577596577976,0.042163104594078446,300
PHASE5F_ALL_MODEL_CEILING_METRICS,PARM_GSE301246_held_out_context_track_2,PARM/GSE301246,B04_ExtraTrees,B04_ExtraTrees,external_baseline,primary_headline,no,potential_duplicate_or_related,group_shuffle_split,150000,12499,112500.0,37500,target,0.3430586107178484,102.1952196232862,54.317386594712886,0.27543527134242196,0.40001630942914274,300
PHASE5F_ALL_MODEL_CEILING_METRICS,PARM_GSE301246_held_out_context_track_2,PARM/GSE301246,B05_RandomForest,B05_RandomForest,external_baseline,primary_headline,no,potential_duplicate_or_related,group_shuffle_split,150000,12499,112500.0,37500,target,0.3625020823497602,100.67152657796834,53.43785695560217,0.29953645250107613,0.41602040361356196,300
PHASE5F_ALL_MODEL_CEILING_METRICS,PARM_GSE301246_held_out_context_track_2,PARM/GSE301246,B06_HistGradientBoosting,B06_HistGradientBoosting,external_baseline,primary_headline,no,potential_duplicate_or_related,group_shuffle_split,150000,12499,112500.0,37500,target,0.39459396013179804,98.10488741803518,51.0243456907017,0.3305599504827314,0.442463044683591,300
PHASE5F_ALL_MODEL_CEILING_METRICS,PARM_GSE301246_held_out_context_track_2,PARM/GSE301246,B07_Nystroem_SVR_like,B07_Nystroem_SVR_like,external_baseline,primary_headline,no,potential_duplicate_or_related,group_shuffle_split,150000,12499,112500.0,37500,target,-0.037460145295546754,128.42600708089805,43.71888371063124,-0.04120761764798155,-0.033767378251727674,300
PHASE5F_ALL_MODEL_CEILING_METRICS,PARM_GSE301246_held_out_context_track_2,PARM/GSE301246,B08_MLPRegressor,B08_MLPRegressor,external_baseline,primary_headline,no,potential_duplicate_or_related,group_shuffle_split,150000,12499,112500.0,37500,target,0.4132263816406281,96.58341536558717,45.06029228593349,0.36406652509005016,0.4499452803963285,300
PHASE5F_ALL_MODEL_CEILING_METRICS,PARM_GSE301246_held_out_context_track_2,PARM/GSE301246,N01_T04_ObservableAlignment_ExtraTrees,N01_T04_ObservableAlignment_ExtraTrees,atlas_nonlinear_head,primary_headline,no,potential_duplicate_or_related,group_shuffle_split,150000,12499,112500.0,37500,target,0.3430586107178484,102.1952196232862,54.317386594712886,0.27543527134242196,0.40001630942914274,300
PHASE5F_ALL_MODEL_CEILING_METRICS,PARM_GSE301246_held_out_context_track_2,PARM/GSE301246,N02_T04_ObservableAlignment_HistGB,N02_T04_ObservableAlignment_HistGB,atlas_nonlinear_head,primary_headline,no,potential_duplicate_or_related,group_shuffle_split,150000,12499,112500.0,37500,target,0.39459396013179804,98.10488741803518,51.0243456907017,0.3305599504827314,0.442463044683591,300
PHASE5F_ALL_MODEL_CEILING_METRICS,PARM_GSE301246_held_out_context_track_2,PARM/GSE301246,N03_T05_UncertaintyEnsemble_ExtraTrees,N03_T05_UncertaintyEnsemble_ExtraTrees,atlas_nonlinear_head,primary_headline,no,potential_duplicate_or_related,group_shuffle_split,150000,12499,112500.0,37500,target,0.3425439498633517,102.23524266246848,53.95729455397379,0.2723959023780631,0.40698361433102925,300
PHASE5F_ALL_MODEL_CEILING_METRICS,PARM_GSE301246_held_out_context_track_2,PARM/GSE301246,N04_T05_UncertaintyEnsemble_HistGB,N04_T05_UncertaintyEnsemble_HistGB,atlas_nonlinear_head,primary_headline,no,potential_duplicate_or_related,group_shuffle_split,150000,12499,112500.0,37500,target,0.39550231061299623,98.03126156413242,51.069959914602585,0.33230690800114693,0.44954198339219487,300
PHASE5F_ALL_MODEL_CEILING_METRICS,PARM_GSE301246_held_out_context_track_2,PARM/GSE301246,N05_T02_SelectionPotential_HistGB,N05_T02_SelectionPotential_HistGB,atlas_nonlinear_head,primary_headline,no,potential_duplicate_or_related,group_shuffle_split,150000,12499,112500.0,37500,target,0.39420449737212737,98.13643819118367,51.20640694004293,0.3309736051616131,0.44183161933156334,300
PHASE5F_ALL_MODEL_CEILING_METRICS,PARM_GSE301246_held_out_context_track_3,PARM/GSE301246,B01_Ridge_GLM_style,B01_Ridge_GLM_style,external_baseline,primary_headline,no,potential_duplicate_or_related,random_split,50,50,40.0,10,target,0.004756562173158563,236.18401113547287,176.74861755371094,-4.972439853490377,0.03565175229915121,300
PHASE5F_ALL_MODEL_CEILING_METRICS,PARM_GSE301246_held_out_context_track_3,PARM/GSE301246,B02_ElasticNet_GLM,B02_ElasticNet_GLM,external_baseline,primary_headline,no,potential_duplicate_or_related,random_split,50,50,40.0,10,target,0.15397881608392783,217.7591694686863,159.34365844726562,-4.939640285521739,0.29354978080743316,300
PHASE5F_ALL_MODEL_CEILING_METRICS,PARM_GSE301246_held_out_context_track_3,PARM/GSE301246,B03_NystroemKernelRidge_RBF,B03_NystroemKernelRidge_RBF,external_baseline,primary_headline,no,potential_duplicate_or_related,random_split,50,50,40.0,10,target,-0.03942010526313311,241.36894331240077,188.1630432128906,-6.360973505595764,-9.797093737356001e-05,300
PHASE5F_ALL_MODEL_CEILING_METRICS,PARM_GSE301246_held_out_context_track_3,PARM/GSE301246,B04_ExtraTrees,B04_ExtraTrees,external_baseline,primary_headline,no,potential_duplicate_or_related,random_split,50,50,40.0,10,target,0.2761678304980636,201.4210116799563,150.96434375000007,-2.8838094279413222,0.43262437078943555,300
PHASE5F_ALL_MODEL_CEILING_METRICS,PARM_GSE301246_held_out_context_track_3,PARM/GSE301246,B05_RandomForest,B05_RandomForest,external_baseline,primary_headline,no,potential_duplicate_or_related,random_split,50,50,40.0,10,target,0.149508591153525,218.33371181571206,155.70214768217892,-2.2453343345894505,0.32135587325031667,300
PHASE5F_ALL_MODEL_CEILING_METRICS,PARM_GSE301246_held_out_context_track_3,PARM/GSE301246,B06_HistGradientBoosting,B06_HistGradientBoosting,external_baseline,primary_headline,no,potential_duplicate_or_related,random_split,50,50,40.0,10,target,-0.06189256586331271,243.96421203002313,181.5969751306239,-6.8371094803218355,0.14645195265367847,300
PHASE5F_ALL_MODEL_CEILING_METRICS,PARM_GSE301246_held_out_context_track_3,PARM/GSE301246,B07_Nystroem_SVR_like,B07_Nystroem_SVR_like,external_baseline,primary_headline,no,potential_duplicate_or_related,random_split,50,50,40.0,10,target,-0.6379863581274334,302.9988448822866,195.5,-2.893551702049952,-0.27620573417016664,300
PHASE5F_ALL_MODEL_CEILING_METRICS,PARM_GSE301246_held_out_context_track_3,PARM/GSE301246,B08_MLPRegressor,B08_MLPRegressor,external_baseline,primary_headline,no,potential_duplicate_or_related,random_split,50,50,40.0,10,target,-0.184276199931928,257.63943220191004,168.90603790283203,-1.467665918869125,0.043372843074531195,300
PHASE5F_ALL_MODEL_CEILING_METRICS,PARM_GSE301246_held_out_context_track_3,PARM/GSE301246,N01_T04_ObservableAlignment_ExtraTrees,N01_T04_ObservableAlignment_ExtraTrees,atlas_nonlinear_head,primary_headline,no,potential_duplicate_or_related,random_split,50,50,40.0,10,target,0.2761678304980636,201.4210116799563,150.96434375000007,-2.8838094279413222,0.43262437078943555,300
PHASE5F_ALL_MODEL_CEILING_METRICS,PARM_GSE301246_held_out_context_track_3,PARM/GSE301246,N02_T04_ObservableAlignment_HistGB,N02_T04_ObservableAlignment_HistGB,atlas_nonlinear_head,primary_headline,no,potential_duplicate_or_related,random_split,50,50,40.0,10,target,-0.06189256613521277,243.96421206125694,181.59697519846557,-6.837109491627645,0.14645195270187963,300
PHASE5F_ALL_MODEL_CEILING_METRICS,PARM_GSE301246_held_out_context_track_3,PARM/GSE301246,N03_T05_UncertaintyEnsemble_ExtraTrees,N03_T05_UncertaintyEnsemble_ExtraTrees,atlas_nonlinear_head,primary_headline,no,potential_duplicate_or_related,random_split,50,50,40.0,10,target,-0.09866846909549443,248.15279037698372,157.3598372748779,-1.1612955211133553,0.12937302629644512,300
PHASE5F_ALL_MODEL_CEILING_METRICS,PARM_GSE301246_held_out_context_track_3,PARM/GSE301246,N04_T05_UncertaintyEnsemble_HistGB,N04_T05_UncertaintyEnsemble_HistGB,atlas_nonlinear_head,primary_headline,no,potential_duplicate_or_related,random_split,50,50,40.0,10,target,0.20280128777677608,211.38254717163494,154.25755569168206,-2.8843706341191275,0.25999125944438095,300
PHASE5F_ALL_MODEL_CEILING_METRICS,PARM_GSE301246_held_out_context_track_3,PARM/GSE301246,N05_T02_SelectionPotential_HistGB,N05_T02_SelectionPotential_HistGB,atlas_nonlinear_head,primary_headline,no,potential_duplicate_or_related,random_split,50,50,40.0,10,target,-0.01845059283237127,238.92182051552356,177.24337259043057,-6.58601523390776,0.18663894306318046,300
PHASE5F_ALL_MODEL_CEILING_METRICS,PARM_GSE301246_held_out_context_track_4,PARM/GSE301246,B01_Ridge_GLM_style,B01_Ridge_GLM_style,external_baseline,primary_headline,no,potential_duplicate_or_related,random_split,50,50,40.0,10,target,-0.015442982568402153,112.51384444948567,80.05780410766602,-14.141929975170111,0.00030832930132990003,300
PHASE5F_ALL_MODEL_CEILING_METRICS,PARM_GSE301246_held_out_context_track_4,PARM/GSE301246,B02_ElasticNet_GLM,B02_ElasticNet_GLM,external_baseline,primary_headline,no,potential_duplicate_or_related,random_split,50,50,40.0,10,target,-0.06865339872056309,115.42413498616945,83.87481079101562,-20.54769625805101,-0.009261228981971296,300
PHASE5F_ALL_MODEL_CEILING_METRICS,PARM_GSE301246_held_out_context_track_4,PARM/GSE301246,B03_NystroemKernelRidge_RBF,B03_NystroemKernelRidge_RBF,external_baseline,primary_headline,no,potential_duplicate_or_related,random_split,50,50,40.0,10,target,-0.018940465594270206,112.70744320624647,81.05986938476562,-14.843523017517574,-7.535356461709782e-05,300
PHASE5F_ALL_MODEL_CEILING_METRICS,PARM_GSE301246_held_out_context_track_4,PARM/GSE301246,B04_ExtraTrees,B04_ExtraTrees,external_baseline,primary_headline,no,potential_duplicate_or_related,random_split,50,50,40.0,10,target,0.315247305990912,92.39427620680979,62.52012835948773,-16.57610870189932,0.4395370697041298,300
PHASE5F_ALL_MODEL_CEILING_METRICS,PARM_GSE301246_held_out_context_track_4,PARM/GSE301246,B05_RandomForest,B05_RandomForest,external_baseline,primary_headline,no,potential_duplicate_or_related,random_split,50,50,40.0,10,target,0.17798860180242204,101.23183580033256,72.93601131854258,-21.51719609375635,0.3081461506323581,300
PHASE5F_ALL_MODEL_CEILING_METRICS,PARM_GSE301246_held_out_context_track_4,PARM/GSE301246,B06_HistGradientBoosting,B06_HistGradientBoosting,external_baseline,primary_headline,no,potential_duplicate_or_related,random_split,50,50,40.0,10,target,-0.1499928435161315,119.73628013789576,83.79689738323843,-22.05237343441734,-0.06321963778419278,300
PHASE5F_ALL_MODEL_CEILING_METRICS,PARM_GSE301246_held_out_context_track_4,PARM/GSE301246,B07_Nystroem_SVR_like,B07_Nystroem_SVR_like,external_baseline,primary_headline,no,potential_duplicate_or_related,random_split,50,50,40.0,10,target,-0.2551536716601801,125.0911667544915,63.2,-1.2517770563460304,-0.06236472501706882,300
PHASE5F_ALL_MODEL_CEILING_METRICS,PARM_GSE301246_held_out_context_track_4,PARM/GSE301246,B08_MLPRegressor,B08_MLPRegressor,external_baseline,primary_headline,no,potential_duplicate_or_related,random_split,50,50,40.0,10,target,-0.15526109043028025,120.01022944990912,72.416792678833,-5.003101700417361,-0.07094958439771862,300
PHASE5F_ALL_MODEL_CEILING_METRICS,PARM_GSE301246_held_out_context_track_4,PARM/GSE301246,N01_T04_ObservableAlignment_ExtraTrees,N01_T04_ObservableAlignment_ExtraTrees,atlas_nonlinear_head,primary_headline,no,potential_duplicate_or_related,random_split,50,50,40.0,10,target,0.3152473059909118,92.39427620680982,62.520128359487764,-16.576108701899322,0.4395370697041298,300
PHASE5F_ALL_MODEL_CEILING_METRICS,PARM_GSE301246_held_out_context_track_4,PARM/GSE301246,N02_T04_ObservableAlignment_HistGB,N02_T04_ObservableAlignment_HistGB,atlas_nonlinear_head,primary_headline,no,potential_duplicate_or_related,random_split,50,50,40.0,10,target,-0.14999284345979125,119.7362801349627,83.7968973707456,-22.052373422386317,-0.06321963780042231,300
PHASE5F_ALL_MODEL_CEILING_METRICS,PARM_GSE301246_held_out_context_track_4,PARM/GSE301246,N03_T05_UncertaintyEnsemble_ExtraTrees,N03_T05_UncertaintyEnsemble_ExtraTrees,atlas_nonlinear_head,primary_headline,no,potential_duplicate_or_related,random_split,50,50,40.0,10,target,0.22572683351496903,98.24835715095823,64.39555409070098,-9.759039626366178,0.3254745139975373,300
PHASE5F_ALL_MODEL_CEILING_METRICS,PARM_GSE301246_held_out_context_track_4,PARM/GSE301246,N04_T05_UncertaintyEnsemble_HistGB,N04_T05_UncertaintyEnsemble_HistGB,atlas_nonlinear_head,primary_headline,no,potential_duplicate_or_related,random_split,50,50,40.0,10,target,0.011083231283860906,111.03453124546937,79.42454623747095,-14.885952284169774,0.04306557681580346,300
PHASE5F_ALL_MODEL_CEILING_METRICS,PARM_GSE301246_held_out_context_track_4,PARM/GSE301246,N05_T02_SelectionPotential_HistGB,N05_T02_SelectionPotential_HistGB,atlas_nonlinear_head,primary_headline,no,potential_duplicate_or_related,random_split,50,50,40.0,10,target,-0.15677726893359978,120.08895506012267,84.26257259130745,-22.097637218994954,-0.07392878850962557,300
PHASE5F_ALL_MODEL_CEILING_METRICS,PARM_GSE301246_held_out_context_track_5,PARM/GSE301246,B01_Ridge_GLM_style,B01_Ridge_GLM_style,external_baseline,primary_headline,no,potential_duplicate_or_related,random_split,50,50,40.0,10,target,0.014301824822077203,28.58158882323471,24.42951774597168,-0.8755355433983099,0.03837825681707785,300
PHASE5F_ALL_MODEL_CEILING_METRICS,PARM_GSE301246_held_out_context_track_5,PARM/GSE301246,B02_ElasticNet_GLM,B02_ElasticNet_GLM,external_baseline,primary_headline,no,potential_duplicate_or_related,random_split,50,50,40.0,10,target,0.005443779608969801,28.709726804887403,24.444184875488283,-0.9340256308692299,0.11642986746183115,300
PHASE5F_ALL_MODEL_CEILING_METRICS,PARM_GSE301246_held_out_context_track_5,PARM/GSE301246,B03_NystroemKernelRidge_RBF,B03_NystroemKernelRidge_RBF,external_baseline,primary_headline,no,potential_duplicate_or_related,random_split,50,50,40.0,10,target,-0.0005163534704497597,28.79562350604984,24.80000114440918,-0.9226790354730883,-0.00039178712453677683,300
PHASE5F_ALL_MODEL_CEILING_METRICS,PARM_GSE301246_held_out_context_track_5,PARM/GSE301246,B04_ExtraTrees,B04_ExtraTrees,external_baseline,primary_headline,no,potential_duplicate_or_related,random_split,50,50,40.0,10,target,-0.709850153420315,37.64379647629368,30.52729951298702,-4.8016436684346955,0.36241926223592275,300
PHASE5F_ALL_MODEL_CEILING_METRICS,PARM_GSE301246_held_out_context_track_5,PARM/GSE301246,B05_RandomForest,B05_RandomForest,external_baseline,primary_headline,no,potential_duplicate_or_related,random_split,50,50,40.0,10,target,-0.09095314386693021,30.068893021046804,25.63023184107559,-1.1587226054968238,0.19380104587441926,300
PHASE5F_ALL_MODEL_CEILING_METRICS,PARM_GSE301246_held_out_context_track_5,PARM/GSE301246,B06_HistGradientBoosting,B06_HistGradientBoosting,external_baseline,primary_headline,no,potential_duplicate_or_related,random_split,50,50,40.0,10,target,-0.04328780993689141,29.40467999083306,24.7036108700768,-1.3396046177680185,0.22098608927886665,300
PHASE5F_ALL_MODEL_CEILING_METRICS,PARM_GSE301246_held_out_context_track_5,PARM/GSE301246,B07_Nystroem_SVR_like,B07_Nystroem_SVR_like,external_baseline,primary_headline,no,potential_duplicate_or_related,random_split,50,50,40.0,10,target,-1.0733466681568333,41.45246415717234,32.82021674502202,-5.136115583043992,-0.2418899562007147,300
PHASE5F_ALL_MODEL_CEILING_METRICS,PARM_GSE301246_held_out_context_track_5,PARM/GSE301246,B08_MLPRegressor,B08_MLPRegressor,external_baseline,primary_headline,no,potential_duplicate_or_related,random_split,50,50,40.0,10,target,-0.23389663890327328,31.978182851085784,26.619146156311036,-1.8595615483574983,0.054021537169086045,300
PHASE5F_ALL_MODEL_CEILING_METRICS,PARM_GSE301246_held_out_context_track_5,PARM/GSE301246,N01_T04_ObservableAlignment_ExtraTrees,N01_T04_ObservableAlignment_ExtraTrees,atlas_nonlinear_head,primary_headline,no,potential_duplicate_or_related,random_split,50,50,40.0,10,target,-0.7098501534203148,37.64379647629367,30.527299512987007,-4.801643668434695,0.3624192622359229,300
PHASE5F_ALL_MODEL_CEILING_METRICS,PARM_GSE301246_held_out_context_track_5,PARM/GSE301246,N02_T04_ObservableAlignment_HistGB,N02_T04_ObservableAlignment_HistGB,atlas_nonlinear_head,primary_headline,no,potential_duplicate_or_related,random_split,50,50,40.0,10,target,-0.04328781010154148,29.404679993153362,24.7036108700768,-1.3396046199205958,0.2209860895400425,300
PHASE5F_ALL_MODEL_CEILING_METRICS,PARM_GSE301246_held_out_context_track_5,PARM/GSE301246,N03_T05_UncertaintyEnsemble_ExtraTrees,N03_T05_UncertaintyEnsemble_ExtraTrees,atlas_nonlinear_head,primary_headline,no,potential_duplicate_or_related,random_split,50,50,40.0,10,target,-0.43200821265459766,34.44983492441762,30.48458586309524,-2.3912663900899482,-0.1288515145861429,300
PHASE5F_ALL_MODEL_CEILING_METRICS,PARM_GSE301246_held_out_context_track_5,PARM/GSE301246,N04_T05_UncertaintyEnsemble_HistGB,N04_T05_UncertaintyEnsemble_HistGB,atlas_nonlinear_head,primary_headline,no,potential_duplicate_or_related,random_split,50,50,40.0,10,target,-0.3116937106496094,32.9708853329414,29.022196255937455,-1.4412432717514931,-0.17771369469295434,300
PHASE5F_ALL_MODEL_CEILING_METRICS,PARM_GSE301246_held_out_context_track_5,PARM/GSE301246,N05_T02_SelectionPotential_HistGB,N05_T02_SelectionPotential_HistGB,atlas_nonlinear_head,primary_headline,no,potential_duplicate_or_related,random_split,50,50,40.0,10,target,-0.034288866451365196,29.277589398040156,24.609093695852174,-1.2993909345477517,0.22650877113607684,300
PHASE5F_ALL_MODEL_CEILING_METRICS,PARM_GSE301246_held_out_context_track_6,PARM/GSE301246,B01_Ridge_GLM_style,B01_Ridge_GLM_style,external_baseline,primary_headline,no,potential_duplicate_or_related,random_split,50,50,40.0,10,target,-1.329185817482803,46.17910097711469,42.388285064697264,-40.08813727603121,-0.037587439054493584,300
PHASE5F_ALL_MODEL_CEILING_METRICS,PARM_GSE301246_held_out_context_track_6,PARM/GSE301246,B02_ElasticNet_GLM,B02_ElasticNet_GLM,external_baseline,primary_headline,no,potential_duplicate_or_related,random_split,50,50,40.0,10,target,-1.4936643555795315,47.78178876302556,43.659732055664065,-45.55940213100604,-0.18122047537140717,300
PHASE5F_ALL_MODEL_CEILING_METRICS,PARM_GSE301246_held_out_context_track_6,PARM/GSE301246,B03_NystroemKernelRidge_RBF,B03_NystroemKernelRidge_RBF,external_baseline,primary_headline,no,potential_duplicate_or_related,random_split,50,50,40.0,10,target,-1.391587092778912,46.793605104380035,44.09656677246094,-39.809280340478225,-0.10469691315895563,300
PHASE5F_ALL_MODEL_CEILING_METRICS,PARM_GSE301246_held_out_context_track_6,PARM/GSE301246,B04_ExtraTrees,B04_ExtraTrees,external_baseline,primary_headline,no,potential_duplicate_or_related,random_split,50,50,40.0,10,target,-2.1151620573365038,53.405222340282506,40.389694940476225,-39.65608985606492,-0.1554956669063801,300
PHASE5F_ALL_MODEL_CEILING_METRICS,PARM_GSE301246_held_out_context_track_6,PARM/GSE301246,B05_RandomForest,B05_RandomForest,external_baseline,primary_headline,no,potential_duplicate_or_related,random_split,50,50,40.0,10,target,-0.4589287040793888,36.54773268353216,29.45444426406926,-12.93174743429035,0.33870314905865,300
PHASE5F_ALL_MODEL_CEILING_METRICS,PARM_GSE301246_held_out_context_track_6,PARM/GSE301246,B06_HistGradientBoosting,B06_HistGradientBoosting,external_baseline,primary_headline,no,potential_duplicate_or_related,random_split,50,50,40.0,10,target,-2.1754507820410085,53.91953002396688,48.290786276370895,-52.9799396788866,-0.3505738833331864,300
PHASE5F_ALL_MODEL_CEILING_METRICS,PARM_GSE301246_held_out_context_track_6,PARM/GSE301246,B07_Nystroem_SVR_like,B07_Nystroem_SVR_like,external_baseline,primary_headline,no,potential_duplicate_or_related,random_split,50,50,40.0,10,target,-0.25652469680924095,33.91789721387027,20.905053026650076,-1.1306743031645319,-0.011969164655475638,300
PHASE5F_ALL_MODEL_CEILING_METRICS,PARM_GSE301246_held_out_context_track_6,PARM/GSE301246,B08_MLPRegressor,B08_MLPRegressor,external_baseline,primary_headline,no,potential_duplicate_or_related,random_split,50,50,40.0,10,target,-0.03994900688093672,30.856696400293895,21.50729103088379,-3.148407395634182,0.22884286600378478,300
PHASE5F_ALL_MODEL_CEILING_METRICS,PARM_GSE301246_held_out_context_track_6,PARM/GSE301246,N01_T04_ObservableAlignment_ExtraTrees,N01_T04_ObservableAlignment_ExtraTrees,atlas_nonlinear_head,primary_headline,no,potential_duplicate_or_related,random_split,50,50,40.0,10,target,-2.1151620573365055,53.40522234028252,40.38969494047625,-39.65608985606495,-0.15549566690637975,300
PHASE5F_ALL_MODEL_CEILING_METRICS,PARM_GSE301246_held_out_context_track_6,PARM/GSE301246,N02_T04_ObservableAlignment_HistGB,N02_T04_ObservableAlignment_HistGB,atlas_nonlinear_head,primary_headline,no,potential_duplicate_or_related,random_split,50,50,40.0,10,target,-2.175450784932236,53.91953004851358,48.29078629545363,-52.97993973097996,-0.35057388466077655,300
PHASE5F_ALL_MODEL_CEILING_METRICS,PARM_GSE301246_held_out_context_track_6,PARM/GSE301246,N03_T05_UncertaintyEnsemble_ExtraTrees,N03_T05_UncertaintyEnsemble_ExtraTrees,atlas_nonlinear_head,primary_headline,no,potential_duplicate_or_related,random_split,50,50,40.0,10,target,-0.4343537708829188,36.23861115536253,26.217125744047614,-14.180922382219702,0.676723865180172,300
PHASE5F_ALL_MODEL_CEILING_METRICS,PARM_GSE301246_held_out_context_track_6,PARM/GSE301246,N04_T05_UncertaintyEnsemble_HistGB,N04_T05_UncertaintyEnsemble_HistGB,atlas_nonlinear_head,primary_headline,no,potential_duplicate_or_related,random_split,50,50,40.0,10,target,-0.786493352576918,40.443069293580116,36.748880556316976,-27.466740927151584,0.027743858207397352,300
PHASE5F_ALL_MODEL_CEILING_METRICS,PARM_GSE301246_held_out_context_track_6,PARM/GSE301246,N05_T02_SelectionPotential_HistGB,N05_T02_SelectionPotential_HistGB,atlas_nonlinear_head,primary_headline,no,potential_duplicate_or_related,random_split,50,50,40.0,10,target,-2.0459161729349753,52.808323314533915,47.61127356553676,-50.380673949606255,-0.3489780154759588,300
PHASE5F_ALL_MODEL_CEILING_METRICS,PARM_GSE301246_held_out_context_track_7,PARM/GSE301246,B01_Ridge_GLM_style,B01_Ridge_GLM_style,external_baseline,primary_headline,no,potential_duplicate_or_related,random_split,50,50,40.0,10,target,-0.038960932920660385,14025.727741003164,11446.9818359375,-1.0375823081924207,-0.014833825623380403,300
PHASE5F_ALL_MODEL_CEILING_METRICS,PARM_GSE301246_held_out_context_track_7,PARM/GSE301246,B02_ElasticNet_GLM,B02_ElasticNet_GLM,external_baseline,primary_headline,no,potential_duplicate_or_related,random_split,50,50,40.0,10,target,-0.29347071406676517,15649.630778773664,12442.8203125,-1.8420992022983338,0.006296476120256041,300
PHASE5F_ALL_MODEL_CEILING_METRICS,PARM_GSE301246_held_out_context_track_7,PARM/GSE301246,B03_NystroemKernelRidge_RBF,B03_NystroemKernelRidge_RBF,external_baseline,primary_headline,no,potential_duplicate_or_related,random_split,50,50,40.0,10,target,-0.0033879482533702987,13783.52301766833,11211.0,-1.0110181973088117,-0.000112192408469708,300
PHASE5F_ALL_MODEL_CEILING_METRICS,PARM_GSE301246_held_out_context_track_7,PARM/GSE301246,B04_ExtraTrees,B04_ExtraTrees,external_baseline,primary_headline,no,potential_duplicate_or_related,random_split,50,50,40.0,10,target,-0.19052811881902576,15013.972785286544,11074.158724950397,-2.3616222078199156,0.4529066477151514,300
PHASE5F_ALL_MODEL_CEILING_METRICS,PARM_GSE301246_held_out_context_track_7,PARM/GSE301246,B05_RandomForest,B05_RandomForest,external_baseline,primary_headline,no,potential_duplicate_or_related,random_split,50,50,40.0,10,target,-0.08753491686212733,14349.851288602522,12061.770963744591,-1.3977314307156727,0.27436501353204457,300
PHASE5F_ALL_MODEL_CEILING_METRICS,PARM_GSE301246_held_out_context_track_7,PARM/GSE301246,B06_HistGradientBoosting,B06_HistGradientBoosting,external_baseline,primary_headline,no,potential_duplicate_or_related,random_split,50,50,40.0,10,target,0.0744361916337023,13238.201212930826,11419.162455168906,-0.999156666063107,0.2241694986920303,300
PHASE5F_ALL_MODEL_CEILING_METRICS,PARM_GSE301246_held_out_context_track_7,PARM/GSE301246,B07_Nystroem_SVR_like,B07_Nystroem_SVR_like,external_baseline,primary_headline,no,potential_duplicate_or_related,random_split,50,50,40.0,10,target,-2.472169628242195,25640.48658274644,21635.4,-8.850639977341292,-1.2791283833480986,300
PHASE5F_ALL_MODEL_CEILING_METRICS,PARM_GSE301246_held_out_context_track_7,PARM/GSE301246,B08_MLPRegressor,B08_MLPRegressor,external_baseline,primary_headline,no,potential_duplicate_or_related,random_split,50,50,40.0,10,target,-2.4805178367303538,25671.2920505948,21671.810485124588,-8.871300218492397,-1.2856914137002922,300
PHASE5F_ALL_MODEL_CEILING_METRICS,PARM_GSE301246_held_out_context_track_7,PARM/GSE301246,N01_T04_ObservableAlignment_ExtraTrees,N01_T04_ObservableAlignment_ExtraTrees,atlas_nonlinear_head,primary_headline,no,potential_duplicate_or_related,random_split,50,50,40.0,10,target,-0.19052811881902532,15013.972785286544,11074.158724950397,-2.3616222078199143,0.4529066477151512,300
PHASE5F_ALL_MODEL_CEILING_METRICS,PARM_GSE301246_held_out_context_track_7,PARM/GSE301246,N02_T04_ObservableAlignment_HistGB,N02_T04_ObservableAlignment_HistGB,atlas_nonlinear_head,primary_headline,no,potential_duplicate_or_related,random_split,50,50,40.0,10,target,0.07443619150695613,13238.201213837241,11419.162456907532,-0.9991566672386172,0.22416949858074997,300
PHASE5F_ALL_MODEL_CEILING_METRICS,PARM_GSE301246_held_out_context_track_7,PARM/GSE301246,N03_T05_UncertaintyEnsemble_ExtraTrees,N03_T05_UncertaintyEnsemble_ExtraTrees,atlas_nonlinear_head,primary_headline,no,potential_duplicate_or_related,random_split,50,50,40.0,10,target,-0.010364597315991375,13831.359063791997,11524.526810416666,-1.7842889782660356,0.3912748829877848,300
PHASE5F_ALL_MODEL_CEILING_METRICS,PARM_GSE301246_held_out_context_track_7,PARM/GSE301246,N04_T05_UncertaintyEnsemble_HistGB,N04_T05_UncertaintyEnsemble_HistGB,atlas_nonlinear_head,primary_headline,no,potential_duplicate_or_related,random_split,50,50,40.0,10,target,-0.050573322224140016,14103.892197763127,12202.981300534506,-1.6108085571028623,0.15584100652238028,300
PHASE5F_ALL_MODEL_CEILING_METRICS,PARM_GSE301246_held_out_context_track_7,PARM/GSE301246,N05_T02_SelectionPotential_HistGB,N05_T02_SelectionPotential_HistGB,atlas_nonlinear_head,primary_headline,no,potential_duplicate_or_related,random_split,50,50,40.0,10,target,0.02522605768727748,13585.5664546222,11652.577922692706,-1.1556273384058375,0.18956632528089817,300
PHASE5F_ALL_MODEL_CEILING_METRICS,Random_Promoter_DREAM_base_track_5,Random Promoter DREAM / MAUDE-derived,B01_Ridge_GLM_style,B01_Ridge_GLM_style,external_baseline,primary_headline,no,potential_duplicate_or_related,random_split,71103,39069,56882.0,14221,target,0.474230574645769,0.5446090541467471,0.44238398205831003,0.4653337837881802,0.48518024939684207,300
PHASE5F_ALL_MODEL_CEILING_METRICS,Random_Promoter_DREAM_base_track_5,Random Promoter DREAM / MAUDE-derived,B02_ElasticNet_GLM,B02_ElasticNet_GLM,external_baseline,primary_headline,no,potential_duplicate_or_related,random_split,71103,39069,56882.0,14221,target,0.17914677745628171,0.6804871793146646,0.5681582718219985,0.17200225626004292,0.1866594188283411,300
PHASE5F_ALL_MODEL_CEILING_METRICS,Random_Promoter_DREAM_base_track_5,Random Promoter DREAM / MAUDE-derived,B03_NystroemKernelRidge_RBF,B03_NystroemKernelRidge_RBF,external_baseline,primary_headline,no,potential_duplicate_or_related,random_split,71103,39069,56882.0,14221,target,0.06220375365929698,0.7273466427883521,0.6082245016749761,0.05596887020676669,0.06782550811820184,300
PHASE5F_ALL_MODEL_CEILING_METRICS,Random_Promoter_DREAM_base_track_5,Random Promoter DREAM / MAUDE-derived,B04_ExtraTrees,B04_ExtraTrees,external_baseline,primary_headline,no,potential_duplicate_or_related,random_split,71103,39069,56882.0,14221,target,0.6807595832366726,0.424371420180336,0.3113091753859542,0.6709492563459954,0.6904956727621525,300
PHASE5F_ALL_MODEL_CEILING_METRICS,Random_Promoter_DREAM_base_track_5,Random Promoter DREAM / MAUDE-derived,B05_RandomForest,B05_RandomForest,external_baseline,primary_headline,no,potential_duplicate_or_related,random_split,71103,39069,56882.0,14221,target,0.6730305247309208,0.4294778780838418,0.3132372330470521,0.6627304545511419,0.6824918898279577,300
PHASE5F_ALL_MODEL_CEILING_METRICS,Random_Promoter_DREAM_base_track_5,Random Promoter DREAM / MAUDE-derived,B06_HistGradientBoosting,B06_HistGradientBoosting,external_baseline,primary_headline,no,potential_duplicate_or_related,random_split,71103,39069,56882.0,14221,target,0.6875068542339264,0.4198628423938811,0.3104634005771462,0.6785290944903783,0.6962089142352941,300
PHASE5F_ALL_MODEL_CEILING_METRICS,Random_Promoter_DREAM_base_track_5,Random Promoter DREAM / MAUDE-derived,B07_Nystroem_SVR_like,B07_Nystroem_SVR_like,external_baseline,primary_headline,no,potential_duplicate_or_related,random_split,71103,39069,56882.0,14221,target,0.05743937131550825,0.729191908915447,0.6073699058282441,0.05071364866548518,0.06411240608042136,300
PHASE5F_ALL_MODEL_CEILING_METRICS,Random_Promoter_DREAM_base_track_5,Random Promoter DREAM / MAUDE-derived,B08_MLPRegressor,B08_MLPRegressor,external_baseline,primary_headline,no,potential_duplicate_or_related,random_split,71103,39069,56882.0,14221,target,0.7382928185815737,0.384233311381836,0.2656383532863336,0.7278060587067595,0.7480776617621762,300
PHASE5F_ALL_MODEL_CEILING_METRICS,Random_Promoter_DREAM_base_track_5,Random Promoter DREAM / MAUDE-derived,N01_T04_ObservableAlignment_ExtraTrees,N01_T04_ObservableAlignment_ExtraTrees,atlas_nonlinear_head,primary_headline,no,potential_duplicate_or_related,random_split,71103,39069,56882.0,14221,target,0.6807595832366726,0.424371420180336,0.3113091753859542,0.6709492563459954,0.6904956727621525,300
PHASE5F_ALL_MODEL_CEILING_METRICS,Random_Promoter_DREAM_base_track_5,Random Promoter DREAM / MAUDE-derived,N02_T04_ObservableAlignment_HistGB,N02_T04_ObservableAlignment_HistGB,atlas_nonlinear_head,primary_headline,no,potential_duplicate_or_related,random_split,71103,39069,56882.0,14221,target,0.687507404950918,0.4198624724246411,0.3104697376179896,0.6785322059393172,0.6962084281400144,300
PHASE5F_ALL_MODEL_CEILING_METRICS,Random_Promoter_DREAM_base_track_5,Random Promoter DREAM / MAUDE-derived,N03_T05_UncertaintyEnsemble_ExtraTrees,N03_T05_UncertaintyEnsemble_ExtraTrees,atlas_nonlinear_head,primary_headline,no,potential_duplicate_or_related,random_split,71103,39069,56882.0,14221,target,0.6778576988561151,0.4262958176849719,0.315093204111774,0.6682898644878796,0.6873205305540461,300
PHASE5F_ALL_MODEL_CEILING_METRICS,Random_Promoter_DREAM_base_track_5,Random Promoter DREAM / MAUDE-derived,N04_T05_UncertaintyEnsemble_HistGB,N04_T05_UncertaintyEnsemble_HistGB,atlas_nonlinear_head,primary_headline,no,potential_duplicate_or_related,random_split,71103,39069,56882.0,14221,target,0.6877268988794739,0.41971499140681345,0.31098229546543227,0.6791404589710062,0.6961499319470915,300
PHASE5F_ALL_MODEL_CEILING_METRICS,Random_Promoter_DREAM_base_track_5,Random Promoter DREAM / MAUDE-derived,N05_T02_SelectionPotential_HistGB,N05_T02_SelectionPotential_HistGB,atlas_nonlinear_head,primary_headline,no,potential_duplicate_or_related,random_split,71103,39069,56882.0,14221,target,0.6849456671111965,0.4215799247081163,0.31291564871078253,0.676512264578744,0.6939365576059661,300
PHASE5F_ALL_MODEL_CEILING_METRICS,Random_Promoter_DREAM_base_track_6,Random Promoter DREAM / MAUDE-derived,B01_Ridge_GLM_style,B01_Ridge_GLM_style,external_baseline,primary_headline,no,potential_duplicate_or_related,random_split,149999,149999,119999.0,30000,target,0.28737686314733635,1.9971035266027524,1.5493968833949097,0.27909145066996277,0.2951185519508912,300
PHASE5F_ALL_MODEL_CEILING_METRICS,Random_Promoter_DREAM_base_track_6,Random Promoter DREAM / MAUDE-derived,B02_ElasticNet_GLM,B02_ElasticNet_GLM,external_baseline,primary_headline,no,potential_duplicate_or_related,random_split,149999,149999,119999.0,30000,target,0.1803236044283839,2.1418637155290026,1.6877053659959342,0.17356602796664078,0.18635496533472312,300
PHASE5F_ALL_MODEL_CEILING_METRICS,Random_Promoter_DREAM_base_track_6,Random Promoter DREAM / MAUDE-derived,B03_NystroemKernelRidge_RBF,B03_NystroemKernelRidge_RBF,external_baseline,primary_headline,no,potential_duplicate_or_related,random_split,149999,149999,119999.0,30000,target,0.07774590512877422,2.2719350697575673,1.8059321797571632,0.07189021115346031,0.08336364000626263,300
PHASE5F_ALL_MODEL_CEILING_METRICS,Random_Promoter_DREAM_base_track_6,Random Promoter DREAM / MAUDE-derived,B04_ExtraTrees,B04_ExtraTrees,external_baseline,primary_headline,no,potential_duplicate_or_related,random_split,149999,149999,119999.0,30000,target,0.30135909152442686,1.9774140939034677,1.5267448393345966,0.29275157456180134,0.30995431854424166,300
PHASE5F_ALL_MODEL_CEILING_METRICS,Random_Promoter_DREAM_base_track_6,Random Promoter DREAM / MAUDE-derived,B05_RandomForest,B05_RandomForest,external_baseline,primary_headline,no,potential_duplicate_or_related,random_split,149999,149999,119999.0,30000,target,0.2991577608943681,1.9805269367508715,1.528776858676096,0.290339738079839,0.308134638872514,300
PHASE5F_ALL_MODEL_CEILING_METRICS,Random_Promoter_DREAM_base_track_6,Random Promoter DREAM / MAUDE-derived,B06_HistGradientBoosting,B06_HistGradientBoosting,external_baseline,primary_headline,no,potential_duplicate_or_related,random_split,149999,149999,119999.0,30000,target,0.33266584244508624,1.9326014306849253,1.4884267172581827,0.32455962977128927,0.3416185549591738,300
PHASE5F_ALL_MODEL_CEILING_METRICS,Random_Promoter_DREAM_base_track_6,Random Promoter DREAM / MAUDE-derived,B07_Nystroem_SVR_like,B07_Nystroem_SVR_like,external_baseline,primary_headline,no,potential_duplicate_or_related,random_split,149999,149999,119999.0,30000,target,0.05632953137374874,2.2981628580759663,1.8013503486656128,0.05075793874337781,0.06180394457840289,300
PHASE5F_ALL_MODEL_CEILING_METRICS,Random_Promoter_DREAM_base_track_6,Random Promoter DREAM / MAUDE-derived,B08_MLPRegressor,B08_MLPRegressor,external_baseline,primary_headline,no,potential_duplicate_or_related,random_split,149999,149999,119999.0,30000,target,0.23773138399422067,2.0654973352428083,1.585831656263694,0.22635623558819237,0.24957434579711665,300
PHASE5F_ALL_MODEL_CEILING_METRICS,Random_Promoter_DREAM_base_track_6,Random Promoter DREAM / MAUDE-derived,N01_T04_ObservableAlignment_ExtraTrees,N01_T04_ObservableAlignment_ExtraTrees,atlas_nonlinear_head,primary_headline,no,potential_duplicate_or_related,random_split,149999,149999,119999.0,30000,target,0.30135909152442686,1.9774140939034677,1.5267448393345968,0.29275157456180134,0.30995431854424166,300
PHASE5F_ALL_MODEL_CEILING_METRICS,Random_Promoter_DREAM_base_track_6,Random Promoter DREAM / MAUDE-derived,N02_T04_ObservableAlignment_HistGB,N02_T04_ObservableAlignment_HistGB,atlas_nonlinear_head,primary_headline,no,potential_duplicate_or_related,random_split,149999,149999,119999.0,30000,target,0.3326725020477005,1.932591787547747,1.4883637628866362,0.32459203440905854,0.34161902506121783,300
PHASE5F_ALL_MODEL_CEILING_METRICS,Random_Promoter_DREAM_base_track_6,Random Promoter DREAM / MAUDE-derived,N03_T05_UncertaintyEnsemble_ExtraTrees,N03_T05_UncertaintyEnsemble_ExtraTrees,atlas_nonlinear_head,primary_headline,no,potential_duplicate_or_related,random_split,149999,149999,119999.0,30000,target,0.3057891925582046,1.971134705309199,1.5228698797730407,0.29725365890773503,0.3146743150086063,300
PHASE5F_ALL_MODEL_CEILING_METRICS,Random_Promoter_DREAM_base_track_6,Random Promoter DREAM / MAUDE-derived,N04_T05_UncertaintyEnsemble_HistGB,N04_T05_UncertaintyEnsemble_HistGB,atlas_nonlinear_head,primary_headline,no,potential_duplicate_or_related,random_split,149999,149999,119999.0,30000,target,0.3323898854199402,1.9330009755101565,1.4890291842377783,0.32412372743835016,0.3410004968310145,300
PHASE5F_ALL_MODEL_CEILING_METRICS,Random_Promoter_DREAM_base_track_6,Random Promoter DREAM / MAUDE-derived,N05_T02_SelectionPotential_HistGB,N05_T02_SelectionPotential_HistGB,atlas_nonlinear_head,primary_headline,no,potential_duplicate_or_related,random_split,149999,149999,119999.0,30000,target,0.3319192745498426,1.9336821597769895,1.488696669720917,0.32367320610759276,0.3409896435688168,300
PHASE5F_ALL_MODEL_CEILING_METRICS,Random_Promoter_DREAM_base_track_7,Random Promoter DREAM / MAUDE-derived,B01_Ridge_GLM_style,B01_Ridge_GLM_style,external_baseline,primary_headline,no,potential_duplicate_or_related,random_split,149999,149999,119999.0,30000,target,0.2929368983057846,1.9874779711285793,1.53871528534775,0.2847497057886192,0.3008673677538411,300
PHASE5F_ALL_MODEL_CEILING_METRICS,Random_Promoter_DREAM_base_track_7,Random Promoter DREAM / MAUDE-derived,B02_ElasticNet_GLM,B02_ElasticNet_GLM,external_baseline,primary_headline,no,potential_duplicate_or_related,random_split,149999,149999,119999.0,30000,target,0.18160675211316435,2.1382291972289744,1.6811511182180208,0.17603343419399625,0.1883410479492432,300
PHASE5F_ALL_MODEL_CEILING_METRICS,Random_Promoter_DREAM_base_track_7,Random Promoter DREAM / MAUDE-derived,B03_NystroemKernelRidge_RBF,B03_NystroemKernelRidge_RBF,external_baseline,primary_headline,no,potential_duplicate_or_related,random_split,149999,149999,119999.0,30000,target,0.0771271560105119,2.270618490228704,1.8030428283770437,0.07166561603773587,0.08313700645279853,300
PHASE5F_ALL_MODEL_CEILING_METRICS,Random_Promoter_DREAM_base_track_7,Random Promoter DREAM / MAUDE-derived,B04_ExtraTrees,B04_ExtraTrees,external_baseline,primary_headline,no,potential_duplicate_or_related,random_split,149999,149999,119999.0,30000,target,0.31414563241049087,1.9574433000404583,1.5071509794297895,0.3051108208269104,0.32330494745825994,300
PHASE5F_ALL_MODEL_CEILING_METRICS,Random_Promoter_DREAM_base_track_7,Random Promoter DREAM / MAUDE-derived,B05_RandomForest,B05_RandomForest,external_baseline,primary_headline,no,potential_duplicate_or_related,random_split,149999,149999,119999.0,30000,target,0.30992765076540907,1.963453179795443,1.5129535573778063,0.30034570436401703,0.31854149295610124,300
PHASE5F_ALL_MODEL_CEILING_METRICS,Random_Promoter_DREAM_base_track_7,Random Promoter DREAM / MAUDE-derived,B06_HistGradientBoosting,B06_HistGradientBoosting,external_baseline,primary_headline,no,potential_duplicate_or_related,random_split,149999,149999,119999.0,30000,target,0.34004630283511816,1.92012706745984,1.4746138366036297,0.3309635859441434,0.34909760385735206,300
PHASE5F_ALL_MODEL_CEILING_METRICS,Random_Promoter_DREAM_base_track_7,Random Promoter DREAM / MAUDE-derived,B07_Nystroem_SVR_like,B07_Nystroem_SVR_like,external_baseline,primary_headline,no,potential_duplicate_or_related,random_split,149999,149999,119999.0,30000,target,0.055900854419955515,2.2965824355514908,1.7956940004697841,0.05059915352628745,0.06095139029488367,300
PHASE5F_ALL_MODEL_CEILING_METRICS,Random_Promoter_DREAM_base_track_7,Random Promoter DREAM / MAUDE-derived,B08_MLPRegressor,B08_MLPRegressor,external_baseline,primary_headline,no,potential_duplicate_or_related,random_split,149999,149999,119999.0,30000,target,0.2425084093861526,2.0571319272191775,1.579081115082085,0.23147152493630918,0.2537670569085152,300
PHASE5F_ALL_MODEL_CEILING_METRICS,Random_Promoter_DREAM_base_track_7,Random Promoter DREAM / MAUDE-derived,N01_T04_ObservableAlignment_ExtraTrees,N01_T04_ObservableAlignment_ExtraTrees,atlas_nonlinear_head,primary_headline,no,potential_duplicate_or_related,random_split,149999,149999,119999.0,30000,target,0.31414563241049087,1.9574433000404583,1.5071509794297895,0.30511082082691043,0.32330494745825994,300
PHASE5F_ALL_MODEL_CEILING_METRICS,Random_Promoter_DREAM_base_track_7,Random Promoter DREAM / MAUDE-derived,N02_T04_ObservableAlignment_HistGB,N02_T04_ObservableAlignment_HistGB,atlas_nonlinear_head,primary_headline,no,potential_duplicate_or_related,random_split,149999,149999,119999.0,30000,target,0.3400488232136314,1.920123400951383,1.4745829600929956,0.3309632985345647,0.34908961814790906,300
PHASE5F_ALL_MODEL_CEILING_METRICS,Random_Promoter_DREAM_base_track_7,Random Promoter DREAM / MAUDE-derived,N03_T05_UncertaintyEnsemble_ExtraTrees,N03_T05_UncertaintyEnsemble_ExtraTrees,atlas_nonlinear_head,primary_headline,no,potential_duplicate_or_related,random_split,149999,149999,119999.0,30000,target,0.31579345803375836,1.9550904208349495,1.506244893671397,0.3064467151864646,0.3250861119090515,300
PHASE5F_ALL_MODEL_CEILING_METRICS,Random_Promoter_DREAM_base_track_7,Random Promoter DREAM / MAUDE-derived,N04_T05_UncertaintyEnsemble_HistGB,N04_T05_UncertaintyEnsemble_HistGB,atlas_nonlinear_head,primary_headline,no,potential_duplicate_or_related,random_split,149999,149999,119999.0,30000,target,0.34005669370451463,1.9201119513477527,1.474416701486372,0.3308211239191889,0.3491575138768354,300
PHASE5F_ALL_MODEL_CEILING_METRICS,Random_Promoter_DREAM_base_track_7,Random Promoter DREAM / MAUDE-derived,N05_T02_SelectionPotential_HistGB,N05_T02_SelectionPotential_HistGB,atlas_nonlinear_head,primary_headline,no,potential_duplicate_or_related,random_split,149999,149999,119999.0,30000,target,0.3405381680184648,1.9194113962727404,1.473746876567898,0.33226180927388144,0.34910258643667874,300
PHASE5F_ALL_MODEL_CEILING_METRICS,Random_Promoter_DREAM_base_track_8,Random Promoter DREAM / MAUDE-derived,B01_Ridge_GLM_style,B01_Ridge_GLM_style,external_baseline,primary_headline,no,potential_duplicate_or_related,random_split,20000,20000,16000.0,4000,target,0.2521600797694158,2.0784017701175497,1.604870130896385,0.23065111138216568,0.2716103807689333,300
PHASE5F_ALL_MODEL_CEILING_METRICS,Random_Promoter_DREAM_base_track_8,Random Promoter DREAM / MAUDE-derived,B02_ElasticNet_GLM,B02_ElasticNet_GLM,external_baseline,primary_headline,no,potential_duplicate_or_related,random_split,20000,20000,16000.0,4000,target,0.18315030182718417,2.1721822366610963,1.696304397245509,0.16841995359721262,0.19802418691707238,300
PHASE5F_ALL_MODEL_CEILING_METRICS,Random_Promoter_DREAM_base_track_8,Random Promoter DREAM / MAUDE-derived,B03_NystroemKernelRidge_RBF,B03_NystroemKernelRidge_RBF,external_baseline,primary_headline,no,potential_duplicate_or_related,random_split,20000,20000,16000.0,4000,target,0.06146320966813623,2.328363765911297,1.8369552046390554,0.04997808236183751,0.07270851278703264,300
PHASE5F_ALL_MODEL_CEILING_METRICS,Random_Promoter_DREAM_base_track_8,Random Promoter DREAM / MAUDE-derived,B04_ExtraTrees,B04_ExtraTrees,external_baseline,primary_headline,no,potential_duplicate_or_related,random_split,20000,20000,16000.0,4000,target,0.28482230192728597,2.0325075286370233,1.5421099299581564,0.2601341440742788,0.31033941267206155,300
PHASE5F_ALL_MODEL_CEILING_METRICS,Random_Promoter_DREAM_base_track_8,Random Promoter DREAM / MAUDE-derived,B05_RandomForest,B05_RandomForest,external_baseline,primary_headline,no,potential_duplicate_or_related,random_split,20000,20000,16000.0,4000,target,0.2839128499170137,2.033799431885287,1.5460759872721965,0.2592222423186608,0.3104217860288118,300
PHASE5F_ALL_MODEL_CEILING_METRICS,Random_Promoter_DREAM_base_track_8,Random Promoter DREAM / MAUDE-derived,B06_HistGradientBoosting,B06_HistGradientBoosting,external_baseline,primary_headline,no,potential_duplicate_or_related,random_split,20000,20000,16000.0,4000,target,0.3192249948224076,1.9830194891594695,1.5073885326649061,0.2966603256713933,0.34447175207678543,300
PHASE5F_ALL_MODEL_CEILING_METRICS,Random_Promoter_DREAM_base_track_8,Random Promoter DREAM / MAUDE-derived,B07_Nystroem_SVR_like,B07_Nystroem_SVR_like,external_baseline,primary_headline,no,potential_duplicate_or_related,random_split,20000,20000,16000.0,4000,target,0.044460936559445274,2.3493591035055412,1.8309775331875902,0.032849480415914734,0.053211653833206994,300
PHASE5F_ALL_MODEL_CEILING_METRICS,Random_Promoter_DREAM_base_track_8,Random Promoter DREAM / MAUDE-derived,B08_MLPRegressor,B08_MLPRegressor,external_baseline,primary_headline,no,potential_duplicate_or_related,random_split,20000,20000,16000.0,4000,target,0.07151388582039231,2.3158631269144965,1.7268678113175102,0.010918124619327245,0.13287325548916662,300
PHASE5F_ALL_MODEL_CEILING_METRICS,Random_Promoter_DREAM_base_track_8,Random Promoter DREAM / MAUDE-derived,N01_T04_ObservableAlignment_ExtraTrees,N01_T04_ObservableAlignment_ExtraTrees,atlas_nonlinear_head,primary_headline,no,potential_duplicate_or_related,random_split,20000,20000,16000.0,4000,target,0.28482230192728597,2.0325075286370233,1.5421099299581562,0.2601341440742788,0.3103394126720616,300
PHASE5F_ALL_MODEL_CEILING_METRICS,Random_Promoter_DREAM_base_track_8,Random Promoter DREAM / MAUDE-derived,N02_T04_ObservableAlignment_HistGB,N02_T04_ObservableAlignment_HistGB,atlas_nonlinear_head,primary_headline,no,potential_duplicate_or_related,random_split,20000,20000,16000.0,4000,target,0.31925958911020735,1.9829691039235762,1.5074389180175718,0.29661640169199044,0.34436161436220697,300
PHASE5F_ALL_MODEL_CEILING_METRICS,Random_Promoter_DREAM_base_track_8,Random Promoter DREAM / MAUDE-derived,N03_T05_UncertaintyEnsemble_ExtraTrees,N03_T05_UncertaintyEnsemble_ExtraTrees,atlas_nonlinear_head,primary_headline,no,potential_duplicate_or_related,random_split,20000,20000,16000.0,4000,target,0.2939697410969606,2.019467361809693,1.5354871692906849,0.27051708875328173,0.3181425632556302,300
PHASE5F_ALL_MODEL_CEILING_METRICS,Random_Promoter_DREAM_base_track_8,Random Promoter DREAM / MAUDE-derived,N04_T05_UncertaintyEnsemble_HistGB,N04_T05_UncertaintyEnsemble_HistGB,atlas_nonlinear_head,primary_headline,no,potential_duplicate_or_related,random_split,20000,20000,16000.0,4000,target,0.3182293631994906,1.9844690397097389,1.5072407063539175,0.2952911862352843,0.34373719208534437,300
PHASE5F_ALL_MODEL_CEILING_METRICS,Random_Promoter_DREAM_base_track_8,Random Promoter DREAM / MAUDE-derived,N05_T02_SelectionPotential_HistGB,N05_T02_SelectionPotential_HistGB,atlas_nonlinear_head,primary_headline,no,potential_duplicate_or_related,random_split,20000,20000,16000.0,4000,target,0.31636361934179447,1.9871825485462584,1.5099976737309715,0.29369700668636783,0.34285608241602855,300
PHASE5F_ALL_MODEL_CEILING_METRICS,Random_Promoter_DREAM_base_track_9,Random Promoter DREAM / MAUDE-derived,B01_Ridge_GLM_style,B01_Ridge_GLM_style,external_baseline,primary_headline,no,potential_duplicate_or_related,random_split,20000,13871,16000.0,4000,target,0.3625001172072422,0.6056290980426757,0.4999891211310566,0.34443490138709776,0.3825815122626346,300
PHASE5F_ALL_MODEL_CEILING_METRICS,Random_Promoter_DREAM_base_track_9,Random Promoter DREAM / MAUDE-derived,B02_ElasticNet_GLM,B02_ElasticNet_GLM,external_baseline,primary_headline,no,potential_duplicate_or_related,random_split,20000,13871,16000.0,4000,target,0.1662444138068958,0.6926056927405311,0.5806710524348168,0.15195079517158433,0.1791965280600684,300
PHASE5F_ALL_MODEL_CEILING_METRICS,Random_Promoter_DREAM_base_track_9,Random Promoter DREAM / MAUDE-derived,B03_NystroemKernelRidge_RBF,B03_NystroemKernelRidge_RBF,external_baseline,primary_headline,no,potential_duplicate_or_related,random_split,20000,13871,16000.0,4000,target,0.05452405222464041,0.7375507705288179,0.618437005144327,0.045693302009324525,0.06392293513525173,300
PHASE5F_ALL_MODEL_CEILING_METRICS,Random_Promoter_DREAM_base_track_9,Random Promoter DREAM / MAUDE-derived,B04_ExtraTrees,B04_ExtraTrees,external_baseline,primary_headline,no,potential_duplicate_or_related,random_split,20000,13871,16000.0,4000,target,0.652840483112647,0.44692146749486,0.33291404504404054,0.6330151069657608,0.6722820011648271,300
PHASE5F_ALL_MODEL_CEILING_METRICS,Random_Promoter_DREAM_base_track_9,Random Promoter DREAM / MAUDE-derived,B05_RandomForest,B05_RandomForest,external_baseline,primary_headline,no,potential_duplicate_or_related,random_split,20000,13871,16000.0,4000,target,0.6506371531083934,0.44833747071125907,0.3364967334873206,0.6314808886377646,0.6712311228859588,300
PHASE5F_ALL_MODEL_CEILING_METRICS,Random_Promoter_DREAM_base_track_9,Random Promoter DREAM / MAUDE-derived,B06_HistGradientBoosting,B06_HistGradientBoosting,external_baseline,primary_headline,no,potential_duplicate_or_related,random_split,20000,13871,16000.0,4000,target,0.6674740734911722,0.4374006605548573,0.3271827094469526,0.6479643588947108,0.6855781651612769,300
PHASE5F_ALL_MODEL_CEILING_METRICS,Random_Promoter_DREAM_base_track_9,Random Promoter DREAM / MAUDE-derived,B07_Nystroem_SVR_like,B07_Nystroem_SVR_like,external_baseline,primary_headline,no,potential_duplicate_or_related,random_split,20000,13871,16000.0,4000,target,0.05277563728018686,0.7382324109093262,0.615952265073641,0.04211924430698143,0.06355274173756115,300
PHASE5F_ALL_MODEL_CEILING_METRICS,Random_Promoter_DREAM_base_track_9,Random Promoter DREAM / MAUDE-derived,B08_MLPRegressor,B08_MLPRegressor,external_baseline,primary_headline,no,potential_duplicate_or_related,random_split,20000,13871,16000.0,4000,target,0.6296506607109189,0.46160708454954646,0.3295636922492227,0.6063426198729879,0.6531436055380522,300
PHASE5F_ALL_MODEL_CEILING_METRICS,Random_Promoter_DREAM_base_track_9,Random Promoter DREAM / MAUDE-derived,N01_T04_ObservableAlignment_ExtraTrees,N01_T04_ObservableAlignment_ExtraTrees,atlas_nonlinear_head,primary_headline,no,potential_duplicate_or_related,random_split,20000,13871,16000.0,4000,target,0.652840483112647,0.44692146749486,0.33291404504404054,0.6330151069657607,0.6722820011648271,300
PHASE5F_ALL_MODEL_CEILING_METRICS,Random_Promoter_DREAM_base_track_9,Random Promoter DREAM / MAUDE-derived,N02_T04_ObservableAlignment_HistGB,N02_T04_ObservableAlignment_HistGB,atlas_nonlinear_head,primary_headline,no,potential_duplicate_or_related,random_split,20000,13871,16000.0,4000,target,0.6675224603459724,0.4373688356495701,0.32713301696461794,0.6479867317917183,0.6856431209621626,300
PHASE5F_ALL_MODEL_CEILING_METRICS,Random_Promoter_DREAM_base_track_9,Random Promoter DREAM / MAUDE-derived,N03_T05_UncertaintyEnsemble_ExtraTrees,N03_T05_UncertaintyEnsemble_ExtraTrees,atlas_nonlinear_head,primary_headline,no,potential_duplicate_or_related,random_split,20000,13871,16000.0,4000,target,0.6481537097402805,0.4499281507792622,0.33844030896773347,0.6289966497957719,0.6681182144907039,300
PHASE5F_ALL_MODEL_CEILING_METRICS,Random_Promoter_DREAM_base_track_9,Random Promoter DREAM / MAUDE-derived,N04_T05_UncertaintyEnsemble_HistGB,N04_T05_UncertaintyEnsemble_HistGB,atlas_nonlinear_head,primary_headline,no,potential_duplicate_or_related,random_split,20000,13871,16000.0,4000,target,0.6701509850974231,0.4356365140405972,0.3255311883802518,0.6503133538144705,0.6891788692624732,300
PHASE5F_ALL_MODEL_CEILING_METRICS,Random_Promoter_DREAM_base_track_9,Random Promoter DREAM / MAUDE-derived,N05_T02_SelectionPotential_HistGB,N05_T02_SelectionPotential_HistGB,atlas_nonlinear_head,primary_headline,no,potential_duplicate_or_related,random_split,20000,13871,16000.0,4000,target,0.6696581907781956,0.4359618129907972,0.3264509408201171,0.6493021988772509,0.6875867360491001,300
PHASE5F_ALL_MODEL_CEILING_METRICS,Random_Promoter_DREAM_base_track_10,Random Promoter DREAM / MAUDE-derived,B01_Ridge_GLM_style,B01_Ridge_GLM_style,external_baseline,primary_headline,no,potential_duplicate_or_related,random_split,100000,100000,80000.0,20000,target,0.27804437956321815,2.00681703467285,1.5468429709077156,0.2697487529034056,0.28838472034071233,300
PHASE5F_ALL_MODEL_CEILING_METRICS,Random_Promoter_DREAM_base_track_10,Random Promoter DREAM / MAUDE-derived,B02_ElasticNet_GLM,B02_ElasticNet_GLM,external_baseline,primary_headline,no,potential_duplicate_or_related,random_split,100000,100000,80000.0,20000,target,0.17541100536733567,2.144723424140895,1.6733190150486676,0.16818481944981042,0.1828086140964237,300
PHASE5F_ALL_MODEL_CEILING_METRICS,Random_Promoter_DREAM_base_track_10,Random Promoter DREAM / MAUDE-derived,B03_NystroemKernelRidge_RBF,B03_NystroemKernelRidge_RBF,external_baseline,primary_headline,no,potential_duplicate_or_related,random_split,100000,100000,80000.0,20000,target,0.07561787311622337,2.2707969269575794,1.7880096154276788,0.06791302216955747,0.08232506363298969,300
PHASE5F_ALL_MODEL_CEILING_METRICS,Random_Promoter_DREAM_base_track_10,Random Promoter DREAM / MAUDE-derived,B04_ExtraTrees,B04_ExtraTrees,external_baseline,primary_headline,no,potential_duplicate_or_related,random_split,100000,100000,80000.0,20000,target,0.3037662788744706,1.9707432826448015,1.512537974029828,0.2943844979734604,0.31493793525582686,300
PHASE5F_ALL_MODEL_CEILING_METRICS,Random_Promoter_DREAM_base_track_10,Random Promoter DREAM / MAUDE-derived,B05_RandomForest,B05_RandomForest,external_baseline,primary_headline,no,potential_duplicate_or_related,random_split,100000,100000,80000.0,20000,target,0.29972433495829387,1.9764555212313024,1.5167603511832821,0.29035764913311607,0.3106761941464454,300
PHASE5F_ALL_MODEL_CEILING_METRICS,Random_Promoter_DREAM_base_track_10,Random Promoter DREAM / MAUDE-derived,B06_HistGradientBoosting,B06_HistGradientBoosting,external_baseline,primary_headline,no,potential_duplicate_or_related,random_split,100000,100000,80000.0,20000,target,0.3330028592188101,1.9289213235248304,1.4740463072991052,0.3226474241242248,0.34469821562761094,300
PHASE5F_ALL_MODEL_CEILING_METRICS,Random_Promoter_DREAM_base_track_10,Random Promoter DREAM / MAUDE-derived,B07_Nystroem_SVR_like,B07_Nystroem_SVR_like,external_baseline,primary_headline,no,potential_duplicate_or_related,random_split,100000,100000,80000.0,20000,target,0.0589409989678189,2.291189205122518,1.777261316294496,0.05238531773153119,0.06423931349303855,300
PHASE5F_ALL_MODEL_CEILING_METRICS,Random_Promoter_DREAM_base_track_10,Random Promoter DREAM / MAUDE-derived,B08_MLPRegressor,B08_MLPRegressor,external_baseline,primary_headline,no,potential_duplicate_or_related,random_split,100000,100000,80000.0,20000,target,0.21716036659584725,2.089723999516624,1.5913754214176488,0.20223434955244715,0.2327324494531837,300
PHASE5F_ALL_MODEL_CEILING_METRICS,Random_Promoter_DREAM_base_track_10,Random Promoter DREAM / MAUDE-derived,N01_T04_ObservableAlignment_ExtraTrees,N01_T04_ObservableAlignment_ExtraTrees,atlas_nonlinear_head,primary_headline,no,potential_duplicate_or_related,random_split,100000,100000,80000.0,20000,target,0.3037662788744706,1.9707432826448015,1.512537974029828,0.2943844979734604,0.31493793525582686,300
PHASE5F_ALL_MODEL_CEILING_METRICS,Random_Promoter_DREAM_base_track_10,Random Promoter DREAM / MAUDE-derived,N02_T04_ObservableAlignment_HistGB,N02_T04_ObservableAlignment_HistGB,atlas_nonlinear_head,primary_headline,no,potential_duplicate_or_related,random_split,100000,100000,80000.0,20000,target,0.33302315640322,1.928891974096415,1.474051628909024,0.322675798255935,0.3447079131061362,300
PHASE5F_ALL_MODEL_CEILING_METRICS,Random_Promoter_DREAM_base_track_10,Random Promoter DREAM / MAUDE-derived,N03_T05_UncertaintyEnsemble_ExtraTrees,N03_T05_UncertaintyEnsemble_ExtraTrees,atlas_nonlinear_head,primary_headline,no,potential_duplicate_or_related,random_split,100000,100000,80000.0,20000,target,0.30667450004079877,1.9666230032289396,1.5092425705016002,0.2977013785145401,0.31786360198959135,300
PHASE5F_ALL_MODEL_CEILING_METRICS,Random_Promoter_DREAM_base_track_10,Random Promoter DREAM / MAUDE-derived,N04_T05_UncertaintyEnsemble_HistGB,N04_T05_UncertaintyEnsemble_HistGB,atlas_nonlinear_head,primary_headline,no,potential_duplicate_or_related,random_split,100000,100000,80000.0,20000,target,0.3335124330097837,1.9281843521813815,1.4737015612000874,0.32335831069562615,0.3451002128274607,300
PHASE5F_ALL_MODEL_CEILING_METRICS,Random_Promoter_DREAM_base_track_10,Random Promoter DREAM / MAUDE-derived,N05_T02_SelectionPotential_HistGB,N05_T02_SelectionPotential_HistGB,atlas_nonlinear_head,primary_headline,no,potential_duplicate_or_related,random_split,100000,100000,80000.0,20000,target,0.33527785871287596,1.9256289231004942,1.4706614226484989,0.32499157512724186,0.34629195469361823,300
PHASE5F_ALL_MODEL_CEILING_METRICS,Random_Promoter_DREAM_base_track_11,Random Promoter DREAM / MAUDE-derived,B01_Ridge_GLM_style,B01_Ridge_GLM_style,external_baseline,primary_headline,no,potential_duplicate_or_related,random_split,20000,20000,16000.0,4000,target,0.24215057247372296,2.0634049598465865,1.5949424901425022,0.22068990339812047,0.26056917822462894,300
PHASE5F_ALL_MODEL_CEILING_METRICS,Random_Promoter_DREAM_base_track_11,Random Promoter DREAM / MAUDE-derived,B02_ElasticNet_GLM,B02_ElasticNet_GLM,external_baseline,primary_headline,no,potential_duplicate_or_related,random_split,20000,20000,16000.0,4000,target,0.1731148359130933,2.1553390956456018,1.6843953790471176,0.1554445758818884,0.18955246618938318,300
PHASE5F_ALL_MODEL_CEILING_METRICS,Random_Promoter_DREAM_base_track_11,Random Promoter DREAM / MAUDE-derived,B03_NystroemKernelRidge_RBF,B03_NystroemKernelRidge_RBF,external_baseline,primary_headline,no,potential_duplicate_or_related,random_split,20000,20000,16000.0,4000,target,0.05899962703779582,2.2992590494726453,1.8176678680603178,0.04533388255904932,0.07263704325068238,300
PHASE5F_ALL_MODEL_CEILING_METRICS,Random_Promoter_DREAM_base_track_11,Random Promoter DREAM / MAUDE-derived,B04_ExtraTrees,B04_ExtraTrees,external_baseline,primary_headline,no,potential_duplicate_or_related,random_split,20000,20000,16000.0,4000,target,0.27331922511329254,2.0205278549695453,1.5456758701139401,0.24789224121936276,0.29554680816226886,300
PHASE5F_ALL_MODEL_CEILING_METRICS,Random_Promoter_DREAM_base_track_11,Random Promoter DREAM / MAUDE-derived,B05_RandomForest,B05_RandomForest,external_baseline,primary_headline,no,potential_duplicate_or_related,random_split,20000,20000,16000.0,4000,target,0.2662058137526778,2.0303931519377527,1.5562091128785103,0.24063629241440673,0.2887632325473715,300
PHASE5F_ALL_MODEL_CEILING_METRICS,Random_Promoter_DREAM_base_track_11,Random Promoter DREAM / MAUDE-derived,B06_HistGradientBoosting,B06_HistGradientBoosting,external_baseline,primary_headline,no,potential_duplicate_or_related,random_split,20000,20000,16000.0,4000,target,0.3119885650433266,1.966033143352353,1.5018075629931857,0.28865044105617216,0.3326612977620764,300
PHASE5F_ALL_MODEL_CEILING_METRICS,Random_Promoter_DREAM_base_track_11,Random Promoter DREAM / MAUDE-derived,B07_Nystroem_SVR_like,B07_Nystroem_SVR_like,external_baseline,primary_headline,no,potential_duplicate_or_related,random_split,20000,20000,16000.0,4000,target,0.04044749938111869,2.3218137428649186,1.807985990952559,0.02820066450344768,0.05159499829305221,300
PHASE5F_ALL_MODEL_CEILING_METRICS,Random_Promoter_DREAM_base_track_11,Random Promoter DREAM / MAUDE-derived,B08_MLPRegressor,B08_MLPRegressor,external_baseline,primary_headline,no,potential_duplicate_or_related,random_split,20000,20000,16000.0,4000,target,0.13505975863877617,2.204377950254688,1.672730703975031,0.08381951653958725,0.17891458032648397,300
PHASE5F_ALL_MODEL_CEILING_METRICS,Random_Promoter_DREAM_base_track_11,Random Promoter DREAM / MAUDE-derived,N01_T04_ObservableAlignment_ExtraTrees,N01_T04_ObservableAlignment_ExtraTrees,atlas_nonlinear_head,primary_headline,no,potential_duplicate_or_related,random_split,20000,20000,16000.0,4000,target,0.27331922511329254,2.0205278549695453,1.5456758701139401,0.24789224121936276,0.29554680816226886,300
PHASE5F_ALL_MODEL_CEILING_METRICS,Random_Promoter_DREAM_base_track_11,Random Promoter DREAM / MAUDE-derived,N02_T04_ObservableAlignment_HistGB,N02_T04_ObservableAlignment_HistGB,atlas_nonlinear_head,primary_headline,no,potential_duplicate_or_related,random_split,20000,20000,16000.0,4000,target,0.31198550162215677,1.9660375203005707,1.5018442085588806,0.28863631684399915,0.33266515264133795,300
PHASE5F_ALL_MODEL_CEILING_METRICS,Random_Promoter_DREAM_base_track_11,Random Promoter DREAM / MAUDE-derived,N03_T05_UncertaintyEnsemble_ExtraTrees,N03_T05_UncertaintyEnsemble_ExtraTrees,atlas_nonlinear_head,primary_headline,no,potential_duplicate_or_related,random_split,20000,20000,16000.0,4000,target,0.28308432344312684,2.0069060640260923,1.5372868680624412,0.2575638683567519,0.3057577421483131,300
PHASE5F_ALL_MODEL_CEILING_METRICS,Random_Promoter_DREAM_base_track_11,Random Promoter DREAM / MAUDE-derived,N04_T05_UncertaintyEnsemble_HistGB,N04_T05_UncertaintyEnsemble_HistGB,atlas_nonlinear_head,primary_headline,no,potential_duplicate_or_related,random_split,20000,20000,16000.0,4000,target,0.31151385868496284,1.966711277070089,1.5037491952553323,0.2862681907931337,0.33185498822169357,300
PHASE5F_ALL_MODEL_CEILING_METRICS,Random_Promoter_DREAM_base_track_11,Random Promoter DREAM / MAUDE-derived,N05_T02_SelectionPotential_HistGB,N05_T02_SelectionPotential_HistGB,atlas_nonlinear_head,primary_headline,no,potential_duplicate_or_related,random_split,20000,20000,16000.0,4000,target,0.31442752030782783,1.9625453205202172,1.4979785179671568,0.29112471888107117,0.334303973421946,300
PHASE5F_ALL_MODEL_CEILING_METRICS,Random_Promoter_DREAM_base_track_12,Random Promoter DREAM / MAUDE-derived,B01_Ridge_GLM_style,B01_Ridge_GLM_style,external_baseline,primary_headline,no,potential_duplicate_or_related,random_split,20000,20000,16000.0,4000,target,0.2507495002242358,2.054597017505919,1.5912803223609617,0.2303673971232875,0.27215071229942134,300
PHASE5F_ALL_MODEL_CEILING_METRICS,Random_Promoter_DREAM_base_track_12,Random Promoter DREAM / MAUDE-derived,B02_ElasticNet_GLM,B02_ElasticNet_GLM,external_baseline,primary_headline,no,potential_duplicate_or_related,random_split,20000,20000,16000.0,4000,target,0.18448832244106916,2.1435233798027444,1.679078846494654,0.168462865452793,0.20058831745945369,300
PHASE5F_ALL_MODEL_CEILING_METRICS,Random_Promoter_DREAM_base_track_12,Random Promoter DREAM / MAUDE-derived,B03_NystroemKernelRidge_RBF,B03_NystroemKernelRidge_RBF,external_baseline,primary_headline,no,potential_duplicate_or_related,random_split,20000,20000,16000.0,4000,target,0.08601521519348665,2.2692514191636537,1.7931806425453318,0.0685318817437911,0.09886044115039075,300
PHASE5F_ALL_MODEL_CEILING_METRICS,Random_Promoter_DREAM_base_track_12,Random Promoter DREAM / MAUDE-derived,B04_ExtraTrees,B04_ExtraTrees,external_baseline,primary_headline,no,potential_duplicate_or_related,random_split,20000,20000,16000.0,4000,target,0.2889935397372527,2.0014737846809116,1.5352998329623682,0.2649461024783152,0.3121978202689721,300
PHASE5F_ALL_MODEL_CEILING_METRICS,Random_Promoter_DREAM_base_track_12,Random Promoter DREAM / MAUDE-derived,B05_RandomForest,B05_RandomForest,external_baseline,primary_headline,no,potential_duplicate_or_related,random_split,20000,20000,16000.0,4000,target,0.2765334981826423,2.01893504303701,1.5541075699580502,0.2527317577608378,0.3014028391730495,300
PHASE5F_ALL_MODEL_CEILING_METRICS,Random_Promoter_DREAM_base_track_12,Random Promoter DREAM / MAUDE-derived,B06_HistGradientBoosting,B06_HistGradientBoosting,external_baseline,primary_headline,no,potential_duplicate_or_related,random_split,20000,20000,16000.0,4000,target,0.312465737885002,1.9681595659783067,1.5063244535435565,0.2894662781406283,0.3359119871716127,300
PHASE5F_ALL_MODEL_CEILING_METRICS,Random_Promoter_DREAM_base_track_12,Random Promoter DREAM / MAUDE-derived,B07_Nystroem_SVR_like,B07_Nystroem_SVR_like,external_baseline,primary_headline,no,potential_duplicate_or_related,random_split,20000,20000,16000.0,4000,target,0.05995610182900735,2.301373988196101,1.7926937770977402,0.04489319206152237,0.07305668190588788,300
PHASE5F_ALL_MODEL_CEILING_METRICS,Random_Promoter_DREAM_base_track_12,Random Promoter DREAM / MAUDE-derived,B08_MLPRegressor,B08_MLPRegressor,external_baseline,primary_headline,no,potential_duplicate_or_related,random_split,20000,20000,16000.0,4000,target,0.1256343324473327,2.219523159085126,1.6793518659639313,0.08222687176230559,0.1662597089547431,300
PHASE5F_ALL_MODEL_CEILING_METRICS,Random_Promoter_DREAM_base_track_12,Random Promoter DREAM / MAUDE-derived,N01_T04_ObservableAlignment_ExtraTrees,N01_T04_ObservableAlignment_ExtraTrees,atlas_nonlinear_head,primary_headline,no,potential_duplicate_or_related,random_split,20000,20000,16000.0,4000,target,0.28899353973725284,2.0014737846809116,1.5352998329623682,0.26494610247831524,0.3121978202689721,300
PHASE5F_ALL_MODEL_CEILING_METRICS,Random_Promoter_DREAM_base_track_12,Random Promoter DREAM / MAUDE-derived,N02_T04_ObservableAlignment_HistGB,N02_T04_ObservableAlignment_HistGB,atlas_nonlinear_head,primary_headline,no,potential_duplicate_or_related,random_split,20000,20000,16000.0,4000,target,0.3124843257824793,1.9681329606165685,1.5061931912730837,0.28954277795299627,0.3359290918725357,300
PHASE5F_ALL_MODEL_CEILING_METRICS,Random_Promoter_DREAM_base_track_12,Random Promoter DREAM / MAUDE-derived,N03_T05_UncertaintyEnsemble_ExtraTrees,N03_T05_UncertaintyEnsemble_ExtraTrees,atlas_nonlinear_head,primary_headline,no,potential_duplicate_or_related,random_split,20000,20000,16000.0,4000,target,0.2956038892359403,1.9921480350712408,1.5282459021695636,0.2724064849887212,0.31737171113093327,300
PHASE5F_ALL_MODEL_CEILING_METRICS,Random_Promoter_DREAM_base_track_12,Random Promoter DREAM / MAUDE-derived,N04_T05_UncertaintyEnsemble_HistGB,N04_T05_UncertaintyEnsemble_HistGB,atlas_nonlinear_head,primary_headline,no,potential_duplicate_or_related,random_split,20000,20000,16000.0,4000,target,0.3139403650710213,1.9660477734091333,1.50331921374214,0.28894337480286225,0.3380897580366701,300
PHASE5F_ALL_MODEL_CEILING_METRICS,Random_Promoter_DREAM_base_track_12,Random Promoter DREAM / MAUDE-derived,N05_T02_SelectionPotential_HistGB,N05_T02_SelectionPotential_HistGB,atlas_nonlinear_head,primary_headline,no,potential_duplicate_or_related,random_split,20000,20000,16000.0,4000,target,0.31479008294223876,1.9648298737984422,1.5069196428138338,0.2889859569244437,0.33693185908112244,300
PHASE5F_ALL_MODEL_CEILING_METRICS,Random_Promoter_DREAM_base_track_13,Random Promoter DREAM / MAUDE-derived,B01_Ridge_GLM_style,B01_Ridge_GLM_style,external_baseline,primary_headline,no,potential_duplicate_or_related,random_split,20000,13871,16000.0,4000,target,0.3625001172072422,0.6056290980426757,0.4999891211310566,0.34443490138709776,0.3825815122626346,300
PHASE5F_ALL_MODEL_CEILING_METRICS,Random_Promoter_DREAM_base_track_13,Random Promoter DREAM / MAUDE-derived,B02_ElasticNet_GLM,B02_ElasticNet_GLM,external_baseline,primary_headline,no,potential_duplicate_or_related,random_split,20000,13871,16000.0,4000,target,0.1662444138068958,0.6926056927405311,0.5806710524348168,0.15195079517158433,0.1791965280600684,300
PHASE5F_ALL_MODEL_CEILING_METRICS,Random_Promoter_DREAM_base_track_13,Random Promoter DREAM / MAUDE-derived,B03_NystroemKernelRidge_RBF,B03_NystroemKernelRidge_RBF,external_baseline,primary_headline,no,potential_duplicate_or_related,random_split,20000,13871,16000.0,4000,target,0.05452405222464041,0.7375507705288179,0.618437005144327,0.045693302009324525,0.06392293513525173,300
PHASE5F_ALL_MODEL_CEILING_METRICS,Random_Promoter_DREAM_base_track_13,Random Promoter DREAM / MAUDE-derived,B04_ExtraTrees,B04_ExtraTrees,external_baseline,primary_headline,no,potential_duplicate_or_related,random_split,20000,13871,16000.0,4000,target,0.652840483112647,0.44692146749486,0.33291404504404054,0.6330151069657608,0.6722820011648271,300
PHASE5F_ALL_MODEL_CEILING_METRICS,Random_Promoter_DREAM_base_track_13,Random Promoter DREAM / MAUDE-derived,B05_RandomForest,B05_RandomForest,external_baseline,primary_headline,no,potential_duplicate_or_related,random_split,20000,13871,16000.0,4000,target,0.6506371531083934,0.44833747071125907,0.3364967334873206,0.6314808886377646,0.6712311228859588,300
PHASE5F_ALL_MODEL_CEILING_METRICS,Random_Promoter_DREAM_base_track_13,Random Promoter DREAM / MAUDE-derived,B06_HistGradientBoosting,B06_HistGradientBoosting,external_baseline,primary_headline,no,potential_duplicate_or_related,random_split,20000,13871,16000.0,4000,target,0.6674740734911722,0.4374006605548573,0.3271827094469526,0.6479643588947108,0.6855781651612769,300
PHASE5F_ALL_MODEL_CEILING_METRICS,Random_Promoter_DREAM_base_track_13,Random Promoter DREAM / MAUDE-derived,B07_Nystroem_SVR_like,B07_Nystroem_SVR_like,external_baseline,primary_headline,no,potential_duplicate_or_related,random_split,20000,13871,16000.0,4000,target,0.05277563728018686,0.7382324109093262,0.615952265073641,0.04211924430698143,0.06355274173756115,300
PHASE5F_ALL_MODEL_CEILING_METRICS,Random_Promoter_DREAM_base_track_13,Random Promoter DREAM / MAUDE-derived,B08_MLPRegressor,B08_MLPRegressor,external_baseline,primary_headline,no,potential_duplicate_or_related,random_split,20000,13871,16000.0,4000,target,0.6296506607109189,0.46160708454954646,0.3295636922492227,0.6063426198729879,0.6531436055380522,300
PHASE5F_ALL_MODEL_CEILING_METRICS,Random_Promoter_DREAM_base_track_13,Random Promoter DREAM / MAUDE-derived,N01_T04_ObservableAlignment_ExtraTrees,N01_T04_ObservableAlignment_ExtraTrees,atlas_nonlinear_head,primary_headline,no,potential_duplicate_or_related,random_split,20000,13871,16000.0,4000,target,0.652840483112647,0.44692146749486,0.33291404504404054,0.6330151069657607,0.6722820011648271,300
PHASE5F_ALL_MODEL_CEILING_METRICS,Random_Promoter_DREAM_base_track_13,Random Promoter DREAM / MAUDE-derived,N02_T04_ObservableAlignment_HistGB,N02_T04_ObservableAlignment_HistGB,atlas_nonlinear_head,primary_headline,no,potential_duplicate_or_related,random_split,20000,13871,16000.0,4000,target,0.6675224603459724,0.4373688356495701,0.32713301696461794,0.6479867317917183,0.6856431209621626,300
PHASE5F_ALL_MODEL_CEILING_METRICS,Random_Promoter_DREAM_base_track_13,Random Promoter DREAM / MAUDE-derived,N03_T05_UncertaintyEnsemble_ExtraTrees,N03_T05_UncertaintyEnsemble_ExtraTrees,atlas_nonlinear_head,primary_headline,no,potential_duplicate_or_related,random_split,20000,13871,16000.0,4000,target,0.6481537097402805,0.4499281507792622,0.33844030896773347,0.6289966497957719,0.6681182144907039,300
PHASE5F_ALL_MODEL_CEILING_METRICS,Random_Promoter_DREAM_base_track_13,Random Promoter DREAM / MAUDE-derived,N04_T05_UncertaintyEnsemble_HistGB,N04_T05_UncertaintyEnsemble_HistGB,atlas_nonlinear_head,primary_headline,no,potential_duplicate_or_related,random_split,20000,13871,16000.0,4000,target,0.6701509850974231,0.4356365140405972,0.3255311883802518,0.6503133538144705,0.6891788692624732,300
PHASE5F_ALL_MODEL_CEILING_METRICS,Random_Promoter_DREAM_base_track_13,Random Promoter DREAM / MAUDE-derived,N05_T02_SelectionPotential_HistGB,N05_T02_SelectionPotential_HistGB,atlas_nonlinear_head,primary_headline,no,potential_duplicate_or_related,random_split,20000,13871,16000.0,4000,target,0.6696581907781956,0.4359618129907972,0.3264509408201171,0.6493021988772509,0.6875867360491001,300
PHASE5F_ALL_MODEL_CEILING_METRICS,Random_Promoter_DREAM_base_track_14,Random Promoter DREAM / MAUDE-derived,B01_Ridge_GLM_style,B01_Ridge_GLM_style,external_baseline,primary_headline,no,potential_duplicate_or_related,random_split,100000,100000,80000.0,20000,target,0.2752963329881172,2.02711629357158,1.5669451010916449,0.2654593834115059,0.28565413264117123,300
PHASE5F_ALL_MODEL_CEILING_METRICS,Random_Promoter_DREAM_base_track_14,Random Promoter DREAM / MAUDE-derived,B02_ElasticNet_GLM,B02_ElasticNet_GLM,external_baseline,primary_headline,no,potential_duplicate_or_related,random_split,100000,100000,80000.0,20000,target,0.1746749067096739,2.163271156910467,1.6950210490739663,0.16707088841359102,0.1821704499069468,300
PHASE5F_ALL_MODEL_CEILING_METRICS,Random_Promoter_DREAM_base_track_14,Random Promoter DREAM / MAUDE-derived,B03_NystroemKernelRidge_RBF,B03_NystroemKernelRidge_RBF,external_baseline,primary_headline,no,potential_duplicate_or_related,random_split,100000,100000,80000.0,20000,target,0.06312650307246603,2.304830072025216,1.8214640974160174,0.05749853507768057,0.06905728278156488,300
PHASE5F_ALL_MODEL_CEILING_METRICS,Random_Promoter_DREAM_base_track_14,Random Promoter DREAM / MAUDE-derived,B04_ExtraTrees,B04_ExtraTrees,external_baseline,primary_headline,no,potential_duplicate_or_related,random_split,100000,100000,80000.0,20000,target,0.29887275245942335,1.9938700855507445,1.5304750486885705,0.2884325096309976,0.31069843109804435,300
PHASE5F_ALL_MODEL_CEILING_METRICS,Random_Promoter_DREAM_base_track_14,Random Promoter DREAM / MAUDE-derived,B05_RandomForest,B05_RandomForest,external_baseline,primary_headline,no,potential_duplicate_or_related,random_split,100000,100000,80000.0,20000,target,0.2938304865030986,2.0010268551990995,1.5379120570068663,0.28244832081464094,0.30685885740185803,300
PHASE5F_ALL_MODEL_CEILING_METRICS,Random_Promoter_DREAM_base_track_14,Random Promoter DREAM / MAUDE-derived,B06_HistGradientBoosting,B06_HistGradientBoosting,external_baseline,primary_headline,no,potential_duplicate_or_related,random_split,100000,100000,80000.0,20000,target,0.326704820917023,1.9538948465387709,1.494530189338892,0.3157195535923178,0.3388760204022501,300
PHASE5F_ALL_MODEL_CEILING_METRICS,Random_Promoter_DREAM_base_track_14,Random Promoter DREAM / MAUDE-derived,B07_Nystroem_SVR_like,B07_Nystroem_SVR_like,external_baseline,primary_headline,no,potential_duplicate_or_related,random_split,100000,100000,80000.0,20000,target,0.0458174169878478,2.3260239250957113,1.8133081306381065,0.0406694938962503,0.05157317537386824,300
PHASE5F_ALL_MODEL_CEILING_METRICS,Random_Promoter_DREAM_base_track_14,Random Promoter DREAM / MAUDE-derived,B08_MLPRegressor,B08_MLPRegressor,external_baseline,primary_headline,no,potential_duplicate_or_related,random_split,100000,100000,80000.0,20000,target,0.21040587528011567,2.1159255808414117,1.6162380289872447,0.19763587492510937,0.2269570486868331,300
PHASE5F_ALL_MODEL_CEILING_METRICS,Random_Promoter_DREAM_base_track_14,Random Promoter DREAM / MAUDE-derived,N01_T04_ObservableAlignment_ExtraTrees,N01_T04_ObservableAlignment_ExtraTrees,atlas_nonlinear_head,primary_headline,no,potential_duplicate_or_related,random_split,100000,100000,80000.0,20000,target,0.29887275245942335,1.9938700855507445,1.5304750486885708,0.2884325096309976,0.31069843109804435,300
PHASE5F_ALL_MODEL_CEILING_METRICS,Random_Promoter_DREAM_base_track_14,Random Promoter DREAM / MAUDE-derived,N02_T04_ObservableAlignment_HistGB,N02_T04_ObservableAlignment_HistGB,atlas_nonlinear_head,primary_headline,no,potential_duplicate_or_related,random_split,100000,100000,80000.0,20000,target,0.3267037244541179,1.9538964374994772,1.4945422718336587,0.31571611052320886,0.3388763742410608,300
PHASE5F_ALL_MODEL_CEILING_METRICS,Random_Promoter_DREAM_base_track_14,Random Promoter DREAM / MAUDE-derived,N03_T05_UncertaintyEnsemble_ExtraTrees,N03_T05_UncertaintyEnsemble_ExtraTrees,atlas_nonlinear_head,primary_headline,no,potential_duplicate_or_related,random_split,100000,100000,80000.0,20000,target,0.30177706003323734,1.9897361559808184,1.5283295497994138,0.2920924934663891,0.3138787562027284,300
PHASE5F_ALL_MODEL_CEILING_METRICS,Random_Promoter_DREAM_base_track_14,Random Promoter DREAM / MAUDE-derived,N04_T05_UncertaintyEnsemble_HistGB,N04_T05_UncertaintyEnsemble_HistGB,atlas_nonlinear_head,primary_headline,no,potential_duplicate_or_related,random_split,100000,100000,80000.0,20000,target,0.327082293219221,1.9533470596166436,1.4951555103043632,0.3156826770018826,0.33945377435243845,300
PHASE5F_ALL_MODEL_CEILING_METRICS,Random_Promoter_DREAM_base_track_14,Random Promoter DREAM / MAUDE-derived,N05_T02_SelectionPotential_HistGB,N05_T02_SelectionPotential_HistGB,atlas_nonlinear_head,primary_headline,no,potential_duplicate_or_related,random_split,100000,100000,80000.0,20000,target,0.3272989969458453,1.9530325102536996,1.4959943935042088,0.31612033672676704,0.3394840481893224,300
PHASE5F_ALL_MODEL_CEILING_METRICS,Random_Promoter_DREAM_base_track_15,Random Promoter DREAM / MAUDE-derived,B01_Ridge_GLM_style,B01_Ridge_GLM_style,external_baseline,primary_headline,no,potential_duplicate_or_related,random_split,100000,100000,80000.0,20000,target,0.2827276761388058,2.0187845670377254,1.5585121435057225,0.2737750191342411,0.29225685324770756,300
PHASE5F_ALL_MODEL_CEILING_METRICS,Random_Promoter_DREAM_base_track_15,Random Promoter DREAM / MAUDE-derived,B02_ElasticNet_GLM,B02_ElasticNet_GLM,external_baseline,primary_headline,no,potential_duplicate_or_related,random_split,100000,100000,80000.0,20000,target,0.18139619701019816,2.156675566311496,1.692069090663948,0.17384415231388822,0.18778061127196982,300
PHASE5F_ALL_MODEL_CEILING_METRICS,Random_Promoter_DREAM_base_track_15,Random Promoter DREAM / MAUDE-derived,B03_NystroemKernelRidge_RBF,B03_NystroemKernelRidge_RBF,external_baseline,primary_headline,no,potential_duplicate_or_related,random_split,100000,100000,80000.0,20000,target,0.09980371197224602,2.261603918912336,1.7885108838048862,0.09159959465849589,0.10731780937247452,300
PHASE5F_ALL_MODEL_CEILING_METRICS,Random_Promoter_DREAM_base_track_15,Random Promoter DREAM / MAUDE-derived,B04_ExtraTrees,B04_ExtraTrees,external_baseline,primary_headline,no,potential_duplicate_or_related,random_split,100000,100000,80000.0,20000,target,0.3102236808691129,1.979712290768794,1.5218798411237737,0.3004093633875144,0.3204474853152928,300
PHASE5F_ALL_MODEL_CEILING_METRICS,Random_Promoter_DREAM_base_track_15,Random Promoter DREAM / MAUDE-derived,B05_RandomForest,B05_RandomForest,external_baseline,primary_headline,no,potential_duplicate_or_related,random_split,100000,100000,80000.0,20000,target,0.307456451056379,1.9836793995713775,1.5256211902835863,0.2975494704990473,0.31809730212218307,300
PHASE5F_ALL_MODEL_CEILING_METRICS,Random_Promoter_DREAM_base_track_15,Random Promoter DREAM / MAUDE-derived,B06_HistGradientBoosting,B06_HistGradientBoosting,external_baseline,primary_headline,no,potential_duplicate_or_related,random_split,100000,100000,80000.0,20000,target,0.33553732364991196,1.9430466819257861,1.4861634952188933,0.3242310456172719,0.34520269695062494,300
PHASE5F_ALL_MODEL_CEILING_METRICS,Random_Promoter_DREAM_base_track_15,Random Promoter DREAM / MAUDE-derived,B07_Nystroem_SVR_like,B07_Nystroem_SVR_like,external_baseline,primary_headline,no,potential_duplicate_or_related,random_split,100000,100000,80000.0,20000,target,0.08398506302772168,2.2813883364921606,1.7884766233688716,0.0765952654122765,0.09052995680305294,300
PHASE5F_ALL_MODEL_CEILING_METRICS,Random_Promoter_DREAM_base_track_15,Random Promoter DREAM / MAUDE-derived,B08_MLPRegressor,B08_MLPRegressor,external_baseline,primary_headline,no,potential_duplicate_or_related,random_split,100000,100000,80000.0,20000,target,0.22020022639462444,2.1049388874795936,1.6103530444059848,0.20538424378243153,0.23538657192445828,300
PHASE5F_ALL_MODEL_CEILING_METRICS,Random_Promoter_DREAM_base_track_15,Random Promoter DREAM / MAUDE-derived,N01_T04_ObservableAlignment_ExtraTrees,N01_T04_ObservableAlignment_ExtraTrees,atlas_nonlinear_head,primary_headline,no,potential_duplicate_or_related,random_split,100000,100000,80000.0,20000,target,0.310223680869113,1.979712290768794,1.5218798411237737,0.30040936338751445,0.3204474853152928,300
PHASE5F_ALL_MODEL_CEILING_METRICS,Random_Promoter_DREAM_base_track_15,Random Promoter DREAM / MAUDE-derived,N02_T04_ObservableAlignment_HistGB,N02_T04_ObservableAlignment_HistGB,atlas_nonlinear_head,primary_headline,no,potential_duplicate_or_related,random_split,100000,100000,80000.0,20000,target,0.33553968277718016,1.9430432325985005,1.486150187935277,0.3242305960797069,0.3452019607691178,300
PHASE5F_ALL_MODEL_CEILING_METRICS,Random_Promoter_DREAM_base_track_15,Random Promoter DREAM / MAUDE-derived,N03_T05_UncertaintyEnsemble_ExtraTrees,N03_T05_UncertaintyEnsemble_ExtraTrees,atlas_nonlinear_head,primary_headline,no,potential_duplicate_or_related,random_split,100000,100000,80000.0,20000,target,0.3120281560865642,1.9771211020993027,1.5193638282430009,0.30174734667048086,0.3221512648331956,300
PHASE5F_ALL_MODEL_CEILING_METRICS,Random_Promoter_DREAM_base_track_15,Random Promoter DREAM / MAUDE-derived,N04_T05_UncertaintyEnsemble_HistGB,N04_T05_UncertaintyEnsemble_HistGB,atlas_nonlinear_head,primary_headline,no,potential_duplicate_or_related,random_split,100000,100000,80000.0,20000,target,0.3350603664770022,1.943743924854202,1.4867570696935506,0.32398459854704575,0.3449626554306176,300
PHASE5F_ALL_MODEL_CEILING_METRICS,Random_Promoter_DREAM_base_track_15,Random Promoter DREAM / MAUDE-derived,N05_T02_SelectionPotential_HistGB,N05_T02_SelectionPotential_HistGB,atlas_nonlinear_head,primary_headline,no,potential_duplicate_or_related,random_split,100000,100000,80000.0,20000,target,0.3371339464666969,1.9407108257226344,1.4834599151112347,0.3267144435538699,0.34678353807511075,300
PHASE5F_ALL_MODEL_CEILING_METRICS,Random_Promoter_DREAM_base_track_16,Random Promoter DREAM / MAUDE-derived,B01_Ridge_GLM_style,B01_Ridge_GLM_style,external_baseline,primary_headline,no,potential_duplicate_or_related,random_split,149258,149258,119406.0,29852,target,0.2773095945390467,2.0254068298717582,1.5627540350406723,0.2689921115075334,0.2858311997712505,300
PHASE5F_ALL_MODEL_CEILING_METRICS,Random_Promoter_DREAM_base_track_16,Random Promoter DREAM / MAUDE-derived,B02_ElasticNet_GLM,B02_ElasticNet_GLM,external_baseline,primary_headline,no,potential_duplicate_or_related,random_split,149258,149258,119406.0,29852,target,0.17257208168265392,2.1672110721554594,1.695917016872814,0.16640163040738828,0.17931113973346013,300
PHASE5F_ALL_MODEL_CEILING_METRICS,Random_Promoter_DREAM_base_track_16,Random Promoter DREAM / MAUDE-derived,B03_NystroemKernelRidge_RBF,B03_NystroemKernelRidge_RBF,external_baseline,primary_headline,no,potential_duplicate_or_related,random_split,149258,149258,119406.0,29852,target,0.07847884753417633,2.2871190951428133,1.808720680167685,0.07285925255650594,0.08374126551042242,300
PHASE5F_ALL_MODEL_CEILING_METRICS,Random_Promoter_DREAM_base_track_16,Random Promoter DREAM / MAUDE-derived,B04_ExtraTrees,B04_ExtraTrees,external_baseline,primary_headline,no,potential_duplicate_or_related,random_split,149258,149258,119406.0,29852,target,0.29518096960912676,2.0002069707720547,1.536982157970948,0.2859575464917965,0.30392917751427356,300
PHASE5F_ALL_MODEL_CEILING_METRICS,Random_Promoter_DREAM_base_track_16,Random Promoter DREAM / MAUDE-derived,B05_RandomForest,B05_RandomForest,external_baseline,primary_headline,no,potential_duplicate_or_related,random_split,149258,149258,119406.0,29852,target,0.2903671535485651,2.0070259153394185,1.5421795454028624,0.28107051152753054,0.29976724123923887,300
PHASE5F_ALL_MODEL_CEILING_METRICS,Random_Promoter_DREAM_base_track_16,Random Promoter DREAM / MAUDE-derived,B06_HistGradientBoosting,B06_HistGradientBoosting,external_baseline,primary_headline,no,potential_duplicate_or_related,random_split,149258,149258,119406.0,29852,target,0.32509259817254366,1.9573037186146964,1.4993715924721909,0.3166237265301538,0.3342664472744195,300
PHASE5F_ALL_MODEL_CEILING_METRICS,Random_Promoter_DREAM_base_track_16,Random Promoter DREAM / MAUDE-derived,B07_Nystroem_SVR_like,B07_Nystroem_SVR_like,external_baseline,primary_headline,no,potential_duplicate_or_related,random_split,149258,149258,119406.0,29852,target,0.05894027272991709,2.3112382681965276,1.8001989222807178,0.05348026654237533,0.06358772513310078,300
PHASE5F_ALL_MODEL_CEILING_METRICS,Random_Promoter_DREAM_base_track_16,Random Promoter DREAM / MAUDE-derived,B08_MLPRegressor,B08_MLPRegressor,external_baseline,primary_headline,no,potential_duplicate_or_related,random_split,149258,149258,119406.0,29852,target,0.23273740816171617,2.086931228878156,1.6009660090880835,0.22216419265602763,0.2444364222057976,300
PHASE5F_ALL_MODEL_CEILING_METRICS,Random_Promoter_DREAM_base_track_16,Random Promoter DREAM / MAUDE-derived,N01_T04_ObservableAlignment_ExtraTrees,N01_T04_ObservableAlignment_ExtraTrees,atlas_nonlinear_head,primary_headline,no,potential_duplicate_or_related,random_split,149258,149258,119406.0,29852,target,0.29518096960912676,2.0002069707720547,1.5369821579709482,0.28595754649179644,0.30392917751427356,300
PHASE5F_ALL_MODEL_CEILING_METRICS,Random_Promoter_DREAM_base_track_16,Random Promoter DREAM / MAUDE-derived,N02_T04_ObservableAlignment_HistGB,N02_T04_ObservableAlignment_HistGB,atlas_nonlinear_head,primary_headline,no,potential_duplicate_or_related,random_split,149258,149258,119406.0,29852,target,0.3250940116988692,1.9573016689247875,1.4993334343870555,0.31662613938078704,0.3342629914876902,300
PHASE5F_ALL_MODEL_CEILING_METRICS,Random_Promoter_DREAM_base_track_16,Random Promoter DREAM / MAUDE-derived,N03_T05_UncertaintyEnsemble_ExtraTrees,N03_T05_UncertaintyEnsemble_ExtraTrees,atlas_nonlinear_head,primary_headline,no,potential_duplicate_or_related,random_split,149258,149258,119406.0,29852,target,0.2983456576016086,1.9957113823443355,1.532874095002866,0.289617360568153,0.307482005606928,300
PHASE5F_ALL_MODEL_CEILING_METRICS,Random_Promoter_DREAM_base_track_16,Random Promoter DREAM / MAUDE-derived,N04_T05_UncertaintyEnsemble_HistGB,N04_T05_UncertaintyEnsemble_HistGB,atlas_nonlinear_head,primary_headline,no,potential_duplicate_or_related,random_split,149258,149258,119406.0,29852,target,0.32450897635957554,1.9581498186084452,1.499423233266105,0.31635041482401477,0.3335161690919184,300
PHASE5F_ALL_MODEL_CEILING_METRICS,Random_Promoter_DREAM_base_track_16,Random Promoter DREAM / MAUDE-derived,N05_T02_SelectionPotential_HistGB,N05_T02_SelectionPotential_HistGB,atlas_nonlinear_head,primary_headline,no,potential_duplicate_or_related,random_split,149258,149258,119406.0,29852,target,0.3259724521247894,1.956027467199734,1.4978725297486004,0.31756733524657715,0.33499676256255995,300
PHASE5F_ALL_MODEL_CEILING_METRICS,Random_Promoter_DREAM_base_track_17,Random Promoter DREAM / MAUDE-derived,B01_Ridge_GLM_style,B01_Ridge_GLM_style,external_baseline,primary_headline,no,potential_duplicate_or_related,random_split,20000,20000,16000.0,4000,target,0.24215057247372296,2.0634049598465865,1.5949424901425022,0.22068990339812047,0.26056917822462894,300
PHASE5F_ALL_MODEL_CEILING_METRICS,Random_Promoter_DREAM_base_track_17,Random Promoter DREAM / MAUDE-derived,B02_ElasticNet_GLM,B02_ElasticNet_GLM,external_baseline,primary_headline,no,potential_duplicate_or_related,random_split,20000,20000,16000.0,4000,target,0.1731148359130933,2.1553390956456018,1.6843953790471176,0.1554445758818884,0.18955246618938318,300
PHASE5F_ALL_MODEL_CEILING_METRICS,Random_Promoter_DREAM_base_track_17,Random Promoter DREAM / MAUDE-derived,B03_NystroemKernelRidge_RBF,B03_NystroemKernelRidge_RBF,external_baseline,primary_headline,no,potential_duplicate_or_related,random_split,20000,20000,16000.0,4000,target,0.05899962703779582,2.2992590494726453,1.8176678680603178,0.04533388255904932,0.07263704325068238,300
PHASE5F_ALL_MODEL_CEILING_METRICS,Random_Promoter_DREAM_base_track_17,Random Promoter DREAM / MAUDE-derived,B04_ExtraTrees,B04_ExtraTrees,external_baseline,primary_headline,no,potential_duplicate_or_related,random_split,20000,20000,16000.0,4000,target,0.27331922511329254,2.0205278549695453,1.5456758701139401,0.24789224121936276,0.29554680816226886,300
PHASE5F_ALL_MODEL_CEILING_METRICS,Random_Promoter_DREAM_base_track_17,Random Promoter DREAM / MAUDE-derived,B05_RandomForest,B05_RandomForest,external_baseline,primary_headline,no,potential_duplicate_or_related,random_split,20000,20000,16000.0,4000,target,0.2662058137526777,2.030393151937753,1.5562091128785103,0.24063629241440673,0.2887632325473716,300
PHASE5F_ALL_MODEL_CEILING_METRICS,Random_Promoter_DREAM_base_track_17,Random Promoter DREAM / MAUDE-derived,B06_HistGradientBoosting,B06_HistGradientBoosting,external_baseline,primary_headline,no,potential_duplicate_or_related,random_split,20000,20000,16000.0,4000,target,0.3119885650433266,1.966033143352353,1.5018075629931857,0.28865044105617216,0.3326612977620764,300
PHASE5F_ALL_MODEL_CEILING_METRICS,Random_Promoter_DREAM_base_track_17,Random Promoter DREAM / MAUDE-derived,B07_Nystroem_SVR_like,B07_Nystroem_SVR_like,external_baseline,primary_headline,no,potential_duplicate_or_related,random_split,20000,20000,16000.0,4000,target,0.04044749938111869,2.3218137428649186,1.807985990952559,0.02820066450344768,0.05159499829305221,300
PHASE5F_ALL_MODEL_CEILING_METRICS,Random_Promoter_DREAM_base_track_17,Random Promoter DREAM / MAUDE-derived,B08_MLPRegressor,B08_MLPRegressor,external_baseline,primary_headline,no,potential_duplicate_or_related,random_split,20000,20000,16000.0,4000,target,0.13505975863877617,2.204377950254688,1.672730703975031,0.08381951653958725,0.17891458032648397,300
PHASE5F_ALL_MODEL_CEILING_METRICS,Random_Promoter_DREAM_base_track_17,Random Promoter DREAM / MAUDE-derived,N01_T04_ObservableAlignment_ExtraTrees,N01_T04_ObservableAlignment_ExtraTrees,atlas_nonlinear_head,primary_headline,no,potential_duplicate_or_related,random_split,20000,20000,16000.0,4000,target,0.27331922511329254,2.0205278549695453,1.5456758701139401,0.24789224121936274,0.29554680816226886,300
PHASE5F_ALL_MODEL_CEILING_METRICS,Random_Promoter_DREAM_base_track_17,Random Promoter DREAM / MAUDE-derived,N02_T04_ObservableAlignment_HistGB,N02_T04_ObservableAlignment_HistGB,atlas_nonlinear_head,primary_headline,no,potential_duplicate_or_related,random_split,20000,20000,16000.0,4000,target,0.31198550162215677,1.9660375203005707,1.5018442085588806,0.28863631684399915,0.33266515264133795,300
PHASE5F_ALL_MODEL_CEILING_METRICS,Random_Promoter_DREAM_base_track_17,Random Promoter DREAM / MAUDE-derived,N03_T05_UncertaintyEnsemble_ExtraTrees,N03_T05_UncertaintyEnsemble_ExtraTrees,atlas_nonlinear_head,primary_headline,no,potential_duplicate_or_related,random_split,20000,20000,16000.0,4000,target,0.28308432344312684,2.0069060640260923,1.537286868062441,0.25756386835675177,0.305757742148313,300
PHASE5F_ALL_MODEL_CEILING_METRICS,Random_Promoter_DREAM_base_track_17,Random Promoter DREAM / MAUDE-derived,N04_T05_UncertaintyEnsemble_HistGB,N04_T05_UncertaintyEnsemble_HistGB,atlas_nonlinear_head,primary_headline,no,potential_duplicate_or_related,random_split,20000,20000,16000.0,4000,target,0.31151385868496284,1.966711277070089,1.5037491952553323,0.2862681907931337,0.33185498822169357,300
PHASE5F_ALL_MODEL_CEILING_METRICS,Random_Promoter_DREAM_base_track_17,Random Promoter DREAM / MAUDE-derived,N05_T02_SelectionPotential_HistGB,N05_T02_SelectionPotential_HistGB,atlas_nonlinear_head,primary_headline,no,potential_duplicate_or_related,random_split,20000,20000,16000.0,4000,target,0.31442752030782783,1.9625453205202172,1.4979785179671568,0.29112471888107117,0.334303973421946,300
PHASE5F_ALL_MODEL_CEILING_METRICS,Random_Promoter_DREAM_base_track_18,Random Promoter DREAM / MAUDE-derived,B01_Ridge_GLM_style,B01_Ridge_GLM_style,external_baseline,primary_headline,no,potential_duplicate_or_related,random_split,20000,13871,16000.0,4000,target,0.3625001172072422,0.6056290980426757,0.4999891211310566,0.34443490138709776,0.3825815122626346,300
PHASE5F_ALL_MODEL_CEILING_METRICS,Random_Promoter_DREAM_base_track_18,Random Promoter DREAM / MAUDE-derived,B02_ElasticNet_GLM,B02_ElasticNet_GLM,external_baseline,primary_headline,no,potential_duplicate_or_related,random_split,20000,13871,16000.0,4000,target,0.1662444138068958,0.6926056927405311,0.5806710524348168,0.15195079517158433,0.1791965280600684,300
PHASE5F_ALL_MODEL_CEILING_METRICS,Random_Promoter_DREAM_base_track_18,Random Promoter DREAM / MAUDE-derived,B03_NystroemKernelRidge_RBF,B03_NystroemKernelRidge_RBF,external_baseline,primary_headline,no,potential_duplicate_or_related,random_split,20000,13871,16000.0,4000,target,0.05452405222464041,0.7375507705288179,0.618437005144327,0.045693302009324525,0.06392293513525173,300
PHASE5F_ALL_MODEL_CEILING_METRICS,Random_Promoter_DREAM_base_track_18,Random Promoter DREAM / MAUDE-derived,B04_ExtraTrees,B04_ExtraTrees,external_baseline,primary_headline,no,potential_duplicate_or_related,random_split,20000,13871,16000.0,4000,target,0.6528404831126469,0.44692146749486,0.33291404504404054,0.6330151069657608,0.6722820011648271,300
PHASE5F_ALL_MODEL_CEILING_METRICS,Random_Promoter_DREAM_base_track_18,Random Promoter DREAM / MAUDE-derived,B05_RandomForest,B05_RandomForest,external_baseline,primary_headline,no,potential_duplicate_or_related,random_split,20000,13871,16000.0,4000,target,0.6506371531083934,0.44833747071125907,0.3364967334873206,0.6314808886377646,0.6712311228859588,300
PHASE5F_ALL_MODEL_CEILING_METRICS,Random_Promoter_DREAM_base_track_18,Random Promoter DREAM / MAUDE-derived,B06_HistGradientBoosting,B06_HistGradientBoosting,external_baseline,primary_headline,no,potential_duplicate_or_related,random_split,20000,13871,16000.0,4000,target,0.6674740734911722,0.4374006605548573,0.3271827094469526,0.6479643588947108,0.6855781651612769,300
PHASE5F_ALL_MODEL_CEILING_METRICS,Random_Promoter_DREAM_base_track_18,Random Promoter DREAM / MAUDE-derived,B07_Nystroem_SVR_like,B07_Nystroem_SVR_like,external_baseline,primary_headline,no,potential_duplicate_or_related,random_split,20000,13871,16000.0,4000,target,0.05277563728018686,0.7382324109093262,0.615952265073641,0.04211924430698143,0.06355274173756115,300
PHASE5F_ALL_MODEL_CEILING_METRICS,Random_Promoter_DREAM_base_track_18,Random Promoter DREAM / MAUDE-derived,B08_MLPRegressor,B08_MLPRegressor,external_baseline,primary_headline,no,potential_duplicate_or_related,random_split,20000,13871,16000.0,4000,target,0.6296506607109189,0.46160708454954646,0.3295636922492227,0.6063426198729879,0.6531436055380522,300
PHASE5F_ALL_MODEL_CEILING_METRICS,Random_Promoter_DREAM_base_track_18,Random Promoter DREAM / MAUDE-derived,N01_T04_ObservableAlignment_ExtraTrees,N01_T04_ObservableAlignment_ExtraTrees,atlas_nonlinear_head,primary_headline,no,potential_duplicate_or_related,random_split,20000,13871,16000.0,4000,target,0.6528404831126469,0.44692146749486,0.33291404504404054,0.6330151069657607,0.6722820011648271,300
PHASE5F_ALL_MODEL_CEILING_METRICS,Random_Promoter_DREAM_base_track_18,Random Promoter DREAM / MAUDE-derived,N02_T04_ObservableAlignment_HistGB,N02_T04_ObservableAlignment_HistGB,atlas_nonlinear_head,primary_headline,no,potential_duplicate_or_related,random_split,20000,13871,16000.0,4000,target,0.6675224603459724,0.4373688356495701,0.32713301696461794,0.6479867317917183,0.6856431209621626,300
PHASE5F_ALL_MODEL_CEILING_METRICS,Random_Promoter_DREAM_base_track_18,Random Promoter DREAM / MAUDE-derived,N03_T05_UncertaintyEnsemble_ExtraTrees,N03_T05_UncertaintyEnsemble_ExtraTrees,atlas_nonlinear_head,primary_headline,no,potential_duplicate_or_related,random_split,20000,13871,16000.0,4000,target,0.6481537097402805,0.4499281507792622,0.33844030896773347,0.6289966497957719,0.6681182144907039,300
PHASE5F_ALL_MODEL_CEILING_METRICS,Random_Promoter_DREAM_base_track_18,Random Promoter DREAM / MAUDE-derived,N04_T05_UncertaintyEnsemble_HistGB,N04_T05_UncertaintyEnsemble_HistGB,atlas_nonlinear_head,primary_headline,no,potential_duplicate_or_related,random_split,20000,13871,16000.0,4000,target,0.6701509850974231,0.4356365140405972,0.3255311883802518,0.6503133538144705,0.6891788692624732,300
PHASE5F_ALL_MODEL_CEILING_METRICS,Random_Promoter_DREAM_base_track_18,Random Promoter DREAM / MAUDE-derived,N05_T02_SelectionPotential_HistGB,N05_T02_SelectionPotential_HistGB,atlas_nonlinear_head,primary_headline,no,potential_duplicate_or_related,random_split,20000,13871,16000.0,4000,target,0.6696581907781956,0.4359618129907972,0.3264509408201171,0.6493021988772509,0.6875867360491001,300
PHASE5F_ALL_MODEL_CEILING_METRICS,Random_Promoter_DREAM_base_track_19,Random Promoter DREAM / MAUDE-derived,B01_Ridge_GLM_style,B01_Ridge_GLM_style,external_baseline,primary_headline,no,potential_duplicate_or_related,random_split,100000,100000,80000.0,20000,target,0.2752963329881172,2.02711629357158,1.5669451010916449,0.2654593834115059,0.28565413264117123,300
PHASE5F_ALL_MODEL_CEILING_METRICS,Random_Promoter_DREAM_base_track_19,Random Promoter DREAM / MAUDE-derived,B02_ElasticNet_GLM,B02_ElasticNet_GLM,external_baseline,primary_headline,no,potential_duplicate_or_related,random_split,100000,100000,80000.0,20000,target,0.1746749067096739,2.163271156910467,1.6950210490739663,0.16707088841359102,0.1821704499069468,300
PHASE5F_ALL_MODEL_CEILING_METRICS,Random_Promoter_DREAM_base_track_19,Random Promoter DREAM / MAUDE-derived,B03_NystroemKernelRidge_RBF,B03_NystroemKernelRidge_RBF,external_baseline,primary_headline,no,potential_duplicate_or_related,random_split,100000,100000,80000.0,20000,target,0.06312650307246603,2.304830072025216,1.8214640974160174,0.05749853507768057,0.06905728278156488,300
PHASE5F_ALL_MODEL_CEILING_METRICS,Random_Promoter_DREAM_base_track_19,Random Promoter DREAM / MAUDE-derived,B04_ExtraTrees,B04_ExtraTrees,external_baseline,primary_headline,no,potential_duplicate_or_related,random_split,100000,100000,80000.0,20000,target,0.29887275245942335,1.9938700855507445,1.5304750486885705,0.2884325096309976,0.31069843109804435,300
PHASE5F_ALL_MODEL_CEILING_METRICS,Random_Promoter_DREAM_base_track_19,Random Promoter DREAM / MAUDE-derived,B05_RandomForest,B05_RandomForest,external_baseline,primary_headline,no,potential_duplicate_or_related,random_split,100000,100000,80000.0,20000,target,0.2938304865030986,2.0010268551990995,1.5379120570068663,0.28244832081464094,0.30685885740185803,300
PHASE5F_ALL_MODEL_CEILING_METRICS,Random_Promoter_DREAM_base_track_19,Random Promoter DREAM / MAUDE-derived,B06_HistGradientBoosting,B06_HistGradientBoosting,external_baseline,primary_headline,no,potential_duplicate_or_related,random_split,100000,100000,80000.0,20000,target,0.326704820917023,1.9538948465387709,1.494530189338892,0.3157195535923178,0.3388760204022501,300
PHASE5F_ALL_MODEL_CEILING_METRICS,Random_Promoter_DREAM_base_track_19,Random Promoter DREAM / MAUDE-derived,B07_Nystroem_SVR_like,B07_Nystroem_SVR_like,external_baseline,primary_headline,no,potential_duplicate_or_related,random_split,100000,100000,80000.0,20000,target,0.0458174169878478,2.3260239250957113,1.8133081306381065,0.0406694938962503,0.05157317537386824,300
PHASE5F_ALL_MODEL_CEILING_METRICS,Random_Promoter_DREAM_base_track_19,Random Promoter DREAM / MAUDE-derived,B08_MLPRegressor,B08_MLPRegressor,external_baseline,primary_headline,no,potential_duplicate_or_related,random_split,100000,100000,80000.0,20000,target,0.21040587528011567,2.1159255808414117,1.6162380289872447,0.19763587492510937,0.2269570486868331,300
PHASE5F_ALL_MODEL_CEILING_METRICS,Random_Promoter_DREAM_base_track_19,Random Promoter DREAM / MAUDE-derived,N01_T04_ObservableAlignment_ExtraTrees,N01_T04_ObservableAlignment_ExtraTrees,atlas_nonlinear_head,primary_headline,no,potential_duplicate_or_related,random_split,100000,100000,80000.0,20000,target,0.29887275245942335,1.9938700855507445,1.5304750486885705,0.2884325096309976,0.3106984310980443,300
PHASE5F_ALL_MODEL_CEILING_METRICS,Random_Promoter_DREAM_base_track_19,Random Promoter DREAM / MAUDE-derived,N02_T04_ObservableAlignment_HistGB,N02_T04_ObservableAlignment_HistGB,atlas_nonlinear_head,primary_headline,no,potential_duplicate_or_related,random_split,100000,100000,80000.0,20000,target,0.3267037244541179,1.9538964374994772,1.4945422718336587,0.31571611052320886,0.3388763742410608,300
PHASE5F_ALL_MODEL_CEILING_METRICS,Random_Promoter_DREAM_base_track_19,Random Promoter DREAM / MAUDE-derived,N03_T05_UncertaintyEnsemble_ExtraTrees,N03_T05_UncertaintyEnsemble_ExtraTrees,atlas_nonlinear_head,primary_headline,no,potential_duplicate_or_related,random_split,100000,100000,80000.0,20000,target,0.30177706003323734,1.9897361559808184,1.5283295497994138,0.292092493466389,0.3138787562027284,300
PHASE5F_ALL_MODEL_CEILING_METRICS,Random_Promoter_DREAM_base_track_19,Random Promoter DREAM / MAUDE-derived,N04_T05_UncertaintyEnsemble_HistGB,N04_T05_UncertaintyEnsemble_HistGB,atlas_nonlinear_head,primary_headline,no,potential_duplicate_or_related,random_split,100000,100000,80000.0,20000,target,0.327082293219221,1.9533470596166436,1.4951555103043632,0.3156826770018826,0.33945377435243845,300
PHASE5F_ALL_MODEL_CEILING_METRICS,Random_Promoter_DREAM_base_track_19,Random Promoter DREAM / MAUDE-derived,N05_T02_SelectionPotential_HistGB,N05_T02_SelectionPotential_HistGB,atlas_nonlinear_head,primary_headline,no,potential_duplicate_or_related,random_split,100000,100000,80000.0,20000,target,0.3272989969458453,1.9530325102536996,1.4959943935042088,0.31612033672676704,0.3394840481893224,300
PHASE5F_ALL_MODEL_CEILING_METRICS,Random_Promoter_DREAM_base_track_20,Random Promoter DREAM / MAUDE-derived,B01_Ridge_GLM_style,B01_Ridge_GLM_style,external_baseline,primary_headline,no,potential_duplicate_or_related,random_split,20000,20000,16000.0,4000,target,0.24215057247372296,2.0634049598465865,1.5949424901425022,0.22068990339812047,0.26056917822462894,300
PHASE5F_ALL_MODEL_CEILING_METRICS,Random_Promoter_DREAM_base_track_20,Random Promoter DREAM / MAUDE-derived,B02_ElasticNet_GLM,B02_ElasticNet_GLM,external_baseline,primary_headline,no,potential_duplicate_or_related,random_split,20000,20000,16000.0,4000,target,0.1731148359130933,2.1553390956456018,1.6843953790471176,0.1554445758818884,0.18955246618938318,300
PHASE5F_ALL_MODEL_CEILING_METRICS,Random_Promoter_DREAM_base_track_20,Random Promoter DREAM / MAUDE-derived,B03_NystroemKernelRidge_RBF,B03_NystroemKernelRidge_RBF,external_baseline,primary_headline,no,potential_duplicate_or_related,random_split,20000,20000,16000.0,4000,target,0.05899962703779582,2.2992590494726453,1.8176678680603178,0.04533388255904932,0.07263704325068238,300
PHASE5F_ALL_MODEL_CEILING_METRICS,Random_Promoter_DREAM_base_track_20,Random Promoter DREAM / MAUDE-derived,B04_ExtraTrees,B04_ExtraTrees,external_baseline,primary_headline,no,potential_duplicate_or_related,random_split,20000,20000,16000.0,4000,target,0.27331922511329254,2.0205278549695453,1.54567587011394,0.2478922412193626,0.2955468081622689,300
PHASE5F_ALL_MODEL_CEILING_METRICS,Random_Promoter_DREAM_base_track_20,Random Promoter DREAM / MAUDE-derived,B05_RandomForest,B05_RandomForest,external_baseline,primary_headline,no,potential_duplicate_or_related,random_split,20000,20000,16000.0,4000,target,0.2662058137526778,2.0303931519377527,1.5562091128785105,0.24063629241440673,0.2887632325473716,300
PHASE5F_ALL_MODEL_CEILING_METRICS,Random_Promoter_DREAM_base_track_20,Random Promoter DREAM / MAUDE-derived,B06_HistGradientBoosting,B06_HistGradientBoosting,external_baseline,primary_headline,no,potential_duplicate_or_related,random_split,20000,20000,16000.0,4000,target,0.3119885650433266,1.966033143352353,1.5018075629931857,0.28865044105617216,0.3326612977620764,300
PHASE5F_ALL_MODEL_CEILING_METRICS,Random_Promoter_DREAM_base_track_20,Random Promoter DREAM / MAUDE-derived,B07_Nystroem_SVR_like,B07_Nystroem_SVR_like,external_baseline,primary_headline,no,potential_duplicate_or_related,random_split,20000,20000,16000.0,4000,target,0.04044749938111869,2.3218137428649186,1.807985990952559,0.02820066450344768,0.05159499829305221,300
PHASE5F_ALL_MODEL_CEILING_METRICS,Random_Promoter_DREAM_base_track_20,Random Promoter DREAM / MAUDE-derived,B08_MLPRegressor,B08_MLPRegressor,external_baseline,primary_headline,no,potential_duplicate_or_related,random_split,20000,20000,16000.0,4000,target,0.13505975863877617,2.204377950254688,1.672730703975031,0.08381951653958725,0.17891458032648397,300
PHASE5F_ALL_MODEL_CEILING_METRICS,Random_Promoter_DREAM_base_track_20,Random Promoter DREAM / MAUDE-derived,N01_T04_ObservableAlignment_ExtraTrees,N01_T04_ObservableAlignment_ExtraTrees,atlas_nonlinear_head,primary_headline,no,potential_duplicate_or_related,random_split,20000,20000,16000.0,4000,target,0.27331922511329254,2.0205278549695453,1.5456758701139401,0.24789224121936276,0.29554680816226886,300
PHASE5F_ALL_MODEL_CEILING_METRICS,Random_Promoter_DREAM_base_track_20,Random Promoter DREAM / MAUDE-derived,N02_T04_ObservableAlignment_HistGB,N02_T04_ObservableAlignment_HistGB,atlas_nonlinear_head,primary_headline,no,potential_duplicate_or_related,random_split,20000,20000,16000.0,4000,target,0.31198550162215677,1.9660375203005707,1.5018442085588806,0.28863631684399915,0.33266515264133795,300
PHASE5F_ALL_MODEL_CEILING_METRICS,Random_Promoter_DREAM_base_track_20,Random Promoter DREAM / MAUDE-derived,N03_T05_UncertaintyEnsemble_ExtraTrees,N03_T05_UncertaintyEnsemble_ExtraTrees,atlas_nonlinear_head,primary_headline,no,potential_duplicate_or_related,random_split,20000,20000,16000.0,4000,target,0.28308432344312695,2.006906064026092,1.5372868680624412,0.25756386835675177,0.305757742148313,300
PHASE5F_ALL_MODEL_CEILING_METRICS,Random_Promoter_DREAM_base_track_20,Random Promoter DREAM / MAUDE-derived,N04_T05_UncertaintyEnsemble_HistGB,N04_T05_UncertaintyEnsemble_HistGB,atlas_nonlinear_head,primary_headline,no,potential_duplicate_or_related,random_split,20000,20000,16000.0,4000,target,0.31151385868496284,1.966711277070089,1.5037491952553323,0.2862681907931337,0.33185498822169357,300
PHASE5F_ALL_MODEL_CEILING_METRICS,Random_Promoter_DREAM_base_track_20,Random Promoter DREAM / MAUDE-derived,N05_T02_SelectionPotential_HistGB,N05_T02_SelectionPotential_HistGB,atlas_nonlinear_head,primary_headline,no,potential_duplicate_or_related,random_split,20000,20000,16000.0,4000,target,0.31442752030782783,1.9625453205202172,1.4979785179671568,0.29112471888107117,0.334303973421946,300
PHASE5F_ALL_MODEL_CEILING_METRICS,extra_test_inregime_predictions_v0,DREAM/MAUDE prediction-derived,B01_Ridge_GLM_style,B01_Ridge_GLM_style,external_baseline,exploratory_only,no,potential_duplicate_or_related,group_shuffle_split,80000,20000,60000.0,20000,target,-20.96554004894836,7.029727332565128,6.923885722036688,-21.394268839920937,-20.532827304647174,300
PHASE5F_ALL_MODEL_CEILING_METRICS,extra_test_inregime_predictions_v0,DREAM/MAUDE prediction-derived,B02_ElasticNet_GLM,B02_ElasticNet_GLM,external_baseline,exploratory_only,no,potential_duplicate_or_related,group_shuffle_split,80000,20000,60000.0,20000,target,-21.114497158308424,7.053522754996927,6.924579736740915,-21.533715638470262,-20.674848338674373,300
PHASE5F_ALL_MODEL_CEILING_METRICS,extra_test_inregime_predictions_v0,DREAM/MAUDE prediction-derived,B03_NystroemKernelRidge_RBF,B03_NystroemKernelRidge_RBF,external_baseline,exploratory_only,no,potential_duplicate_or_related,group_shuffle_split,80000,20000,60000.0,20000,target,-21.227265095419003,7.071483818648007,6.924579665656416,-21.64230070990008,-20.80218747767422,300
PHASE5F_ALL_MODEL_CEILING_METRICS,extra_test_inregime_predictions_v0,DREAM/MAUDE prediction-derived,B04_ExtraTrees,B04_ExtraTrees,external_baseline,exploratory_only,no,potential_duplicate_or_related,group_shuffle_split,80000,20000,60000.0,20000,target,-20.966060534928744,7.029810618767968,6.924579281882403,-21.394309311107953,-20.536737349905007,300
PHASE5F_ALL_MODEL_CEILING_METRICS,extra_test_inregime_predictions_v0,DREAM/MAUDE prediction-derived,B05_RandomForest,B05_RandomForest,external_baseline,exploratory_only,no,potential_duplicate_or_related,group_shuffle_split,80000,20000,60000.0,20000,target,-20.913262256042582,7.021357004534732,6.920713771656697,-21.342300566624765,-20.48367490534689,300
PHASE5F_ALL_MODEL_CEILING_METRICS,extra_test_inregime_predictions_v0,DREAM/MAUDE prediction-derived,B06_HistGradientBoosting,B06_HistGradientBoosting,external_baseline,exploratory_only,no,potential_duplicate_or_related,group_shuffle_split,80000,20000,60000.0,20000,target,-20.986631164580984,7.033101463548263,6.90593414229319,-21.400670058231682,-20.556517767669526,300
PHASE5F_ALL_MODEL_CEILING_METRICS,extra_test_inregime_predictions_v0,DREAM/MAUDE prediction-derived,B07_Nystroem_SVR_like,B07_Nystroem_SVR_like,external_baseline,exploratory_only,no,potential_duplicate_or_related,group_shuffle_split,80000,20000,60000.0,20000,target,-44.622147375128506,10.131071931433153,10.018979158477554,-45.53187365669242,-43.7331775892169,300
PHASE5F_ALL_MODEL_CEILING_METRICS,extra_test_inregime_predictions_v0,DREAM/MAUDE prediction-derived,B08_MLPRegressor,B08_MLPRegressor,external_baseline,exploratory_only,no,potential_duplicate_or_related,group_shuffle_split,80000,20000,60000.0,20000,target,-20.99516517834296,7.034466264758118,6.908970546223629,-21.422959509424654,-20.550481724694713,300
PHASE5F_ALL_MODEL_CEILING_METRICS,extra_test_inregime_predictions_v0,DREAM/MAUDE prediction-derived,N01_T04_ObservableAlignment_ExtraTrees,N01_T04_ObservableAlignment_ExtraTrees,atlas_nonlinear_head,exploratory_only,no,potential_duplicate_or_related,group_shuffle_split,80000,20000,60000.0,20000,target,-20.966060534928744,7.029810618767968,6.924579281882403,-21.394309311107953,-20.536737349905007,300
PHASE5F_ALL_MODEL_CEILING_METRICS,extra_test_inregime_predictions_v0,DREAM/MAUDE prediction-derived,N02_T04_ObservableAlignment_HistGB,N02_T04_ObservableAlignment_HistGB,atlas_nonlinear_head,exploratory_only,no,potential_duplicate_or_related,group_shuffle_split,80000,20000,60000.0,20000,target,-20.986631164580984,7.033101463548263,6.90593414229319,-21.400670058231682,-20.556517767669526,300
PHASE5F_ALL_MODEL_CEILING_METRICS,extra_test_inregime_predictions_v0,DREAM/MAUDE prediction-derived,N03_T05_UncertaintyEnsemble_ExtraTrees,N03_T05_UncertaintyEnsemble_ExtraTrees,atlas_nonlinear_head,exploratory_only,no,potential_duplicate_or_related,group_shuffle_split,80000,20000,60000.0,20000,target,-21.03146817283358,7.040269060553876,6.931740972241454,-21.4583523152969,-20.588039636793358,300
PHASE5F_ALL_MODEL_CEILING_METRICS,extra_test_inregime_predictions_v0,DREAM/MAUDE prediction-derived,N04_T05_UncertaintyEnsemble_HistGB,N04_T05_UncertaintyEnsemble_HistGB,atlas_nonlinear_head,exploratory_only,no,potential_duplicate_or_related,group_shuffle_split,80000,20000,60000.0,20000,target,-21.07405950895245,7.047070915143756,6.935344512119409,-21.48863834291156,-20.634951676826642,300
PHASE5F_ALL_MODEL_CEILING_METRICS,extra_test_inregime_predictions_v0,DREAM/MAUDE prediction-derived,N05_T02_SelectionPotential_HistGB,N05_T02_SelectionPotential_HistGB,atlas_nonlinear_head,exploratory_only,no,potential_duplicate_or_related,group_shuffle_split,80000,20000,60000.0,20000,target,-20.852491718959048,7.011614322893873,6.906177930091895,-21.27411032149098,-20.41931591560294,300
PHASE5F_ALL_MODEL_CEILING_METRICS,extra_test_maude_shift_predictions_v0,DREAM/MAUDE prediction-derived,B01_Ridge_GLM_style,B01_Ridge_GLM_style,external_baseline,exploratory_only,no,potential_duplicate_or_related,group_shuffle_split,80000,13871,60000.0,20000,target,-12.495637867988474,7.680387198047118,7.508982921867737,-12.778619996897284,-12.250191869595406,300
PHASE5F_ALL_MODEL_CEILING_METRICS,extra_test_maude_shift_predictions_v0,DREAM/MAUDE prediction-derived,B02_ElasticNet_GLM,B02_ElasticNet_GLM,external_baseline,exploratory_only,no,potential_duplicate_or_related,group_shuffle_split,80000,13871,60000.0,20000,target,-12.722426428540661,7.744651190782755,7.509202873592744,-12.999563417006042,-12.472136950682948,300
PHASE5F_ALL_MODEL_CEILING_METRICS,extra_test_maude_shift_predictions_v0,DREAM/MAUDE prediction-derived,B03_NystroemKernelRidge_RBF,B03_NystroemKernelRidge_RBF,external_baseline,exploratory_only,no,potential_duplicate_or_related,group_shuffle_split,80000,13871,60000.0,20000,target,-12.822563011442353,7.772857326338967,7.509203071360955,-13.092012147920284,-12.572289191172688,300
PHASE5F_ALL_MODEL_CEILING_METRICS,extra_test_maude_shift_predictions_v0,DREAM/MAUDE prediction-derived,B04_ExtraTrees,B04_ExtraTrees,external_baseline,exploratory_only,no,potential_duplicate_or_related,group_shuffle_split,80000,13871,60000.0,20000,target,-12.40307453322885,7.654002914921261,7.509203121281424,-12.682477865127485,-12.153627959291663,300
PHASE5F_ALL_MODEL_CEILING_METRICS,extra_test_maude_shift_predictions_v0,DREAM/MAUDE prediction-derived,B05_RandomForest,B05_RandomForest,external_baseline,exploratory_only,no,potential_duplicate_or_related,group_shuffle_split,80000,13871,60000.0,20000,target,-12.419556476901306,7.658707584937785,7.5069672820548865,-12.698014162794276,-12.168039692882381,300
PHASE5F_ALL_MODEL_CEILING_METRICS,extra_test_maude_shift_predictions_v0,DREAM/MAUDE prediction-derived,B06_HistGradientBoosting,B06_HistGradientBoosting,external_baseline,exploratory_only,no,potential_duplicate_or_related,group_shuffle_split,80000,13871,60000.0,20000,target,-12.54391148066457,7.694111228058284,7.491845723133199,-12.821406685761142,-12.294108150398666,300
PHASE5F_ALL_MODEL_CEILING_METRICS,extra_test_maude_shift_predictions_v0,DREAM/MAUDE prediction-derived,B07_Nystroem_SVR_like,B07_Nystroem_SVR_like,external_baseline,exploratory_only,no,potential_duplicate_or_related,group_shuffle_split,80000,13871,60000.0,20000,target,-27.805299755078487,11.220768605072132,11.029194565206891,-28.400695644586122,-27.28427575520793,300
PHASE5F_ALL_MODEL_CEILING_METRICS,extra_test_maude_shift_predictions_v0,DREAM/MAUDE prediction-derived,B08_MLPRegressor,B08_MLPRegressor,external_baseline,exploratory_only,no,potential_duplicate_or_related,group_shuffle_split,80000,13871,60000.0,20000,target,-12.219270148354482,7.60133977933059,7.4132389585129115,-12.490960792929858,-11.976118201549289,300
PHASE5F_ALL_MODEL_CEILING_METRICS,extra_test_maude_shift_predictions_v0,DREAM/MAUDE prediction-derived,N01_T04_ObservableAlignment_ExtraTrees,N01_T04_ObservableAlignment_ExtraTrees,atlas_nonlinear_head,exploratory_only,no,potential_duplicate_or_related,group_shuffle_split,80000,13871,60000.0,20000,target,-12.403074533228846,7.654002914921261,7.509203121281425,-12.682477865127487,-12.153627959291663,300
PHASE5F_ALL_MODEL_CEILING_METRICS,extra_test_maude_shift_predictions_v0,DREAM/MAUDE prediction-derived,N02_T04_ObservableAlignment_HistGB,N02_T04_ObservableAlignment_HistGB,atlas_nonlinear_head,exploratory_only,no,potential_duplicate_or_related,group_shuffle_split,80000,13871,60000.0,20000,target,-12.54391148066457,7.694111228058284,7.491845723133199,-12.821406685761142,-12.294108150398666,300
PHASE5F_ALL_MODEL_CEILING_METRICS,extra_test_maude_shift_predictions_v0,DREAM/MAUDE prediction-derived,N03_T05_UncertaintyEnsemble_ExtraTrees,N03_T05_UncertaintyEnsemble_ExtraTrees,atlas_nonlinear_head,exploratory_only,no,potential_duplicate_or_related,group_shuffle_split,80000,13871,60000.0,20000,target,-12.495445898411973,7.680332572769847,7.514502057260934,-12.774516350855158,-12.23366324999963,300
PHASE5F_ALL_MODEL_CEILING_METRICS,extra_test_maude_shift_predictions_v0,DREAM/MAUDE prediction-derived,N04_T05_UncertaintyEnsemble_HistGB,N04_T05_UncertaintyEnsemble_HistGB,atlas_nonlinear_head,exploratory_only,no,potential_duplicate_or_related,group_shuffle_split,80000,13871,60000.0,20000,target,-12.553242720253515,7.6967612466125725,7.517956575706332,-12.826932809611362,-12.306681284532768,300
PHASE5F_ALL_MODEL_CEILING_METRICS,extra_test_maude_shift_predictions_v0,DREAM/MAUDE prediction-derived,N05_T02_SelectionPotential_HistGB,N05_T02_SelectionPotential_HistGB,atlas_nonlinear_head,exploratory_only,no,potential_duplicate_or_related,group_shuffle_split,80000,13871,60000.0,20000,target,-12.456994837918318,7.669383413025577,7.4921089534046565,-12.740337946851932,-12.21506278670635,300
PHASE5F_ALL_MODEL_CEILING_METRICS,extra_val_inregime_predictions_v0,DREAM/MAUDE prediction-derived,B01_Ridge_GLM_style,B01_Ridge_GLM_style,external_baseline,exploratory_only,no,potential_duplicate_or_related,group_shuffle_split,80000,20000,60000.0,20000,target,-21.33903872805857,7.0261044802289545,6.9227068295107514,-21.800443367154614,-20.876844851381055,300
PHASE5F_ALL_MODEL_CEILING_METRICS,extra_val_inregime_predictions_v0,DREAM/MAUDE prediction-derived,B02_ElasticNet_GLM,B02_ElasticNet_GLM,external_baseline,exploratory_only,no,potential_duplicate_or_related,group_shuffle_split,80000,20000,60000.0,20000,target,-21.488416783098046,7.049556633529969,6.922842319677892,-21.944680106811752,-21.025194096694836,300
PHASE5F_ALL_MODEL_CEILING_METRICS,extra_val_inregime_predictions_v0,DREAM/MAUDE prediction-derived,B03_NystroemKernelRidge_RBF,B03_NystroemKernelRidge_RBF,external_baseline,exploratory_only,no,potential_duplicate_or_related,group_shuffle_split,80000,20000,60000.0,20000,target,-21.602860796054358,7.067471539068885,6.922842433546606,-22.057484100818925,-21.151226980756945,300
PHASE5F_ALL_MODEL_CEILING_METRICS,extra_val_inregime_predictions_v0,DREAM/MAUDE prediction-derived,B04_ExtraTrees,B04_ExtraTrees,external_baseline,exploratory_only,no,potential_duplicate_or_related,group_shuffle_split,80000,20000,60000.0,20000,target,-21.335951946175463,7.025619034065816,6.9228424210707455,-21.789801003786444,-20.88433331281696,300
PHASE5F_ALL_MODEL_CEILING_METRICS,extra_val_inregime_predictions_v0,DREAM/MAUDE prediction-derived,B05_RandomForest,B05_RandomForest,external_baseline,exploratory_only,no,potential_duplicate_or_related,group_shuffle_split,80000,20000,60000.0,20000,target,-21.29699357277929,7.019489316730568,6.9213690351461326,-21.75815768875587,-20.84368065937006,300
PHASE5F_ALL_MODEL_CEILING_METRICS,extra_val_inregime_predictions_v0,DREAM/MAUDE prediction-derived,B06_HistGradientBoosting,B06_HistGradientBoosting,external_baseline,exploratory_only,no,potential_duplicate_or_related,group_shuffle_split,80000,20000,60000.0,20000,target,-21.393523864308133,7.0346676311419225,6.90977482124216,-21.849763797341662,-20.93060384355814,300
PHASE5F_ALL_MODEL_CEILING_METRICS,extra_val_inregime_predictions_v0,DREAM/MAUDE prediction-derived,B07_Nystroem_SVR_like,B07_Nystroem_SVR_like,external_baseline,exploratory_only,no,potential_duplicate_or_related,group_shuffle_split,80000,20000,60000.0,20000,target,-45.39509593671595,10.125544849025145,10.015538819090775,-46.36824272942451,-44.43720985237744,300
PHASE5F_ALL_MODEL_CEILING_METRICS,extra_val_inregime_predictions_v0,DREAM/MAUDE prediction-derived,B08_MLPRegressor,B08_MLPRegressor,external_baseline,exploratory_only,no,potential_duplicate_or_related,group_shuffle_split,80000,20000,60000.0,20000,target,-20.86428171809024,6.951042923556836,6.8371759780627315,-21.30814262930126,-20.404773190525855,300
PHASE5F_ALL_MODEL_CEILING_METRICS,extra_val_inregime_predictions_v0,DREAM/MAUDE prediction-derived,N01_T04_ObservableAlignment_ExtraTrees,N01_T04_ObservableAlignment_ExtraTrees,atlas_nonlinear_head,exploratory_only,no,potential_duplicate_or_related,group_shuffle_split,80000,20000,60000.0,20000,target,-21.335951946175463,7.025619034065816,6.9228424210707455,-21.789801003786444,-20.88433331281696,300
PHASE5F_ALL_MODEL_CEILING_METRICS,extra_val_inregime_predictions_v0,DREAM/MAUDE prediction-derived,N02_T04_ObservableAlignment_HistGB,N02_T04_ObservableAlignment_HistGB,atlas_nonlinear_head,exploratory_only,no,potential_duplicate_or_related,group_shuffle_split,80000,20000,60000.0,20000,target,-21.393523864308133,7.0346676311419225,6.90977482124216,-21.849763797341662,-20.93060384355814,300
PHASE5F_ALL_MODEL_CEILING_METRICS,extra_val_inregime_predictions_v0,DREAM/MAUDE prediction-derived,N03_T05_UncertaintyEnsemble_ExtraTrees,N03_T05_UncertaintyEnsemble_ExtraTrees,atlas_nonlinear_head,exploratory_only,no,potential_duplicate_or_related,group_shuffle_split,80000,20000,60000.0,20000,target,-21.35205874463734,7.028151718526298,6.921156651846412,-21.81448450544333,-20.906267076946875,300
PHASE5F_ALL_MODEL_CEILING_METRICS,extra_val_inregime_predictions_v0,DREAM/MAUDE prediction-derived,N04_T05_UncertaintyEnsemble_HistGB,N04_T05_UncertaintyEnsemble_HistGB,atlas_nonlinear_head,exploratory_only,no,potential_duplicate_or_related,group_shuffle_split,80000,20000,60000.0,20000,target,-21.415039597681908,7.038046279712759,6.925617867664435,-21.871374192400964,-20.951993267733567,300
PHASE5F_ALL_MODEL_CEILING_METRICS,extra_val_inregime_predictions_v0,DREAM/MAUDE prediction-derived,N05_T02_SelectionPotential_HistGB,N05_T02_SelectionPotential_HistGB,atlas_nonlinear_head,exploratory_only,no,potential_duplicate_or_related,group_shuffle_split,80000,20000,60000.0,20000,target,-21.260708574707724,7.013775410453533,6.9094926849576295,-21.725497334651195,-20.79672559727234,300
PHASE5G_ATLAS_MLP_ALL_METRICS,Random_Promoter_DREAM_base_track_2,Random Promoter DREAM / MAUDE-derived,B08_MLPRegressor_reproducer,External MLP baseline on ATLAS feature matrix,external MLP control,secondary/capacity audit,no,related or capacity-focused MLP audit,random_split,71103,39069,56882.0,14221,target,0.7099476720196034,0.4045063757911675,0.2779333120902858,0.6986460020016428,0.7199745511487876,500
PHASE5G_ATLAS_MLP_ALL_METRICS,Random_Promoter_DREAM_base_track_2,Random Promoter DREAM / MAUDE-derived,N06_ATLAS_T04_ObservableAlignment_MLP,ATLAS T04 observable-alignment proxy + MLP head,ATLAS-Evo nonlinear head,secondary/capacity audit,no,related or capacity-focused MLP audit,random_split,71103,39069,56882.0,14221,target,0.7086167995309861,0.40543332971007606,0.2816425622279637,0.6974050912976604,0.7196108493366359,500
PHASE5G_ATLAS_MLP_ALL_METRICS,Random_Promoter_DREAM_base_track_2,Random Promoter DREAM / MAUDE-derived,N07_ATLAS_T05_UncertaintyEnsemble_MLP,ATLAS T05 uncertainty ensemble proxy + MLP heads,ATLAS-Evo nonlinear head,secondary/capacity audit,no,related or capacity-focused MLP audit,random_split,71103,39069,56882.0,14221,target,0.7309724945680025,0.3895700273852477,0.26580796051686956,0.7210182396648603,0.7404648341843211,500
PHASE5G_ATLAS_MLP_ALL_METRICS,Random_Promoter_DREAM_base_track_2,Random Promoter DREAM / MAUDE-derived,N08_ATLAS_T02_SelectionPotential_MLP,ATLAS T02 selection-potential proxy + MLP residual head,ATLAS-Evo nonlinear head,secondary/capacity audit,no,related or capacity-focused MLP audit,random_split,71103,39069,56882.0,14221,target,0.7168657441858133,0.39965329876821454,0.2816073965113488,0.7051383142945558,0.7280544375974527,500
PHASE5G_ATLAS_MLP_ALL_METRICS,Random_Promoter_DREAM_base_track_2,Random Promoter DREAM / MAUDE-derived,N09_ATLAS_FullTheory_MLP,ATLAS full-theory feature/proxy matrix + MLP head,ATLAS-Evo nonlinear head,secondary/capacity audit,no,related or capacity-focused MLP audit,random_split,71103,39069,56882.0,14221,target,0.7503531003032482,0.37527556032715503,0.2568289719612765,0.7393900091050138,0.7600110584706097,500
PHASE5G_ATLAS_MLP_ALL_METRICS,Random_Promoter_DREAM_base_track_5,Random Promoter DREAM / MAUDE-derived,B08_MLPRegressor_reproducer,External MLP baseline on ATLAS feature matrix,external MLP control,secondary/capacity audit,no,related or capacity-focused MLP audit,random_split,71103,39069,56882.0,14221,target,0.7099476720196034,0.4045063757911675,0.2779333120902858,0.6986460020016428,0.7199745511487876,500
PHASE5G_ATLAS_MLP_ALL_METRICS,Random_Promoter_DREAM_base_track_5,Random Promoter DREAM / MAUDE-derived,N06_ATLAS_T04_ObservableAlignment_MLP,ATLAS T04 observable-alignment proxy + MLP head,ATLAS-Evo nonlinear head,secondary/capacity audit,no,related or capacity-focused MLP audit,random_split,71103,39069,56882.0,14221,target,0.7086167995309861,0.40543332971007606,0.2816425622279637,0.6974050912976604,0.7196108493366359,500
PHASE5G_ATLAS_MLP_ALL_METRICS,Random_Promoter_DREAM_base_track_5,Random Promoter DREAM / MAUDE-derived,N07_ATLAS_T05_UncertaintyEnsemble_MLP,ATLAS T05 uncertainty ensemble proxy + MLP heads,ATLAS-Evo nonlinear head,secondary/capacity audit,no,related or capacity-focused MLP audit,random_split,71103,39069,56882.0,14221,target,0.7309724945680025,0.3895700273852477,0.26580796051686956,0.7210182396648603,0.7404648341843211,500
PHASE5G_ATLAS_MLP_ALL_METRICS,Random_Promoter_DREAM_base_track_5,Random Promoter DREAM / MAUDE-derived,N08_ATLAS_T02_SelectionPotential_MLP,ATLAS T02 selection-potential proxy + MLP residual head,ATLAS-Evo nonlinear head,secondary/capacity audit,no,related or capacity-focused MLP audit,random_split,71103,39069,56882.0,14221,target,0.7168657441858133,0.39965329876821454,0.2816073965113488,0.7051383142945558,0.7280544375974527,500
PHASE5G_ATLAS_MLP_ALL_METRICS,Random_Promoter_DREAM_base_track_5,Random Promoter DREAM / MAUDE-derived,N09_ATLAS_FullTheory_MLP,ATLAS full-theory feature/proxy matrix + MLP head,ATLAS-Evo nonlinear head,secondary/capacity audit,no,related or capacity-focused MLP audit,random_split,71103,39069,56882.0,14221,target,0.7503531003032482,0.37527556032715503,0.2568289719612765,0.7393900091050138,0.7600110584706097,500
PHASE5H_STRICT_MLP_CONFIRMATION_ALL_METRICS,Random_Promoter_DREAM_base_track,Random Promoter DREAM / MAUDE-derived,B08_MLPRegressor_reproducer,external MLP reproducer on char6/multi-char6 features,external MLP control,unknown,no,True,provided_split,150000,139904,,89562,target,-0.42411980476572975,6.577926603239445,4.666673607680094,-0.43355495033082964,-0.4158349044428991,500
PHASE5H_STRICT_MLP_CONFIRMATION_ALL_METRICS,Random_Promoter_DREAM_base_track,Random Promoter DREAM / MAUDE-derived,N06_ATLAS_T04_ObservableAlignment_MLP,ATLAS observable-alignment MLP head,ATLAS-Evo nonlinear head,unknown,no,True,provided_split,150000,139904,,89562,target,-0.42411980476572975,6.577926603239445,4.666673607680094,-0.43355495033082964,-0.4158349044428991,500
PHASE5H_STRICT_MLP_CONFIRMATION_ALL_METRICS,Random_Promoter_DREAM_base_track,Random Promoter DREAM / MAUDE-derived,N08_ATLAS_T02_SelectionPotential_MLP,ATLAS selection-potential MLP head,ATLAS-Evo nonlinear head,unknown,no,True,provided_split,150000,139904,,89562,target,-0.4196386047729219,6.567569247937158,4.615644309485083,-0.429060449738863,-0.410470029205718,500
PHASE5H_STRICT_MLP_CONFIRMATION_ALL_METRICS,Random_Promoter_DREAM_base_track,Random Promoter DREAM / MAUDE-derived,N07_ATLAS_T05_UncertaintyEnsemble_MLP,ATLAS uncertainty-ensemble MLP head,ATLAS-Evo nonlinear head,unknown,no,True,provided_split,150000,139904,,89562,target,-0.3978951530652328,6.517080114171344,4.576587434012932,-0.4068321005146272,-0.38901337236157113,500
PHASE5H_STRICT_MLP_CONFIRMATION_ALL_METRICS,Random_Promoter_DREAM_base_track,Random Promoter DREAM / MAUDE-derived,N09_ATLAS_FullTheory_MLP,ATLAS full-theory proxy MLP head,ATLAS-Evo nonlinear head,unknown,no,True,provided_split,150000,139904,,89562,target,-0.3964052378033214,6.513606146272982,4.579948684773507,-0.40537420892957327,-0.38757468830596165,500
PHASE5H_STRICT_MLP_CONFIRMATION_ALL_METRICS,PARM_GSE301246_held_out_context_track_TaskB,PARM/GSE301246,B08_MLPRegressor_reproducer,external MLP reproducer on char6/multi-char6 features,external MLP control,unknown,no,False,random_split,662,331,,133,target,-0.24554246526351053,0.7334296549594291,0.5517427738176217,-0.6691648565638361,0.01862430423615721,500
PHASE5H_STRICT_MLP_CONFIRMATION_ALL_METRICS,PARM_GSE301246_held_out_context_track_TaskB,PARM/GSE301246,N06_ATLAS_T04_ObservableAlignment_MLP,ATLAS observable-alignment MLP head,ATLAS-Evo nonlinear head,unknown,no,False,random_split,662,331,,133,target,0.12187314677489314,0.6158257232266545,0.4462644414743901,-0.13232091231823617,0.318785539264031,500
PHASE5H_STRICT_MLP_CONFIRMATION_ALL_METRICS,PARM_GSE301246_held_out_context_track_TaskB,PARM/GSE301246,N08_ATLAS_T02_SelectionPotential_MLP,ATLAS selection-potential MLP head,ATLAS-Evo nonlinear head,unknown,no,False,random_split,662,331,,133,target,-0.005667252845385384,0.6590317694218136,0.46967516016742267,-0.29632003230691634,0.24783845294491705,500
PHASE5H_STRICT_MLP_CONFIRMATION_ALL_METRICS,PARM_GSE301246_held_out_context_track_TaskB,PARM/GSE301246,N07_ATLAS_T05_UncertaintyEnsemble_MLP,ATLAS uncertainty-ensemble MLP head,ATLAS-Evo nonlinear head,unknown,no,False,random_split,662,331,,133,target,-0.13090885796709295,0.6988645306512447,0.49680945677209715,-0.32699432607845674,0.0327707838592065,500
PHASE5H_STRICT_MLP_CONFIRMATION_ALL_METRICS,PARM_GSE301246_held_out_context_track_TaskB,PARM/GSE301246,N09_ATLAS_FullTheory_MLP,ATLAS full-theory proxy MLP head,ATLAS-Evo nonlinear head,unknown,no,False,random_split,662,331,,133,target,-0.3260108735462759,0.7567505393910888,0.5246048678612644,-0.5417096858620867,-0.1316427905739102,500
PHASE5H_STRICT_MLP_CONFIRMATION_ALL_METRICS,PARM_GSE301246_Task_C_stress_test,PARM/GSE301246,B08_MLPRegressor_reproducer,external MLP reproducer on char6/multi-char6 features,external MLP control,unknown,no,False,random_split,148392,16486,,29679,target,0.1986440474937391,0.18245349062070215,0.0825289106167664,0.14455865046875263,0.24615881298067108,500
PHASE5H_STRICT_MLP_CONFIRMATION_ALL_METRICS,PARM_GSE301246_Task_C_stress_test,PARM/GSE301246,N06_ATLAS_T04_ObservableAlignment_MLP,ATLAS observable-alignment MLP head,ATLAS-Evo nonlinear head,unknown,no,False,random_split,148392,16486,,29679,target,0.6618510000736022,0.11852050589602481,0.061584277609754,0.6318148184247998,0.6912720556879326,500
PHASE5H_STRICT_MLP_CONFIRMATION_ALL_METRICS,PARM_GSE301246_Task_C_stress_test,PARM/GSE301246,N08_ATLAS_T02_SelectionPotential_MLP,ATLAS selection-potential MLP head,ATLAS-Evo nonlinear head,unknown,no,False,random_split,148392,16486,,29679,target,0.6729410819524706,0.11656077886575981,0.05827094714230192,0.6443512108894299,0.6988227483522237,500
PHASE5H_STRICT_MLP_CONFIRMATION_ALL_METRICS,PARM_GSE301246_Task_C_stress_test,PARM/GSE301246,N07_ATLAS_T05_UncertaintyEnsemble_MLP,ATLAS uncertainty-ensemble MLP head,ATLAS-Evo nonlinear head,unknown,no,False,random_split,148392,16486,,29679,target,0.7297058295126515,0.10596386301002578,0.052872846919196394,0.7068324325526649,0.751850818635848,500
PHASE5H_STRICT_MLP_CONFIRMATION_ALL_METRICS,PARM_GSE301246_Task_C_stress_test,PARM/GSE301246,N09_ATLAS_FullTheory_MLP,ATLAS full-theory proxy MLP head,ATLAS-Evo nonlinear head,unknown,no,False,random_split,148392,16486,,29679,target,0.6711845953872496,0.11687335754546514,0.05910144555251131,0.6438950806957114,0.6970801979153103,500
PHASE5H_STRICT_MLP_CONFIRMATION_ALL_METRICS,GSE221384_context_track,GSE221384-derived context,B08_MLPRegressor_reproducer,external MLP reproducer on char6/multi-char6 features,external MLP control,unknown,no,True,random_split,150000,12499,,30000,target,0.6728289570324019,1.0583893453869715,0.841359345485027,0.6663167714728125,0.6789774346651809,500
PHASE5H_STRICT_MLP_CONFIRMATION_ALL_METRICS,GSE221384_context_track,GSE221384-derived context,N06_ATLAS_T04_ObservableAlignment_MLP,ATLAS observable-alignment MLP head,ATLAS-Evo nonlinear head,unknown,no,True,random_split,150000,12499,,30000,target,0.7523193706254652,0.9208821424325703,0.6978146139669427,0.7467888529983785,0.7576557157809537,500
PHASE5H_STRICT_MLP_CONFIRMATION_ALL_METRICS,GSE221384_context_track,GSE221384-derived context,N08_ATLAS_T02_SelectionPotential_MLP,ATLAS selection-potential MLP head,ATLAS-Evo nonlinear head,unknown,no,True,random_split,150000,12499,,30000,target,0.7510871023674223,0.9231701007122152,0.699094847672094,0.7457438164734489,0.7563985878098751,500
PHASE5H_STRICT_MLP_CONFIRMATION_ALL_METRICS,GSE221384_context_track,GSE221384-derived context,N07_ATLAS_T05_UncertaintyEnsemble_MLP,ATLAS uncertainty-ensemble MLP head,ATLAS-Evo nonlinear head,unknown,no,True,random_split,150000,12499,,30000,target,0.7769827226219332,0.8738306723155533,0.6624430293548516,0.7725515185403157,0.781723575787015,500
PHASE5H_STRICT_MLP_CONFIRMATION_ALL_METRICS,GSE221384_context_track,GSE221384-derived context,N09_ATLAS_FullTheory_MLP,ATLAS full-theory proxy MLP head,ATLAS-Evo nonlinear head,unknown,no,True,random_split,150000,12499,,30000,target,0.7439710784066178,0.9362730948346396,0.7138809068257976,0.7388127500496856,0.7491428435565107,500
PHASE5H_STRICT_MLP_CONFIRMATION_ALL_METRICS,Random_Promoter_DREAM_base_track_2,Random Promoter DREAM / MAUDE-derived,B08_MLPRegressor_reproducer,external MLP reproducer on char6/multi-char6 features,external MLP control,unknown,no,True,random_split,71103,39069,,14221,target,0.7082931000135217,0.40565846647973597,0.27686603747633715,0.6968919140425028,0.7193154349582237,500
PHASE5H_STRICT_MLP_CONFIRMATION_ALL_METRICS,Random_Promoter_DREAM_base_track_2,Random Promoter DREAM / MAUDE-derived,N06_ATLAS_T04_ObservableAlignment_MLP,ATLAS observable-alignment MLP head,ATLAS-Evo nonlinear head,unknown,no,True,random_split,71103,39069,,14221,target,0.7082931000135217,0.40565846647973597,0.27686603747633715,0.6968919140425028,0.7193154349582237,500
PHASE5H_STRICT_MLP_CONFIRMATION_ALL_METRICS,Random_Promoter_DREAM_base_track_2,Random Promoter DREAM / MAUDE-derived,N08_ATLAS_T02_SelectionPotential_MLP,ATLAS selection-potential MLP head,ATLAS-Evo nonlinear head,unknown,no,True,random_split,71103,39069,,14221,target,0.7367441251790261,0.3853685149453251,0.2665889546568702,0.7264418862195045,0.7464291906240897,500
PHASE5H_STRICT_MLP_CONFIRMATION_ALL_METRICS,Random_Promoter_DREAM_base_track_2,Random Promoter DREAM / MAUDE-derived,N07_ATLAS_T05_UncertaintyEnsemble_MLP,ATLAS uncertainty-ensemble MLP head,ATLAS-Evo nonlinear head,unknown,no,True,random_split,71103,39069,,14221,target,0.7471380853200451,0.37768427621450484,0.2645808139587263,0.7370015237214106,0.7563001104538295,500
PHASE5H_STRICT_MLP_CONFIRMATION_ALL_METRICS,Random_Promoter_DREAM_base_track_2,Random Promoter DREAM / MAUDE-derived,N09_ATLAS_FullTheory_MLP,ATLAS full-theory proxy MLP head,ATLAS-Evo nonlinear head,unknown,no,True,random_split,71103,39069,,14221,target,0.7124313570590657,0.402770781373243,0.2867487660467626,0.700579112646266,0.7227962382688302,500
PHASE5H_STRICT_MLP_CONFIRMATION_ALL_METRICS,Random_Promoter_DREAM_base_track_3,Random Promoter DREAM / MAUDE-derived,B08_MLPRegressor_reproducer,external MLP reproducer on char6/multi-char6 features,external MLP control,unknown,no,True,random_split,150000,150000,,30000,target,0.243126553690873,2.0593509302750057,1.6000659298382098,0.23430878627932492,0.25132671397770995,500
PHASE5H_STRICT_MLP_CONFIRMATION_ALL_METRICS,Random_Promoter_DREAM_base_track_3,Random Promoter DREAM / MAUDE-derived,N06_ATLAS_T04_ObservableAlignment_MLP,ATLAS observable-alignment MLP head,ATLAS-Evo nonlinear head,unknown,no,True,random_split,150000,150000,,30000,target,0.243126553690873,2.0593509302750057,1.6000659298382098,0.23430878627932492,0.25132671397770995,500
PHASE5H_STRICT_MLP_CONFIRMATION_ALL_METRICS,Random_Promoter_DREAM_base_track_3,Random Promoter DREAM / MAUDE-derived,N08_ATLAS_T02_SelectionPotential_MLP,ATLAS selection-potential MLP head,ATLAS-Evo nonlinear head,unknown,no,True,random_split,150000,150000,,30000,target,0.3061055039539571,1.9718117358269909,1.5263565006141262,0.2981578279366332,0.31414284299809025,500
PHASE5H_STRICT_MLP_CONFIRMATION_ALL_METRICS,Random_Promoter_DREAM_base_track_3,Random Promoter DREAM / MAUDE-derived,N07_ATLAS_T05_UncertaintyEnsemble_MLP,ATLAS uncertainty-ensemble MLP head,ATLAS-Evo nonlinear head,unknown,no,True,random_split,150000,150000,,30000,target,0.3203563730031269,1.951458636014702,1.505858905241582,0.3116446496126345,0.32856744584603015,500
PHASE5H_STRICT_MLP_CONFIRMATION_ALL_METRICS,Random_Promoter_DREAM_base_track_3,Random Promoter DREAM / MAUDE-derived,N09_ATLAS_FullTheory_MLP,ATLAS full-theory proxy MLP head,ATLAS-Evo nonlinear head,unknown,no,True,random_split,150000,150000,,30000,target,0.3089758255723236,1.967729271598499,1.5183799003273786,0.3006325692195462,0.31771130506158013,500
PHASE5H_STRICT_MLP_CONFIRMATION_ALL_METRICS,Random_Promoter_DREAM_base_track_4,Random Promoter DREAM / MAUDE-derived,B08_MLPRegressor_reproducer,external MLP reproducer on char6/multi-char6 features,external MLP control,unknown,no,True,random_split,149999,149999,,30000,target,0.24871419081885793,2.0652138229129533,1.601623819571207,0.23921738165920964,0.2578996777388566,500
PHASE5H_STRICT_MLP_CONFIRMATION_ALL_METRICS,Random_Promoter_DREAM_base_track_4,Random Promoter DREAM / MAUDE-derived,N06_ATLAS_T04_ObservableAlignment_MLP,ATLAS observable-alignment MLP head,ATLAS-Evo nonlinear head,unknown,no,True,random_split,149999,149999,,30000,target,0.24871419081885793,2.0652138229129533,1.601623819571207,0.23921738165920964,0.2578996777388566,500
PHASE5H_STRICT_MLP_CONFIRMATION_ALL_METRICS,Random_Promoter_DREAM_base_track_4,Random Promoter DREAM / MAUDE-derived,N08_ATLAS_T02_SelectionPotential_MLP,ATLAS selection-potential MLP head,ATLAS-Evo nonlinear head,unknown,no,True,random_split,149999,149999,,30000,target,0.3140006279960724,1.973441648126152,1.522065804292184,0.3038224034609745,0.32352631181785374,500
PHASE5H_STRICT_MLP_CONFIRMATION_ALL_METRICS,Random_Promoter_DREAM_base_track_4,Random Promoter DREAM / MAUDE-derived,N07_ATLAS_T05_UncertaintyEnsemble_MLP,ATLAS uncertainty-ensemble MLP head,ATLAS-Evo nonlinear head,unknown,no,True,random_split,149999,149999,,30000,target,0.32913674938099213,1.951548871264352,1.5025486719194745,0.31950714507921646,0.3378122834415776,500
PHASE5H_STRICT_MLP_CONFIRMATION_ALL_METRICS,Random_Promoter_DREAM_base_track_4,Random Promoter DREAM / MAUDE-derived,N09_ATLAS_FullTheory_MLP,ATLAS full-theory proxy MLP head,ATLAS-Evo nonlinear head,unknown,no,True,random_split,149999,149999,,30000,target,0.3172295496075558,1.968791786536766,1.5175444172000987,0.3074705355972941,0.32634494659009017,500
PHASE5H_STRICT_MLP_CONFIRMATION_ALL_METRICS,PARM_GSE301246_held_out_context_track,PARM/GSE301246,B08_MLPRegressor_reproducer,external MLP reproducer on char6/multi-char6 features,external MLP control,unknown,no,True,random_split,6000,500,,1200,target,0.39816086758671987,65.54873828784632,29.19337632069985,0.29640355294566856,0.48268891296388,500
PHASE5H_STRICT_MLP_CONFIRMATION_ALL_METRICS,PARM_GSE301246_held_out_context_track,PARM/GSE301246,N06_ATLAS_T04_ObservableAlignment_MLP,ATLAS observable-alignment MLP head,ATLAS-Evo nonlinear head,unknown,no,True,random_split,6000,500,,1200,target,0.5677203864863312,55.55287024204914,24.894742376644082,0.4147788297314957,0.6735183420188047,500
PHASE5H_STRICT_MLP_CONFIRMATION_ALL_METRICS,PARM_GSE301246_held_out_context_track,PARM/GSE301246,N08_ATLAS_T02_SelectionPotential_MLP,ATLAS selection-potential MLP head,ATLAS-Evo nonlinear head,unknown,no,True,random_split,6000,500,,1200,target,0.5569912520595162,56.23805295060105,27.942572411363713,0.4379345530419186,0.6470423203758767,500
PHASE5H_STRICT_MLP_CONFIRMATION_ALL_METRICS,PARM_GSE301246_held_out_context_track,PARM/GSE301246,N07_ATLAS_T05_UncertaintyEnsemble_MLP,ATLAS uncertainty-ensemble MLP head,ATLAS-Evo nonlinear head,unknown,no,True,random_split,6000,500,,1200,target,0.5754380841813729,55.05473067264938,26.92311886488228,0.47634479995916085,0.6582822479410527,500
PHASE5H_STRICT_MLP_CONFIRMATION_ALL_METRICS,PARM_GSE301246_held_out_context_track,PARM/GSE301246,N09_ATLAS_FullTheory_MLP,ATLAS full-theory proxy MLP head,ATLAS-Evo nonlinear head,unknown,no,True,random_split,6000,500,,1200,target,0.5540913481408789,56.421817870818394,29.072105164947782,0.4560593347595015,0.6355996063436911,500
PHASE5H_STRICT_MLP_CONFIRMATION_ALL_METRICS,PARM_GSE301246_held_out_context_track_2,PARM/GSE301246,B08_MLPRegressor_reproducer,external MLP reproducer on char6/multi-char6 features,external MLP control,unknown,no,True,random_split,150000,12499,,30000,target,0.4343670522654046,112.84327353745587,46.85403600531022,0.3952711273989311,0.4700327996329572,500
PHASE5H_STRICT_MLP_CONFIRMATION_ALL_METRICS,PARM_GSE301246_held_out_context_track_2,PARM/GSE301246,N06_ATLAS_T04_ObservableAlignment_MLP,ATLAS observable-alignment MLP head,ATLAS-Evo nonlinear head,unknown,no,True,random_split,150000,12499,,30000,target,0.7824265136338989,69.98602255009155,33.24347367005442,0.7493216074641122,0.811290879263858,500
PHASE5H_STRICT_MLP_CONFIRMATION_ALL_METRICS,PARM_GSE301246_held_out_context_track_2,PARM/GSE301246,N08_ATLAS_T02_SelectionPotential_MLP,ATLAS selection-potential MLP head,ATLAS-Evo nonlinear head,unknown,no,True,random_split,150000,12499,,30000,target,0.80610410856427,66.06822365094438,30.833097282176215,0.7779901941970796,0.8337788156274343,500
PHASE5H_STRICT_MLP_CONFIRMATION_ALL_METRICS,PARM_GSE301246_held_out_context_track_2,PARM/GSE301246,N07_ATLAS_T05_UncertaintyEnsemble_MLP,ATLAS uncertainty-ensemble MLP head,ATLAS-Evo nonlinear head,unknown,no,True,random_split,150000,12499,,30000,target,0.7888966947916791,68.93754978925811,33.364745297215705,0.7576462484517807,0.8168607417565442,500
PHASE5H_STRICT_MLP_CONFIRMATION_ALL_METRICS,PARM_GSE301246_held_out_context_track_2,PARM/GSE301246,N09_ATLAS_FullTheory_MLP,ATLAS full-theory proxy MLP head,ATLAS-Evo nonlinear head,unknown,no,True,random_split,150000,12499,,30000,target,0.7510862364005698,74.857062824322,36.15598716725431,0.7197850404625774,0.7799893604681957,500
PHASE5H_STRICT_MLP_CONFIRMATION_ALL_METRICS,PARM_GSE301246_held_out_context_track_3,PARM/GSE301246,B08_MLPRegressor_reproducer,external MLP reproducer on char6/multi-char6 features,external MLP control,unknown,no,True,random_split,50,50,,10,target,-0.014818031366271134,238.49535236746962,172.35391082763672,-2.1361674512784945,0.08014020509583306,500
PHASE5H_STRICT_MLP_CONFIRMATION_ALL_METRICS,PARM_GSE301246_held_out_context_track_3,PARM/GSE301246,N06_ATLAS_T04_ObservableAlignment_MLP,ATLAS observable-alignment MLP head,ATLAS-Evo nonlinear head,unknown,no,True,random_split,50,50,,10,target,-0.014818031366271134,238.49535236746962,172.35391082763672,-2.1361674512784945,0.08014020509583306,500
PHASE5H_STRICT_MLP_CONFIRMATION_ALL_METRICS,PARM_GSE301246_held_out_context_track_3,PARM/GSE301246,N08_ATLAS_T02_SelectionPotential_MLP,ATLAS selection-potential MLP head,ATLAS-Evo nonlinear head,unknown,no,True,random_split,50,50,,10,target,-0.10542035001527661,248.91413550455053,154.104337310791,-0.7659283445001056,0.045866753609174735,500
PHASE5H_STRICT_MLP_CONFIRMATION_ALL_METRICS,PARM_GSE301246_held_out_context_track_3,PARM/GSE301246,N07_ATLAS_T05_UncertaintyEnsemble_MLP,ATLAS uncertainty-ensemble MLP head,ATLAS-Evo nonlinear head,unknown,no,True,random_split,50,50,,10,target,-0.07100301648019136,245.00851589725679,155.1999084472656,-0.9208656855390113,-0.002710331873848982,500
PHASE5H_STRICT_MLP_CONFIRMATION_ALL_METRICS,PARM_GSE301246_held_out_context_track_3,PARM/GSE301246,N09_ATLAS_FullTheory_MLP,ATLAS full-theory proxy MLP head,ATLAS-Evo nonlinear head,unknown,no,True,random_split,50,50,,10,target,-0.14195229597570092,252.99376236138133,155.1748809814453,-0.8166098848092245,-0.009066566495391585,500
PHASE5H_STRICT_MLP_CONFIRMATION_ALL_METRICS,PARM_GSE301246_held_out_context_track_4,PARM/GSE301246,B08_MLPRegressor_reproducer,external MLP reproducer on char6/multi-char6 features,external MLP control,unknown,no,True,random_split,50,50,,10,target,0.08557831170796182,106.7705431308969,74.49306640625,-12.074055274536875,0.13794243253090901,500
PHASE5H_STRICT_MLP_CONFIRMATION_ALL_METRICS,PARM_GSE301246_held_out_context_track_4,PARM/GSE301246,N06_ATLAS_T04_ObservableAlignment_MLP,ATLAS observable-alignment MLP head,ATLAS-Evo nonlinear head,unknown,no,True,random_split,50,50,,10,target,0.08557831170796182,106.7705431308969,74.49306640625,-12.074055274536875,0.13794243253090901,500
PHASE5H_STRICT_MLP_CONFIRMATION_ALL_METRICS,PARM_GSE301246_held_out_context_track_4,PARM/GSE301246,N08_ATLAS_T02_SelectionPotential_MLP,ATLAS selection-potential MLP head,ATLAS-Evo nonlinear head,unknown,no,True,random_split,50,50,,10,target,0.02600129188320055,110.19385669944963,73.14735717773438,-10.89784170941451,0.041090264658966945,500
PHASE5H_STRICT_MLP_CONFIRMATION_ALL_METRICS,PARM_GSE301246_held_out_context_track_4,PARM/GSE301246,N07_ATLAS_T05_UncertaintyEnsemble_MLP,ATLAS uncertainty-ensemble MLP head,ATLAS-Evo nonlinear head,unknown,no,True,random_split,50,50,,10,target,-0.11621228829408747,117.96457097025471,57.79648265838623,-0.8269324771786761,-0.00906867329701347,500
PHASE5H_STRICT_MLP_CONFIRMATION_ALL_METRICS,PARM_GSE301246_held_out_context_track_4,PARM/GSE301246,N09_ATLAS_FullTheory_MLP,ATLAS full-theory proxy MLP head,ATLAS-Evo nonlinear head,unknown,no,True,random_split,50,50,,10,target,-0.049543253468137705,114.38744605098375,60.60812683105469,-2.061448041956736,0.0009573302347169352,500
PHASE5H_STRICT_MLP_CONFIRMATION_ALL_METRICS,PARM_GSE301246_held_out_context_track_5,PARM/GSE301246,B08_MLPRegressor_reproducer,external MLP reproducer on char6/multi-char6 features,external MLP control,unknown,no,True,random_split,50,50,,10,target,-0.16421250159644485,31.062079016432072,26.559013748168944,-1.4593110174067703,0.012773897414814099,500
PHASE5H_STRICT_MLP_CONFIRMATION_ALL_METRICS,PARM_GSE301246_held_out_context_track_5,PARM/GSE301246,N06_ATLAS_T04_ObservableAlignment_MLP,ATLAS observable-alignment MLP head,ATLAS-Evo nonlinear head,unknown,no,True,random_split,50,50,,10,target,-0.16421250159644485,31.062079016432072,26.559013748168944,-1.4593110174067703,0.012773897414814099,500
PHASE5H_STRICT_MLP_CONFIRMATION_ALL_METRICS,PARM_GSE301246_held_out_context_track_5,PARM/GSE301246,N08_ATLAS_T02_SelectionPotential_MLP,ATLAS selection-potential MLP head,ATLAS-Evo nonlinear head,unknown,no,True,random_split,50,50,,10,target,-0.04643909835798232,29.449055454380222,25.58395462036133,-1.0416689679131224,-0.013533912942305543,500
PHASE5H_STRICT_MLP_CONFIRMATION_ALL_METRICS,PARM_GSE301246_held_out_context_track_5,PARM/GSE301246,N07_ATLAS_T05_UncertaintyEnsemble_MLP,ATLAS uncertainty-ensemble MLP head,ATLAS-Evo nonlinear head,unknown,no,True,random_split,50,50,,10,target,-0.1924068841161115,31.435952813300705,26.840833791097005,-1.8056309279719511,-0.04733190148012264,500
PHASE5H_STRICT_MLP_CONFIRMATION_ALL_METRICS,PARM_GSE301246_held_out_context_track_5,PARM/GSE301246,N09_ATLAS_FullTheory_MLP,ATLAS full-theory proxy MLP head,ATLAS-Evo nonlinear head,unknown,no,True,random_split,50,50,,10,target,-0.11119158100190529,30.346517669596608,26.00090217590332,-1.2708161449471274,-0.054172571393162054,500
PHASE5H_STRICT_MLP_CONFIRMATION_ALL_METRICS,PARM_GSE301246_held_out_context_track_6,PARM/GSE301246,B08_MLPRegressor_reproducer,external MLP reproducer on char6/multi-char6 features,external MLP control,unknown,no,True,random_split,50,50,,10,target,0.16370752774245945,27.670849930931176,22.59127311706543,-6.299343904241208,0.5739861119711742,500
PHASE5H_STRICT_MLP_CONFIRMATION_ALL_METRICS,PARM_GSE301246_held_out_context_track_6,PARM/GSE301246,N06_ATLAS_T04_ObservableAlignment_MLP,ATLAS observable-alignment MLP head,ATLAS-Evo nonlinear head,unknown,no,True,random_split,50,50,,10,target,0.16370752774245945,27.670849930931176,22.59127311706543,-6.299343904241208,0.5739861119711742,500
PHASE5H_STRICT_MLP_CONFIRMATION_ALL_METRICS,PARM_GSE301246_held_out_context_track_6,PARM/GSE301246,N08_ATLAS_T02_SelectionPotential_MLP,ATLAS selection-potential MLP head,ATLAS-Evo nonlinear head,unknown,no,True,random_split,50,50,,10,target,-0.10087563717369497,31.74771957748695,28.860903549194337,-11.144916717162053,0.06680378794229697,500
PHASE5H_STRICT_MLP_CONFIRMATION_ALL_METRICS,PARM_GSE301246_held_out_context_track_6,PARM/GSE301246,N07_ATLAS_T05_UncertaintyEnsemble_MLP,ATLAS uncertainty-ensemble MLP head,ATLAS-Evo nonlinear head,unknown,no,True,random_split,50,50,,10,target,-1.78802791950269,50.52332968025646,46.76709938049317,-46.76332096458963,-0.19805157250294067,500
PHASE5H_STRICT_MLP_CONFIRMATION_ALL_METRICS,PARM_GSE301246_held_out_context_track_6,PARM/GSE301246,N09_ATLAS_FullTheory_MLP,ATLAS full-theory proxy MLP head,ATLAS-Evo nonlinear head,unknown,no,True,random_split,50,50,,10,target,-0.18952160461342626,33.00118786225533,30.747700881958007,-12.994358919299671,0.021324772095114235,500
PHASE5H_STRICT_MLP_CONFIRMATION_ALL_METRICS,PARM_GSE301246_held_out_context_track_7,PARM/GSE301246,B08_MLPRegressor_reproducer,external MLP reproducer on char6/multi-char6 features,external MLP control,unknown,no,True,random_split,50,50,,10,target,-0.2657646569704175,15481.116474904704,11956.08251953125,-1.9791183374468941,0.20349408760744458,500
PHASE5H_STRICT_MLP_CONFIRMATION_ALL_METRICS,PARM_GSE301246_held_out_context_track_7,PARM/GSE301246,N06_ATLAS_T04_ObservableAlignment_MLP,ATLAS observable-alignment MLP head,ATLAS-Evo nonlinear head,unknown,no,True,random_split,50,50,,10,target,-0.2657646569704175,15481.116474904704,11956.08251953125,-1.9791183374468941,0.20349408760744458,500
PHASE5H_STRICT_MLP_CONFIRMATION_ALL_METRICS,PARM_GSE301246_held_out_context_track_7,PARM/GSE301246,N08_ATLAS_T02_SelectionPotential_MLP,ATLAS selection-potential MLP head,ATLAS-Evo nonlinear head,unknown,no,True,random_split,50,50,,10,target,0.0003821606236596997,13757.603687110537,11618.567578125,-1.2619508461136466,0.03276077438637136,500
PHASE5H_STRICT_MLP_CONFIRMATION_ALL_METRICS,PARM_GSE301246_held_out_context_track_7,PARM/GSE301246,N07_ATLAS_T05_UncertaintyEnsemble_MLP,ATLAS uncertainty-ensemble MLP head,ATLAS-Evo nonlinear head,unknown,no,True,random_split,50,50,,10,target,0.002897425946262633,13740.284158868908,11325.228385416665,-1.208799887115332,0.007688544438793843,500
PHASE5H_STRICT_MLP_CONFIRMATION_ALL_METRICS,PARM_GSE301246_held_out_context_track_7,PARM/GSE301246,N09_ATLAS_FullTheory_MLP,ATLAS full-theory proxy MLP head,ATLAS-Evo nonlinear head,unknown,no,True,random_split,50,50,,10,target,0.003518616467402369,13736.003423725611,11303.648046875,-1.2016662791361297,0.008076748347129565,500
PHASE5H_STRICT_MLP_CONFIRMATION_ALL_METRICS,Random_Promoter_DREAM_base_track_5,Random Promoter DREAM / MAUDE-derived,B08_MLPRegressor_reproducer,external MLP reproducer on char6/multi-char6 features,external MLP control,unknown,no,True,random_split,71103,39069,,14221,target,0.7082931000135217,0.40565846647973597,0.27686603747633715,0.6968919140425028,0.7193154349582237,500
PHASE5H_STRICT_MLP_CONFIRMATION_ALL_METRICS,Random_Promoter_DREAM_base_track_5,Random Promoter DREAM / MAUDE-derived,N06_ATLAS_T04_ObservableAlignment_MLP,ATLAS observable-alignment MLP head,ATLAS-Evo nonlinear head,unknown,no,True,random_split,71103,39069,,14221,target,0.7082931000135217,0.40565846647973597,0.27686603747633715,0.6968919140425028,0.7193154349582237,500
PHASE5H_STRICT_MLP_CONFIRMATION_ALL_METRICS,Random_Promoter_DREAM_base_track_5,Random Promoter DREAM / MAUDE-derived,N08_ATLAS_T02_SelectionPotential_MLP,ATLAS selection-potential MLP head,ATLAS-Evo nonlinear head,unknown,no,True,random_split,71103,39069,,14221,target,0.7367441251790261,0.3853685149453251,0.2665889546568702,0.7264418862195045,0.7464291906240897,500
PHASE5H_STRICT_MLP_CONFIRMATION_ALL_METRICS,Random_Promoter_DREAM_base_track_5,Random Promoter DREAM / MAUDE-derived,N07_ATLAS_T05_UncertaintyEnsemble_MLP,ATLAS uncertainty-ensemble MLP head,ATLAS-Evo nonlinear head,unknown,no,True,random_split,71103,39069,,14221,target,0.7471380853200451,0.37768427621450484,0.2645808139587263,0.7370015237214106,0.7563001104538295,500
PHASE5H_STRICT_MLP_CONFIRMATION_ALL_METRICS,Random_Promoter_DREAM_base_track_5,Random Promoter DREAM / MAUDE-derived,N09_ATLAS_FullTheory_MLP,ATLAS full-theory proxy MLP head,ATLAS-Evo nonlinear head,unknown,no,True,random_split,71103,39069,,14221,target,0.7124313570590657,0.402770781373243,0.2867487660467626,0.700579112646266,0.7227962382688302,500
PHASE5H_STRICT_MLP_CONFIRMATION_ALL_METRICS,Random_Promoter_DREAM_base_track_6,Random Promoter DREAM / MAUDE-derived,B08_MLPRegressor_reproducer,external MLP reproducer on char6/multi-char6 features,external MLP control,unknown,no,True,random_split,149999,149999,,30000,target,0.24375343788302417,2.0573222640360296,1.5995101217545524,0.23480749504549292,0.2522279122696423,500
PHASE5H_STRICT_MLP_CONFIRMATION_ALL_METRICS,Random_Promoter_DREAM_base_track_6,Random Promoter DREAM / MAUDE-derived,N06_ATLAS_T04_ObservableAlignment_MLP,ATLAS observable-alignment MLP head,ATLAS-Evo nonlinear head,unknown,no,True,random_split,149999,149999,,30000,target,0.24375343788302417,2.0573222640360296,1.5995101217545524,0.23480749504549292,0.2522279122696423,500
PHASE5H_STRICT_MLP_CONFIRMATION_ALL_METRICS,Random_Promoter_DREAM_base_track_6,Random Promoter DREAM / MAUDE-derived,N08_ATLAS_T02_SelectionPotential_MLP,ATLAS selection-potential MLP head,ATLAS-Evo nonlinear head,unknown,no,True,random_split,149999,149999,,30000,target,0.30805108714764784,1.9679208857437436,1.519626565307021,0.2990019273695207,0.31722159873468775,500
PHASE5H_STRICT_MLP_CONFIRMATION_ALL_METRICS,Random_Promoter_DREAM_base_track_6,Random Promoter DREAM / MAUDE-derived,N07_ATLAS_T05_UncertaintyEnsemble_MLP,ATLAS uncertainty-ensemble MLP head,ATLAS-Evo nonlinear head,unknown,no,True,random_split,149999,149999,,30000,target,0.3226057758047669,1.9471139306540424,1.5023862607192073,0.3141778703460248,0.3313312851349319,500
PHASE5H_STRICT_MLP_CONFIRMATION_ALL_METRICS,Random_Promoter_DREAM_base_track_6,Random Promoter DREAM / MAUDE-derived,N09_ATLAS_FullTheory_MLP,ATLAS full-theory proxy MLP head,ATLAS-Evo nonlinear head,unknown,no,True,random_split,149999,149999,,30000,target,0.3127256762978925,1.961262293675023,1.513287907130018,0.3040221406838954,0.3216443197084019,500
PHASE5H_STRICT_MLP_CONFIRMATION_ALL_METRICS,Random_Promoter_DREAM_base_track_7,Random Promoter DREAM / MAUDE-derived,B08_MLPRegressor_reproducer,external MLP reproducer on char6/multi-char6 features,external MLP control,unknown,no,True,random_split,149999,149999,,30000,target,0.24405698958077016,2.0550280995291748,1.5951054187308817,0.23545188650870227,0.252428543457813,500
PHASE5H_STRICT_MLP_CONFIRMATION_ALL_METRICS,Random_Promoter_DREAM_base_track_7,Random Promoter DREAM / MAUDE-derived,N06_ATLAS_T04_ObservableAlignment_MLP,ATLAS observable-alignment MLP head,ATLAS-Evo nonlinear head,unknown,no,True,random_split,149999,149999,,30000,target,0.24405698958077016,2.0550280995291748,1.5951054187308817,0.23545188650870227,0.252428543457813,500
PHASE5H_STRICT_MLP_CONFIRMATION_ALL_METRICS,Random_Promoter_DREAM_base_track_7,Random Promoter DREAM / MAUDE-derived,N08_ATLAS_T02_SelectionPotential_MLP,ATLAS selection-potential MLP head,ATLAS-Evo nonlinear head,unknown,no,True,random_split,149999,149999,,30000,target,0.31064550303220884,1.962431666572498,1.513714894631871,0.30197745272163723,0.3197346441257773,500
PHASE5H_STRICT_MLP_CONFIRMATION_ALL_METRICS,Random_Promoter_DREAM_base_track_7,Random Promoter DREAM / MAUDE-derived,N07_ATLAS_T05_UncertaintyEnsemble_MLP,ATLAS uncertainty-ensemble MLP head,ATLAS-Evo nonlinear head,unknown,no,True,random_split,149999,149999,,30000,target,0.3266890983842733,1.9394610395530614,1.4932418666882297,0.3181072548488287,0.3352185906717113,500
PHASE5H_STRICT_MLP_CONFIRMATION_ALL_METRICS,Random_Promoter_DREAM_base_track_7,Random Promoter DREAM / MAUDE-derived,N09_ATLAS_FullTheory_MLP,ATLAS full-theory proxy MLP head,ATLAS-Evo nonlinear head,unknown,no,True,random_split,149999,149999,,30000,target,0.31397239298458124,1.957690498978472,1.5089514433995457,0.3053923454284308,0.32269235837004895,500
PHASE5H_STRICT_MLP_CONFIRMATION_ALL_METRICS,Random_Promoter_DREAM_base_track_8,Random Promoter DREAM / MAUDE-derived,B08_MLPRegressor_reproducer,external MLP reproducer on char6/multi-char6 features,external MLP control,unknown,no,True,random_split,20000,20000,,4000,target,0.2047196674863786,2.143311541509479,1.65689127584095,0.17857124374880326,0.2292416333988059,500
PHASE5H_STRICT_MLP_CONFIRMATION_ALL_METRICS,Random_Promoter_DREAM_base_track_8,Random Promoter DREAM / MAUDE-derived,N06_ATLAS_T04_ObservableAlignment_MLP,ATLAS observable-alignment MLP head,ATLAS-Evo nonlinear head,unknown,no,True,random_split,20000,20000,,4000,target,0.2047196674863786,2.143311541509479,1.65689127584095,0.17857124374880326,0.2292416333988059,500
PHASE5H_STRICT_MLP_CONFIRMATION_ALL_METRICS,Random_Promoter_DREAM_base_track_8,Random Promoter DREAM / MAUDE-derived,N08_ATLAS_T02_SelectionPotential_MLP,ATLAS selection-potential MLP head,ATLAS-Evo nonlinear head,unknown,no,True,random_split,20000,20000,,4000,target,0.26820070563988296,2.0559908360957735,1.577955095729849,0.24304834273130363,0.2936039814628109,500
PHASE5H_STRICT_MLP_CONFIRMATION_ALL_METRICS,Random_Promoter_DREAM_base_track_8,Random Promoter DREAM / MAUDE-derived,N07_ATLAS_T05_UncertaintyEnsemble_MLP,ATLAS uncertainty-ensemble MLP head,ATLAS-Evo nonlinear head,unknown,no,True,random_split,20000,20000,,4000,target,0.2842555974926897,2.033312645286018,1.558370697656797,0.2605940072632246,0.30802602709983706,500
PHASE5H_STRICT_MLP_CONFIRMATION_ALL_METRICS,Random_Promoter_DREAM_base_track_8,Random Promoter DREAM / MAUDE-derived,N09_ATLAS_FullTheory_MLP,ATLAS full-theory proxy MLP head,ATLAS-Evo nonlinear head,unknown,no,True,random_split,20000,20000,,4000,target,0.2647090128694328,2.0608899562922205,1.577646408918961,0.23927667151511633,0.29009813844621063,500
PHASE5H_STRICT_MLP_CONFIRMATION_ALL_METRICS,Random_Promoter_DREAM_base_track_9,Random Promoter DREAM / MAUDE-derived,B08_MLPRegressor_reproducer,external MLP reproducer on char6/multi-char6 features,external MLP control,unknown,no,True,random_split,20000,13871,,4000,target,0.6015815517898435,0.47878043863135367,0.35426356924808716,0.5793985105199586,0.6237820069629635,500
PHASE5H_STRICT_MLP_CONFIRMATION_ALL_METRICS,Random_Promoter_DREAM_base_track_9,Random Promoter DREAM / MAUDE-derived,N06_ATLAS_T04_ObservableAlignment_MLP,ATLAS observable-alignment MLP head,ATLAS-Evo nonlinear head,unknown,no,True,random_split,20000,13871,,4000,target,0.6015815517898435,0.47878043863135367,0.35426356924808716,0.5793985105199586,0.6237820069629635,500
PHASE5H_STRICT_MLP_CONFIRMATION_ALL_METRICS,Random_Promoter_DREAM_base_track_9,Random Promoter DREAM / MAUDE-derived,N08_ATLAS_T02_SelectionPotential_MLP,ATLAS selection-potential MLP head,ATLAS-Evo nonlinear head,unknown,no,True,random_split,20000,13871,,4000,target,0.6552004351962624,0.44539981567261683,0.32703952215808196,0.6343480573539119,0.6765000495434619,500
PHASE5H_STRICT_MLP_CONFIRMATION_ALL_METRICS,Random_Promoter_DREAM_base_track_9,Random Promoter DREAM / MAUDE-derived,N07_ATLAS_T05_UncertaintyEnsemble_MLP,ATLAS uncertainty-ensemble MLP head,ATLAS-Evo nonlinear head,unknown,no,True,random_split,20000,13871,,4000,target,0.4954576655538544,0.5387849855245707,0.41224944540341524,0.4553199472169551,0.5290773773075375,500
PHASE5H_STRICT_MLP_CONFIRMATION_ALL_METRICS,Random_Promoter_DREAM_base_track_9,Random Promoter DREAM / MAUDE-derived,N09_ATLAS_FullTheory_MLP,ATLAS full-theory proxy MLP head,ATLAS-Evo nonlinear head,unknown,no,True,random_split,20000,13871,,4000,target,0.24321546760527168,0.6598615183661036,0.4487049591928349,0.08851085780043869,0.3639653422247032,500
PHASE5H_STRICT_MLP_CONFIRMATION_ALL_METRICS,Random_Promoter_DREAM_base_track_10,Random Promoter DREAM / MAUDE-derived,B08_MLPRegressor_reproducer,external MLP reproducer on char6/multi-char6 features,external MLP control,unknown,no,True,random_split,100000,100000,,20000,target,0.2400040885339505,2.0590085780128415,1.5862280808761566,0.22852272065638699,0.2503097777049292,500
PHASE5H_STRICT_MLP_CONFIRMATION_ALL_METRICS,Random_Promoter_DREAM_base_track_10,Random Promoter DREAM / MAUDE-derived,N06_ATLAS_T04_ObservableAlignment_MLP,ATLAS observable-alignment MLP head,ATLAS-Evo nonlinear head,unknown,no,True,random_split,100000,100000,,20000,target,0.2400040885339505,2.0590085780128415,1.5862280808761566,0.22852272065638699,0.2503097777049292,500
PHASE5H_STRICT_MLP_CONFIRMATION_ALL_METRICS,Random_Promoter_DREAM_base_track_10,Random Promoter DREAM / MAUDE-derived,N08_ATLAS_T02_SelectionPotential_MLP,ATLAS selection-potential MLP head,ATLAS-Evo nonlinear head,unknown,no,True,random_split,100000,100000,,20000,target,0.30032123804497013,1.9756129930901443,1.5142472543538552,0.2896890193210351,0.3119415129661207,500
PHASE5H_STRICT_MLP_CONFIRMATION_ALL_METRICS,Random_Promoter_DREAM_base_track_10,Random Promoter DREAM / MAUDE-derived,N07_ATLAS_T05_UncertaintyEnsemble_MLP,ATLAS uncertainty-ensemble MLP head,ATLAS-Evo nonlinear head,unknown,no,True,random_split,100000,100000,,20000,target,0.3182272205852533,1.950169485605482,1.4962375026773482,0.3073688237345877,0.3295058242261528,500
PHASE5H_STRICT_MLP_CONFIRMATION_ALL_METRICS,Random_Promoter_DREAM_base_track_10,Random Promoter DREAM / MAUDE-derived,N09_ATLAS_FullTheory_MLP,ATLAS full-theory proxy MLP head,ATLAS-Evo nonlinear head,unknown,no,True,random_split,100000,100000,,20000,target,0.3098850966006892,1.962064278897313,1.504919346334498,0.2990738078000704,0.3202028350708826,500
PHASE5H_STRICT_MLP_CONFIRMATION_ALL_METRICS,Random_Promoter_DREAM_base_track_11,Random Promoter DREAM / MAUDE-derived,B08_MLPRegressor_reproducer,external MLP reproducer on char6/multi-char6 features,external MLP control,unknown,no,True,random_split,20000,20000,,4000,target,0.17104150219523606,2.1580395549659266,1.6668742841085422,0.14019592704233108,0.1987824260670696,500
PHASE5H_STRICT_MLP_CONFIRMATION_ALL_METRICS,Random_Promoter_DREAM_base_track_11,Random Promoter DREAM / MAUDE-derived,N06_ATLAS_T04_ObservableAlignment_MLP,ATLAS observable-alignment MLP head,ATLAS-Evo nonlinear head,unknown,no,True,random_split,20000,20000,,4000,target,0.17104150219523606,2.1580395549659266,1.6668742841085422,0.14019592704233108,0.1987824260670696,500
PHASE5H_STRICT_MLP_CONFIRMATION_ALL_METRICS,Random_Promoter_DREAM_base_track_11,Random Promoter DREAM / MAUDE-derived,N08_ATLAS_T02_SelectionPotential_MLP,ATLAS selection-potential MLP head,ATLAS-Evo nonlinear head,unknown,no,True,random_split,20000,20000,,4000,target,0.24202571216556523,2.0635749321120693,1.5874048371579645,0.2152955550267314,0.2679192162506764,500
PHASE5H_STRICT_MLP_CONFIRMATION_ALL_METRICS,Random_Promoter_DREAM_base_track_11,Random Promoter DREAM / MAUDE-derived,N07_ATLAS_T05_UncertaintyEnsemble_MLP,ATLAS uncertainty-ensemble MLP head,ATLAS-Evo nonlinear head,unknown,no,True,random_split,20000,20000,,4000,target,0.2619503220011705,2.0362720691555887,1.5629822415871386,0.23513165267739727,0.284922650526945,500
PHASE5H_STRICT_MLP_CONFIRMATION_ALL_METRICS,Random_Promoter_DREAM_base_track_11,Random Promoter DREAM / MAUDE-derived,N09_ATLAS_FullTheory_MLP,ATLAS full-theory proxy MLP head,ATLAS-Evo nonlinear head,unknown,no,True,random_split,20000,20000,,4000,target,0.24009282896702822,2.066204381282125,1.5856094961632383,0.21183681767456222,0.26561354306558627,500
PHASE5H_STRICT_MLP_CONFIRMATION_ALL_METRICS,Random_Promoter_DREAM_base_track_12,Random Promoter DREAM / MAUDE-derived,B08_MLPRegressor_reproducer,external MLP reproducer on char6/multi-char6 features,external MLP control,unknown,no,True,random_split,20000,20000,,4000,target,0.18242776216344048,2.1462297007190663,1.648402844260603,0.15218761233851372,0.2097165148548057,500
PHASE5H_STRICT_MLP_CONFIRMATION_ALL_METRICS,Random_Promoter_DREAM_base_track_12,Random Promoter DREAM / MAUDE-derived,N06_ATLAS_T04_ObservableAlignment_MLP,ATLAS observable-alignment MLP head,ATLAS-Evo nonlinear head,unknown,no,True,random_split,20000,20000,,4000,target,0.18242776216344048,2.1462297007190663,1.648402844260603,0.15218761233851372,0.2097165148548057,500
PHASE5H_STRICT_MLP_CONFIRMATION_ALL_METRICS,Random_Promoter_DREAM_base_track_12,Random Promoter DREAM / MAUDE-derived,N08_ATLAS_T02_SelectionPotential_MLP,ATLAS selection-potential MLP head,ATLAS-Evo nonlinear head,unknown,no,True,random_split,20000,20000,,4000,target,0.23907086877031025,2.0705476912051735,1.5825285989556805,0.2105798813688911,0.2658677229076278,500
PHASE5H_STRICT_MLP_CONFIRMATION_ALL_METRICS,Random_Promoter_DREAM_base_track_12,Random Promoter DREAM / MAUDE-derived,N07_ATLAS_T05_UncertaintyEnsemble_MLP,ATLAS uncertainty-ensemble MLP head,ATLAS-Evo nonlinear head,unknown,no,True,random_split,20000,20000,,4000,target,0.2764049115438453,2.0191144546172475,1.5482582822256445,0.24946894252619478,0.300472032447582,500
PHASE5H_STRICT_MLP_CONFIRMATION_ALL_METRICS,Random_Promoter_DREAM_base_track_12,Random Promoter DREAM / MAUDE-derived,N09_ATLAS_FullTheory_MLP,ATLAS full-theory proxy MLP head,ATLAS-Evo nonlinear head,unknown,no,True,random_split,20000,20000,,4000,target,0.2435861600282856,2.0643953203437255,1.5801739145990459,0.2132892105243399,0.2717774482140567,500
PHASE5H_STRICT_MLP_CONFIRMATION_ALL_METRICS,Random_Promoter_DREAM_base_track_13,Random Promoter DREAM / MAUDE-derived,B08_MLPRegressor_reproducer,external MLP reproducer on char6/multi-char6 features,external MLP control,unknown,no,True,random_split,20000,13871,,4000,target,0.6015815517898435,0.47878043863135367,0.35426356924808716,0.5793985105199586,0.6237820069629635,500
PHASE5H_STRICT_MLP_CONFIRMATION_ALL_METRICS,Random_Promoter_DREAM_base_track_13,Random Promoter DREAM / MAUDE-derived,N06_ATLAS_T04_ObservableAlignment_MLP,ATLAS observable-alignment MLP head,ATLAS-Evo nonlinear head,unknown,no,True,random_split,20000,13871,,4000,target,0.6015815517898435,0.47878043863135367,0.35426356924808716,0.5793985105199586,0.6237820069629635,500
PHASE5H_STRICT_MLP_CONFIRMATION_ALL_METRICS,Random_Promoter_DREAM_base_track_13,Random Promoter DREAM / MAUDE-derived,N08_ATLAS_T02_SelectionPotential_MLP,ATLAS selection-potential MLP head,ATLAS-Evo nonlinear head,unknown,no,True,random_split,20000,13871,,4000,target,0.6552004351962624,0.44539981567261683,0.32703952215808196,0.6343480573539119,0.6765000495434619,500
PHASE5H_STRICT_MLP_CONFIRMATION_ALL_METRICS,Random_Promoter_DREAM_base_track_13,Random Promoter DREAM / MAUDE-derived,N07_ATLAS_T05_UncertaintyEnsemble_MLP,ATLAS uncertainty-ensemble MLP head,ATLAS-Evo nonlinear head,unknown,no,True,random_split,20000,13871,,4000,target,0.4954576655538544,0.5387849855245707,0.41224944540341524,0.4553199472169551,0.5290773773075375,500
PHASE5H_STRICT_MLP_CONFIRMATION_ALL_METRICS,Random_Promoter_DREAM_base_track_13,Random Promoter DREAM / MAUDE-derived,N09_ATLAS_FullTheory_MLP,ATLAS full-theory proxy MLP head,ATLAS-Evo nonlinear head,unknown,no,True,random_split,20000,13871,,4000,target,0.24321546760527168,0.6598615183661036,0.4487049591928349,0.08851085780043869,0.3639653422247032,500
PHASE5H_STRICT_MLP_CONFIRMATION_ALL_METRICS,Random_Promoter_DREAM_base_track_14,Random Promoter DREAM / MAUDE-derived,B08_MLPRegressor_reproducer,external MLP reproducer on char6/multi-char6 features,external MLP control,unknown,no,True,random_split,100000,100000,,20000,target,0.22503885807968116,2.0962274238793372,1.6191933486924963,0.21351066359647344,0.23774815131578758,500
PHASE5H_STRICT_MLP_CONFIRMATION_ALL_METRICS,Random_Promoter_DREAM_base_track_14,Random Promoter DREAM / MAUDE-derived,N06_ATLAS_T04_ObservableAlignment_MLP,ATLAS observable-alignment MLP head,ATLAS-Evo nonlinear head,unknown,no,True,random_split,100000,100000,,20000,target,0.22503885807968116,2.0962274238793372,1.6191933486924963,0.21351066359647344,0.23774815131578758,500
PHASE5H_STRICT_MLP_CONFIRMATION_ALL_METRICS,Random_Promoter_DREAM_base_track_14,Random Promoter DREAM / MAUDE-derived,N08_ATLAS_T02_SelectionPotential_MLP,ATLAS selection-potential MLP head,ATLAS-Evo nonlinear head,unknown,no,True,random_split,100000,100000,,20000,target,0.2974498291489819,1.9958923191896534,1.5398434778457035,0.28704414309662785,0.3083372549261952,500
PHASE5H_STRICT_MLP_CONFIRMATION_ALL_METRICS,Random_Promoter_DREAM_base_track_14,Random Promoter DREAM / MAUDE-derived,N07_ATLAS_T05_UncertaintyEnsemble_MLP,ATLAS uncertainty-ensemble MLP head,ATLAS-Evo nonlinear head,unknown,no,True,random_split,100000,100000,,20000,target,0.31107078472375216,1.9764495631344445,1.517669486880739,0.2994971412166992,0.3225918135019791,500
PHASE5H_STRICT_MLP_CONFIRMATION_ALL_METRICS,Random_Promoter_DREAM_base_track_14,Random Promoter DREAM / MAUDE-derived,N09_ATLAS_FullTheory_MLP,ATLAS full-theory proxy MLP head,ATLAS-Evo nonlinear head,unknown,no,True,random_split,100000,100000,,20000,target,0.2923026626837034,2.003190333387003,1.5390446059814924,0.2805405632403257,0.30448902610500794,500
PHASE5H_STRICT_MLP_CONFIRMATION_ALL_METRICS,Random_Promoter_DREAM_base_track_15,Random Promoter DREAM / MAUDE-derived,B08_MLPRegressor_reproducer,external MLP reproducer on char6/multi-char6 features,external MLP control,unknown,no,True,random_split,100000,100000,,20000,target,0.2439310844578585,2.072662694675721,1.608142378529925,0.23361211174222765,0.2539667764781087,500
PHASE5H_STRICT_MLP_CONFIRMATION_ALL_METRICS,Random_Promoter_DREAM_base_track_15,Random Promoter DREAM / MAUDE-derived,N06_ATLAS_T04_ObservableAlignment_MLP,ATLAS observable-alignment MLP head,ATLAS-Evo nonlinear head,unknown,no,True,random_split,100000,100000,,20000,target,0.2439310844578585,2.072662694675721,1.608142378529925,0.23361211174222765,0.2539667764781087,500
PHASE5H_STRICT_MLP_CONFIRMATION_ALL_METRICS,Random_Promoter_DREAM_base_track_15,Random Promoter DREAM / MAUDE-derived,N08_ATLAS_T02_SelectionPotential_MLP,ATLAS selection-potential MLP head,ATLAS-Evo nonlinear head,unknown,no,True,random_split,100000,100000,,20000,target,0.30774741009716144,1.983262653151143,1.526044261292404,0.29712444544428207,0.31852317820984677,500
PHASE5H_STRICT_MLP_CONFIRMATION_ALL_METRICS,Random_Promoter_DREAM_base_track_15,Random Promoter DREAM / MAUDE-derived,N07_ATLAS_T05_UncertaintyEnsemble_MLP,ATLAS uncertainty-ensemble MLP head,ATLAS-Evo nonlinear head,unknown,no,True,random_split,100000,100000,,20000,target,0.3244766714000704,1.9591519236324422,1.5042033305541944,0.3142364338060823,0.3343588876601479,500
PHASE5H_STRICT_MLP_CONFIRMATION_ALL_METRICS,Random_Promoter_DREAM_base_track_15,Random Promoter DREAM / MAUDE-derived,N09_ATLAS_FullTheory_MLP,ATLAS full-theory proxy MLP head,ATLAS-Evo nonlinear head,unknown,no,True,random_split,100000,100000,,20000,target,0.3126246234059201,1.976263840385772,1.51718047251014,0.3018665159462793,0.3228448984988879,500
PHASE5H_STRICT_MLP_CONFIRMATION_ALL_METRICS,Random_Promoter_DREAM_base_track_16,Random Promoter DREAM / MAUDE-derived,B08_MLPRegressor_reproducer,external MLP reproducer on char6/multi-char6 features,external MLP control,unknown,no,True,random_split,149258,149258,,29852,target,0.2412431860225922,2.075331260040066,1.603723122099517,0.23257838965932165,0.24965311447536628,500
PHASE5H_STRICT_MLP_CONFIRMATION_ALL_METRICS,Random_Promoter_DREAM_base_track_16,Random Promoter DREAM / MAUDE-derived,N06_ATLAS_T04_ObservableAlignment_MLP,ATLAS observable-alignment MLP head,ATLAS-Evo nonlinear head,unknown,no,True,random_split,149258,149258,,29852,target,0.2412431860225922,2.075331260040066,1.603723122099517,0.23257838965932165,0.24965311447536628,500
PHASE5H_STRICT_MLP_CONFIRMATION_ALL_METRICS,Random_Promoter_DREAM_base_track_16,Random Promoter DREAM / MAUDE-derived,N08_ATLAS_T02_SelectionPotential_MLP,ATLAS selection-potential MLP head,ATLAS-Evo nonlinear head,unknown,no,True,random_split,149258,149258,,29852,target,0.30380680705841356,1.9879296530992943,1.5286461447471846,0.2950834711150342,0.31249136347686707,500
PHASE5H_STRICT_MLP_CONFIRMATION_ALL_METRICS,Random_Promoter_DREAM_base_track_16,Random Promoter DREAM / MAUDE-derived,N07_ATLAS_T05_UncertaintyEnsemble_MLP,ATLAS uncertainty-ensemble MLP head,ATLAS-Evo nonlinear head,unknown,no,True,random_split,149258,149258,,29852,target,0.3156606468192832,1.9709330999105463,1.5143022453295754,0.30764771981290423,0.3239427615992782,500
PHASE5H_STRICT_MLP_CONFIRMATION_ALL_METRICS,Random_Promoter_DREAM_base_track_16,Random Promoter DREAM / MAUDE-derived,N09_ATLAS_FullTheory_MLP,ATLAS full-theory proxy MLP head,ATLAS-Evo nonlinear head,unknown,no,True,random_split,149258,149258,,29852,target,0.30143470903598624,1.9913134509511796,1.5294026293815248,0.29279880039729345,0.31059978116731524,500
PHASE5H_STRICT_MLP_CONFIRMATION_ALL_METRICS,Random_Promoter_DREAM_base_track_17,Random Promoter DREAM / MAUDE-derived,B08_MLPRegressor_reproducer,external MLP reproducer on char6/multi-char6 features,external MLP control,unknown,no,True,random_split,20000,20000,,4000,target,0.17104150219523606,2.1580395549659266,1.6668742841085422,0.14019592704233108,0.1987824260670696,500
PHASE5H_STRICT_MLP_CONFIRMATION_ALL_METRICS,Random_Promoter_DREAM_base_track_17,Random Promoter DREAM / MAUDE-derived,N06_ATLAS_T04_ObservableAlignment_MLP,ATLAS observable-alignment MLP head,ATLAS-Evo nonlinear head,unknown,no,True,random_split,20000,20000,,4000,target,0.17104150219523606,2.1580395549659266,1.6668742841085422,0.14019592704233108,0.1987824260670696,500
PHASE5H_STRICT_MLP_CONFIRMATION_ALL_METRICS,Random_Promoter_DREAM_base_track_17,Random Promoter DREAM / MAUDE-derived,N08_ATLAS_T02_SelectionPotential_MLP,ATLAS selection-potential MLP head,ATLAS-Evo nonlinear head,unknown,no,True,random_split,20000,20000,,4000,target,0.24202571216556523,2.0635749321120693,1.5874048371579645,0.2152955550267314,0.2679192162506764,500
PHASE5H_STRICT_MLP_CONFIRMATION_ALL_METRICS,Random_Promoter_DREAM_base_track_17,Random Promoter DREAM / MAUDE-derived,N07_ATLAS_T05_UncertaintyEnsemble_MLP,ATLAS uncertainty-ensemble MLP head,ATLAS-Evo nonlinear head,unknown,no,True,random_split,20000,20000,,4000,target,0.2619503220011705,2.0362720691555887,1.5629822415871386,0.23513165267739727,0.284922650526945,500
PHASE5H_STRICT_MLP_CONFIRMATION_ALL_METRICS,Random_Promoter_DREAM_base_track_17,Random Promoter DREAM / MAUDE-derived,N09_ATLAS_FullTheory_MLP,ATLAS full-theory proxy MLP head,ATLAS-Evo nonlinear head,unknown,no,True,random_split,20000,20000,,4000,target,0.24009282896702822,2.066204381282125,1.5856094961632383,0.21183681767456222,0.26561354306558627,500
PHASE5H_STRICT_MLP_CONFIRMATION_ALL_METRICS,Random_Promoter_DREAM_base_track_18,Random Promoter DREAM / MAUDE-derived,B08_MLPRegressor_reproducer,external MLP reproducer on char6/multi-char6 features,external MLP control,unknown,no,True,random_split,20000,13871,,4000,target,0.6015815517898435,0.47878043863135367,0.35426356924808716,0.5793985105199586,0.6237820069629635,500
PHASE5H_STRICT_MLP_CONFIRMATION_ALL_METRICS,Random_Promoter_DREAM_base_track_18,Random Promoter DREAM / MAUDE-derived,N06_ATLAS_T04_ObservableAlignment_MLP,ATLAS observable-alignment MLP head,ATLAS-Evo nonlinear head,unknown,no,True,random_split,20000,13871,,4000,target,0.6015815517898435,0.47878043863135367,0.35426356924808716,0.5793985105199586,0.6237820069629635,500
PHASE5H_STRICT_MLP_CONFIRMATION_ALL_METRICS,Random_Promoter_DREAM_base_track_18,Random Promoter DREAM / MAUDE-derived,N08_ATLAS_T02_SelectionPotential_MLP,ATLAS selection-potential MLP head,ATLAS-Evo nonlinear head,unknown,no,True,random_split,20000,13871,,4000,target,0.6552004351962624,0.44539981567261683,0.32703952215808196,0.6343480573539119,0.6765000495434619,500
PHASE5H_STRICT_MLP_CONFIRMATION_ALL_METRICS,Random_Promoter_DREAM_base_track_18,Random Promoter DREAM / MAUDE-derived,N07_ATLAS_T05_UncertaintyEnsemble_MLP,ATLAS uncertainty-ensemble MLP head,ATLAS-Evo nonlinear head,unknown,no,True,random_split,20000,13871,,4000,target,0.4954576655538544,0.5387849855245707,0.41224944540341524,0.4553199472169551,0.5290773773075375,500
PHASE5H_STRICT_MLP_CONFIRMATION_ALL_METRICS,Random_Promoter_DREAM_base_track_18,Random Promoter DREAM / MAUDE-derived,N09_ATLAS_FullTheory_MLP,ATLAS full-theory proxy MLP head,ATLAS-Evo nonlinear head,unknown,no,True,random_split,20000,13871,,4000,target,0.24321546760527168,0.6598615183661036,0.4487049591928349,0.08851085780043869,0.3639653422247032,500
PHASE5H_STRICT_MLP_CONFIRMATION_ALL_METRICS,Random_Promoter_DREAM_base_track_19,Random Promoter DREAM / MAUDE-derived,B08_MLPRegressor_reproducer,external MLP reproducer on char6/multi-char6 features,external MLP control,unknown,no,True,random_split,100000,100000,,20000,target,0.22503885807968116,2.0962274238793372,1.6191933486924963,0.21351066359647344,0.23774815131578758,500
PHASE5H_STRICT_MLP_CONFIRMATION_ALL_METRICS,Random_Promoter_DREAM_base_track_19,Random Promoter DREAM / MAUDE-derived,N06_ATLAS_T04_ObservableAlignment_MLP,ATLAS observable-alignment MLP head,ATLAS-Evo nonlinear head,unknown,no,True,random_split,100000,100000,,20000,target,0.22503885807968116,2.0962274238793372,1.6191933486924963,0.21351066359647344,0.23774815131578758,500
PHASE5H_STRICT_MLP_CONFIRMATION_ALL_METRICS,Random_Promoter_DREAM_base_track_19,Random Promoter DREAM / MAUDE-derived,N08_ATLAS_T02_SelectionPotential_MLP,ATLAS selection-potential MLP head,ATLAS-Evo nonlinear head,unknown,no,True,random_split,100000,100000,,20000,target,0.2974498291489819,1.9958923191896534,1.5398434778457035,0.28704414309662785,0.3083372549261952,500
PHASE5H_STRICT_MLP_CONFIRMATION_ALL_METRICS,Random_Promoter_DREAM_base_track_19,Random Promoter DREAM / MAUDE-derived,N07_ATLAS_T05_UncertaintyEnsemble_MLP,ATLAS uncertainty-ensemble MLP head,ATLAS-Evo nonlinear head,unknown,no,True,random_split,100000,100000,,20000,target,0.31107078472375216,1.9764495631344445,1.517669486880739,0.2994971412166992,0.3225918135019791,500
PHASE5H_STRICT_MLP_CONFIRMATION_ALL_METRICS,Random_Promoter_DREAM_base_track_19,Random Promoter DREAM / MAUDE-derived,N09_ATLAS_FullTheory_MLP,ATLAS full-theory proxy MLP head,ATLAS-Evo nonlinear head,unknown,no,True,random_split,100000,100000,,20000,target,0.2923026626837034,2.003190333387003,1.5390446059814924,0.2805405632403257,0.30448902610500794,500
PHASE5H_STRICT_MLP_CONFIRMATION_ALL_METRICS,Random_Promoter_DREAM_base_track_20,Random Promoter DREAM / MAUDE-derived,B08_MLPRegressor_reproducer,external MLP reproducer on char6/multi-char6 features,external MLP control,unknown,no,True,random_split,20000,20000,,4000,target,0.17104150219523606,2.1580395549659266,1.6668742841085422,0.14019592704233108,0.1987824260670696,500
PHASE5H_STRICT_MLP_CONFIRMATION_ALL_METRICS,Random_Promoter_DREAM_base_track_20,Random Promoter DREAM / MAUDE-derived,N06_ATLAS_T04_ObservableAlignment_MLP,ATLAS observable-alignment MLP head,ATLAS-Evo nonlinear head,unknown,no,True,random_split,20000,20000,,4000,target,0.17104150219523606,2.1580395549659266,1.6668742841085422,0.14019592704233108,0.1987824260670696,500
PHASE5H_STRICT_MLP_CONFIRMATION_ALL_METRICS,Random_Promoter_DREAM_base_track_20,Random Promoter DREAM / MAUDE-derived,N08_ATLAS_T02_SelectionPotential_MLP,ATLAS selection-potential MLP head,ATLAS-Evo nonlinear head,unknown,no,True,random_split,20000,20000,,4000,target,0.24202571216556523,2.0635749321120693,1.5874048371579645,0.2152955550267314,0.2679192162506764,500
PHASE5H_STRICT_MLP_CONFIRMATION_ALL_METRICS,Random_Promoter_DREAM_base_track_20,Random Promoter DREAM / MAUDE-derived,N07_ATLAS_T05_UncertaintyEnsemble_MLP,ATLAS uncertainty-ensemble MLP head,ATLAS-Evo nonlinear head,unknown,no,True,random_split,20000,20000,,4000,target,0.2619503220011705,2.0362720691555887,1.5629822415871386,0.23513165267739727,0.284922650526945,500
PHASE5H_STRICT_MLP_CONFIRMATION_ALL_METRICS,Random_Promoter_DREAM_base_track_20,Random Promoter DREAM / MAUDE-derived,N09_ATLAS_FullTheory_MLP,ATLAS full-theory proxy MLP head,ATLAS-Evo nonlinear head,unknown,no,True,random_split,20000,20000,,4000,target,0.24009282896702822,2.066204381282125,1.5856094961632383,0.21183681767456222,0.26561354306558627,500
PHASE5H_STRICT_MLP_CONFIRMATION_ALL_METRICS,extra_test_inregime_predictions_v0,DREAM/MAUDE prediction-derived,B08_MLPRegressor_reproducer,external MLP reproducer on char6/multi-char6 features,external MLP control,unknown,no,True,random_split,80000,20000,,16000,target,-0.018610935857132915,5.485808135811984,5.273589677426802,-0.02354612316495657,-0.014320473896522162,500
PHASE5H_STRICT_MLP_CONFIRMATION_ALL_METRICS,extra_test_inregime_predictions_v0,DREAM/MAUDE prediction-derived,N06_ATLAS_T04_ObservableAlignment_MLP,ATLAS observable-alignment MLP head,ATLAS-Evo nonlinear head,unknown,no,True,random_split,80000,20000,,16000,target,0.9387342879210183,1.345380689246537,0.8854514807848658,0.9359677522724656,0.9412709990559333,500
PHASE5H_STRICT_MLP_CONFIRMATION_ALL_METRICS,extra_test_inregime_predictions_v0,DREAM/MAUDE prediction-derived,N08_ATLAS_T02_SelectionPotential_MLP,ATLAS selection-potential MLP head,ATLAS-Evo nonlinear head,unknown,no,True,random_split,80000,20000,,16000,target,0.9439603337107515,1.2867204912302912,0.8403981283563764,0.9413220926461275,0.9463269336552452,500
PHASE5H_STRICT_MLP_CONFIRMATION_ALL_METRICS,extra_test_inregime_predictions_v0,DREAM/MAUDE prediction-derived,N07_ATLAS_T05_UncertaintyEnsemble_MLP,ATLAS uncertainty-ensemble MLP head,ATLAS-Evo nonlinear head,unknown,no,True,random_split,80000,20000,,16000,target,0.9489611439066931,1.2279676142471505,0.7827427400812016,0.9464974030235858,0.9512515653975683,500
PHASE5H_STRICT_MLP_CONFIRMATION_ALL_METRICS,extra_test_inregime_predictions_v0,DREAM/MAUDE prediction-derived,N09_ATLAS_FullTheory_MLP,ATLAS full-theory proxy MLP head,ATLAS-Evo nonlinear head,unknown,no,True,random_split,80000,20000,,16000,target,0.9459960846421864,1.2631329694714732,0.7995514074454201,0.9434407494886536,0.9484718104626697,500
PHASE5H_STRICT_MLP_CONFIRMATION_ALL_METRICS,extra_test_maude_shift_predictions_v0,DREAM/MAUDE prediction-derived,B08_MLPRegressor_reproducer,external MLP reproducer on char6/multi-char6 features,external MLP control,unknown,no,True,random_split,80000,13871,,16000,target,-0.0017657724040460732,5.746839718599644,5.6084925906814425,-0.008747763413205389,0.004502672305388679,500
PHASE5H_STRICT_MLP_CONFIRMATION_ALL_METRICS,extra_test_maude_shift_predictions_v0,DREAM/MAUDE prediction-derived,N06_ATLAS_T04_ObservableAlignment_MLP,ATLAS observable-alignment MLP head,ATLAS-Evo nonlinear head,unknown,no,True,random_split,80000,13871,,16000,target,0.9874750159881499,0.6425909136835053,0.3923599770351344,0.9858104621728202,0.988665502401274,500
PHASE5H_STRICT_MLP_CONFIRMATION_ALL_METRICS,extra_test_maude_shift_predictions_v0,DREAM/MAUDE prediction-derived,N08_ATLAS_T02_SelectionPotential_MLP,ATLAS selection-potential MLP head,ATLAS-Evo nonlinear head,unknown,no,True,random_split,80000,13871,,16000,target,0.9897799877975162,0.5804591978916621,0.36675868056346406,0.9884580531252838,0.9906763835545292,500
PHASE5H_STRICT_MLP_CONFIRMATION_ALL_METRICS,extra_test_maude_shift_predictions_v0,DREAM/MAUDE prediction-derived,N07_ATLAS_T05_UncertaintyEnsemble_MLP,ATLAS uncertainty-ensemble MLP head,ATLAS-Evo nonlinear head,unknown,no,True,random_split,80000,13871,,16000,target,0.991104806664817,0.5415314528863322,0.34731496938460665,0.9902000913485969,0.9917485742317209,500
PHASE5H_STRICT_MLP_CONFIRMATION_ALL_METRICS,extra_test_maude_shift_predictions_v0,DREAM/MAUDE prediction-derived,N09_ATLAS_FullTheory_MLP,ATLAS full-theory proxy MLP head,ATLAS-Evo nonlinear head,unknown,no,True,random_split,80000,13871,,16000,target,0.9906982599387776,0.5537682979013311,0.36616531557754384,0.9901396016825633,0.9911602977087691,500
PHASE5H_STRICT_MLP_CONFIRMATION_ALL_METRICS,extra_val_inregime_predictions_v0,DREAM/MAUDE prediction-derived,B08_MLPRegressor_reproducer,external MLP reproducer on char6/multi-char6 features,external MLP control,unknown,no,True,random_split,80000,20000,,16000,target,-0.020724989256890147,5.505269262650687,5.2894080906464955,-0.025878777068554164,-0.015363507215897465,500
PHASE5H_STRICT_MLP_CONFIRMATION_ALL_METRICS,extra_val_inregime_predictions_v0,DREAM/MAUDE prediction-derived,N06_ATLAS_T04_ObservableAlignment_MLP,ATLAS observable-alignment MLP head,ATLAS-Evo nonlinear head,unknown,no,True,random_split,80000,20000,,16000,target,0.9379856343235221,1.3569703065164138,0.8773299282060092,0.9348231705275434,0.9409078045774868,500
PHASE5H_STRICT_MLP_CONFIRMATION_ALL_METRICS,extra_val_inregime_predictions_v0,DREAM/MAUDE prediction-derived,N08_ATLAS_T02_SelectionPotential_MLP,ATLAS selection-potential MLP head,ATLAS-Evo nonlinear head,unknown,no,True,random_split,80000,20000,,16000,target,0.9451390641730463,1.2763088989976576,0.8308912752025941,0.9423666425396293,0.9475795448325084,500
PHASE5H_STRICT_MLP_CONFIRMATION_ALL_METRICS,extra_val_inregime_predictions_v0,DREAM/MAUDE prediction-derived,N07_ATLAS_T05_UncertaintyEnsemble_MLP,ATLAS uncertainty-ensemble MLP head,ATLAS-Evo nonlinear head,unknown,no,True,random_split,80000,20000,,16000,target,0.9490949128836328,1.2294327676748331,0.7863670407885435,0.9464900149661745,0.9513906698137006,500
PHASE5H_STRICT_MLP_CONFIRMATION_ALL_METRICS,extra_val_inregime_predictions_v0,DREAM/MAUDE prediction-derived,N09_ATLAS_FullTheory_MLP,ATLAS full-theory proxy MLP head,ATLAS-Evo nonlinear head,unknown,no,True,random_split,80000,20000,,16000,target,0.94679093335529,1.2569471338286358,0.795036292120156,0.9440093654926318,0.9492309004641987,500
PHASE5_BOOTSTRAP_R2_CI_BY_TRACK_MODEL,Random_Promoter_DREAM_base_track_5,Random Promoter DREAM / MAUDE-derived,T04_observable_alignment_proxy,T04_observable_alignment_proxy,theory-proxy module,headline_base_reference,,,random_split,71103,39069,56882.0,14221,target,0.6491104448680286,0.4449102527550926,0.337080594241646,0.6392247596233306,0.6588590427353809,1000
PHASE5_BOOTSTRAP_R2_CI_BY_TRACK_MODEL,Random_Promoter_DREAM_base_track_2,Random Promoter DREAM / MAUDE-derived,T04_observable_alignment_proxy,T04_observable_alignment_proxy,theory-proxy module,headline_base_reference,,,random_split,71103,39069,56882.0,14221,target,0.6491104448680286,0.4449102527550926,0.337080594241646,0.6385732692172575,0.6594073082762025,1000
PHASE5_BOOTSTRAP_R2_CI_BY_TRACK_MODEL,Random_Promoter_DREAM_base_track_18,Random Promoter DREAM / MAUDE-derived,T04_observable_alignment_proxy,T04_observable_alignment_proxy,theory-proxy module,headline_base_reference,,,random_split,20000,13871,16000.0,4000,target,0.6126186643836083,0.4721022003351542,0.3602559585627627,0.5925855957071482,0.6324642029750155,1000
PHASE5_BOOTSTRAP_R2_CI_BY_TRACK_MODEL,Random_Promoter_DREAM_base_track_13,Random Promoter DREAM / MAUDE-derived,T04_observable_alignment_proxy,T04_observable_alignment_proxy,theory-proxy module,headline_base_reference,,,random_split,20000,13871,16000.0,4000,target,0.6126186643836083,0.4721022003351542,0.3602559585627627,0.5916113291853848,0.6341389453934756,1000
PHASE5_BOOTSTRAP_R2_CI_BY_TRACK_MODEL,Random_Promoter_DREAM_base_track_9,Random Promoter DREAM / MAUDE-derived,T04_observable_alignment_proxy,T04_observable_alignment_proxy,theory-proxy module,headline_base_reference,,,random_split,20000,13871,16000.0,4000,target,0.6126186643836083,0.4721022003351542,0.3602559585627627,0.5930148387345996,0.6339652485689294,1000
PHASE5_BOOTSTRAP_R2_CI_BY_TRACK_MODEL,PARM_GSE301246_held_out_context_track_5,PARM/GSE301246,M08_dynamic_condition_weighted_char6,M08_dynamic_condition_weighted_char6,theory-proxy module,headline_transfer_evidence,,,random_split,50,50,40.0,10,target,0.4307546686640491,21.72021548691409,16.402831130941742,-0.32404445025444867,0.6952503562761333,1000
PHASE5_BOOTSTRAP_R2_CI_BY_TRACK_MODEL,PARM_GSE301246_held_out_context_track,PARM/GSE301246,T05_uncertainty_ensemble_proxy,T05_uncertainty_ensemble_proxy,theory-proxy module,headline_transfer_evidence,,,group_shuffle_by_condition,6000,500,4500.0,1500,target,0.3955993351255749,49.56370603960791,28.49090057274019,0.2111153691402332,0.5302010194266759,1000
PHASE5_BOOTSTRAP_R2_CI_BY_TRACK_MODEL,Random_Promoter_DREAM_base_track_7,Random Promoter DREAM / MAUDE-derived,T04_observable_alignment_proxy,T04_observable_alignment_proxy,theory-proxy module,headline_base_reference,,,random_split,149999,149999,119999.0,30000,target,0.2876585702977691,1.9948825825181584,1.5436625248929747,0.27935783062359476,0.2963950691166444,1000
PHASE5_BOOTSTRAP_R2_CI_BY_TRACK_MODEL,Random_Promoter_DREAM_base_track_4,Random Promoter DREAM / MAUDE-derived,T04_observable_alignment_proxy,T04_observable_alignment_proxy,theory-proxy module,headline_base_reference,,,random_split,149999,149999,119999.0,30000,target,0.284423689686203,2.0155352946950784,1.5614381708980112,0.2759617727613054,0.29249704247342173,1000
PHASE5_BOOTSTRAP_R2_CI_BY_TRACK_MODEL,Random_Promoter_DREAM_base_track_3,Random Promoter DREAM / MAUDE-derived,T04_observable_alignment_proxy,T04_observable_alignment_proxy,theory-proxy module,headline_base_reference,,,random_split,150000,150000,120000.0,30000,target,0.2813359087852787,2.006696524468721,1.5577256799271724,0.27181614444070334,0.29032264346670256,1000
PHASE5_BOOTSTRAP_R2_CI_BY_TRACK_MODEL,Random_Promoter_DREAM_base_track_6,Random Promoter DREAM / MAUDE-derived,T04_observable_alignment_proxy,T04_observable_alignment_proxy,theory-proxy module,headline_base_reference,,,random_split,149999,149999,119999.0,30000,target,0.2807902429077594,2.0063116944466635,1.556483215049511,0.2720900639319478,0.28913357713703025,1000
PHASE5_BOOTSTRAP_R2_CI_BY_TRACK_MODEL,Random_Promoter_DREAM_base_track_16,Random Promoter DREAM / MAUDE-derived,T04_observable_alignment_proxy,T04_observable_alignment_proxy,theory-proxy module,headline_base_reference,,,random_split,149258,149258,119406.0,29852,target,0.2796569209540137,2.0221148546846948,1.5613071049224037,0.27027810258218493,0.2886768151805535,1000
PHASE5_BOOTSTRAP_R2_CI_BY_TRACK_MODEL,Random_Promoter_DREAM_base_track_15,Random Promoter DREAM / MAUDE-derived,T04_observable_alignment_proxy,T04_observable_alignment_proxy,theory-proxy module,headline_base_reference,,,random_split,100000,100000,80000.0,20000,target,0.2794283772363876,2.0234222281793,1.5607145566655385,0.26783018630514094,0.29049330748293944,1000
PHASE5_BOOTSTRAP_R2_CI_BY_TRACK_MODEL,Random_Promoter_DREAM_base_track_10,Random Promoter DREAM / MAUDE-derived,T04_observable_alignment_proxy,T04_observable_alignment_proxy,theory-proxy module,headline_base_reference,,,random_split,100000,100000,80000.0,20000,target,0.2762271545149858,2.0093411137927597,1.547296210214178,0.26478371627863456,0.2865357046906446,1000
PHASE5_BOOTSTRAP_R2_CI_BY_TRACK_MODEL,Random_Promoter_DREAM_base_track_19,Random Promoter DREAM / MAUDE-derived,T04_observable_alignment_proxy,T04_observable_alignment_proxy,theory-proxy module,headline_base_reference,,,random_split,100000,100000,80000.0,20000,target,0.2739614602244904,2.028982364864745,1.5662757035199997,0.2629750466657708,0.2842737646698031,1000
PHASE5_BOOTSTRAP_R2_CI_BY_TRACK_MODEL,Random_Promoter_DREAM_base_track_14,Random Promoter DREAM / MAUDE-derived,T04_observable_alignment_proxy,T04_observable_alignment_proxy,theory-proxy module,headline_base_reference,,,random_split,100000,100000,80000.0,20000,target,0.2739614602244904,2.028982364864745,1.5662757035199997,0.2619003150727997,0.28469256285412115,1000
PHASE5_BOOTSTRAP_R2_CI_BY_TRACK_MODEL,Random_Promoter_DREAM_base_track_8,Random Promoter DREAM / MAUDE-derived,T02_selection_potential_proxy,T02_selection_potential_proxy,theory-proxy module,headline_base_reference,,,random_split,20000,20000,16000.0,4000,target,0.2733663743201212,2.0487215094729474,1.584091330581663,0.25080035343470114,0.2956015969413877,1000
PHASE5_BOOTSTRAP_R2_CI_BY_TRACK_MODEL,Random_Promoter_DREAM_base_track_12,Random Promoter DREAM / MAUDE-derived,T02_selection_potential_proxy,T02_selection_potential_proxy,theory-proxy module,headline_base_reference,,,random_split,20000,20000,16000.0,4000,target,0.2445400023666976,2.0630933023798232,1.6035964094548667,0.21906115664408823,0.2681974657338964,1000
PHASE5_BOOTSTRAP_R2_CI_BY_TRACK_MODEL,Random_Promoter_DREAM_base_track_20,Random Promoter DREAM / MAUDE-derived,T02_selection_potential_proxy,T02_selection_potential_proxy,theory-proxy module,headline_base_reference,,,random_split,20000,20000,16000.0,4000,target,0.2304844127903973,2.0792260961963804,1.6087813519791463,0.2051711980331832,0.25509231982687025,1000
PHASE5_BOOTSTRAP_R2_CI_BY_TRACK_MODEL,Random_Promoter_DREAM_base_track_11,Random Promoter DREAM / MAUDE-derived,T02_selection_potential_proxy,T02_selection_potential_proxy,theory-proxy module,headline_base_reference,,,random_split,20000,20000,16000.0,4000,target,0.2304844127903973,2.0792260961963804,1.6087813519791463,0.20414806676335645,0.2546594282690475,1000
PHASE5_BOOTSTRAP_R2_CI_BY_TRACK_MODEL,Random_Promoter_DREAM_base_track_17,Random Promoter DREAM / MAUDE-derived,T02_selection_potential_proxy,T02_selection_potential_proxy,theory-proxy module,headline_base_reference,,,random_split,20000,20000,16000.0,4000,target,0.2304844127903973,2.0792260961963804,1.6087813519791463,0.20479004546515217,0.25644223561424806,1000
PHASE5_BOOTSTRAP_R2_CI_BY_TRACK_MODEL,GSE221384_context_track,GSE221384-derived context,T04_observable_alignment_proxy,T04_observable_alignment_proxy,theory-proxy module,exploratory_extra,,,group_shuffle_by_condition,150000,12499,112500.0,37500,target,0.2117140378824361,1.609996750848716,1.326798064371269,0.2015783554810919,0.22223505624248913,1000
PHASE5_BOOTSTRAP_R2_CI_BY_TRACK_MODEL,PARM_GSE301246_held_out_context_track_4,PARM/GSE301246,M08_dynamic_condition_weighted_char6,M08_dynamic_condition_weighted_char6,theory-proxy module,headline_transfer_evidence,,,random_split,50,50,40.0,10,target,0.1521294349282176,102.81180221871176,67.07527625454068,-7.843891105661593,0.22264742681025473,1000
PHASE5_BOOTSTRAP_R2_CI_BY_TRACK_MODEL,PARM_GSE301246_held_out_context_track_2,PARM/GSE301246,M03_GC_length_multi_char6,M03_GC_length_multi_char6,theory-proxy module,headline_transfer_evidence,,,group_shuffle_by_condition,150000,12499,112500.0,37500,target,0.145641794700057,116.54328796478576,63.96911116422266,0.10537836184337954,0.18187247867578066,1000
PHASE5_BOOTSTRAP_R2_CI_BY_TRACK_MODEL,PARM_GSE301246_held_out_context_track_3,PARM/GSE301246,M03_GC_length_multi_char6,M03_GC_length_multi_char6,theory-proxy module,headline_transfer_evidence,,,random_split,50,50,40.0,10,target,0.142208150345333,219.26877502120715,146.30192556490076,-1.942369114105866,0.28411682480661427,1000
PHASE5_BOOTSTRAP_R2_CI_BY_TRACK_MODEL,PARM_GSE301246_held_out_context_track_7,PARM/GSE301246,M06_GC_length_condition_gated_char6,M06_GC_length_condition_gated_char6,theory-proxy module,headline_transfer_evidence,,,random_split,50,50,40.0,10,target,0.0594498016575664,13344.944910453003,11271.332305820988,-1.019817605382605,0.19387611688991682,1000
PHASE5_BOOTSTRAP_R2_CI_BY_TRACK_MODEL,PARM_GSE301246_held_out_context_track_TaskB,PARM/GSE301246,T01_mutational_prior_proxy,T01_mutational_prior_proxy,theory-proxy module,headline_transfer_evidence,,,random_split,662,331,529.0,133,target,0.0138868353099598,0.6525932461357723,0.5098057222025701,-0.03739548662116947,0.0457463537248887,1000
PHASE5_BOOTSTRAP_R2_CI_BY_TRACK_MODEL,PARM_GSE301246_Task_C_stress_test,PARM/GSE301246,M06_GC_length_condition_gated_char6,M06_GC_length_condition_gated_char6,theory-proxy module,stress_test_boundary,,,group_shuffle_by_condition,148392,16486,115416.0,32976,target,-0.0388875635281249,0.1536321773004771,0.0772293180340149,-0.050839905791196356,-0.026868639978034153,1000
PHASE5_BOOTSTRAP_R2_CI_BY_TRACK_MODEL,PARM_GSE301246_held_out_context_track_6,PARM/GSE301246,M03_GC_length_multi_char6,M03_GC_length_multi_char6,theory-proxy module,headline_transfer_evidence,,,random_split,50,50,40.0,10,target,-0.1360090119623944,32.250339703517696,27.223892077418647,-8.05159517667394,0.1780351253608538,1000
PHASE5_BOOTSTRAP_R2_CI_BY_TRACK_MODEL,Random_Promoter_DREAM_base_track,Random Promoter DREAM / MAUDE-derived,M03_GC_length_multi_char6,M03_GC_length_multi_char6,theory-proxy module,headline_base_reference,,,provided_split_col,150000,139904,60438.0,89562,target,-0.3421549942831152,6.385826226084235,4.538658898018887,-0.35029316963751006,-0.3337292150562008,1000
PHASE5_BOOTSTRAP_R2_CI_BY_TRACK_MODEL,extra_test_maude_shift_predictions_v0,DREAM/MAUDE prediction-derived,M09_dynamic_condition_weighted_multi_char6,M09_dynamic_condition_weighted_multi_char6,theory-proxy module,exploratory_extra,,,group_shuffle_by_condition,80000,13871,60000.0,20000,target,-12.164092131389452,7.585458968795539,7.4293832650539935,-12.409576961295917,-11.920134132723751,1000
PHASE5_BOOTSTRAP_R2_CI_BY_TRACK_MODEL,extra_test_inregime_predictions_v0,DREAM/MAUDE prediction-derived,M09_dynamic_condition_weighted_multi_char6,M09_dynamic_condition_weighted_multi_char6,theory-proxy module,exploratory_extra,,,group_shuffle_by_condition,80000,20000,60000.0,20000,target,-20.82777179096411,7.007647369177582,6.893101972183899,-21.272292842751174,-20.383860363754906,1000
PHASE5_BOOTSTRAP_R2_CI_BY_TRACK_MODEL,extra_val_inregime_predictions_v0,DREAM/MAUDE prediction-derived,M09_dynamic_condition_weighted_multi_char6,M09_dynamic_condition_weighted_multi_char6,theory-proxy module,exploratory_extra,,,group_shuffle_by_condition,80000,20000,60000.0,20000,target,-20.89873013064813,6.95651664901361,6.847012696474755,-21.401356041875353,-20.471667510756962,1000
