track_name,model_name,n_used,observed_r2,observed_rmse,observed_mae,observed_pearson,null_r2_mean,null_r2_median,null_r2_q025,null_r2_q975,null_r2_max,observed_minus_null_median_r2,empirical_p_null_r2_ge_observed,null_mae_median,observed_minus_null_median_mae,n_permutations
prediction_probe_v1,test_inregime_predictions_v0.csv_regression_bins,10,0.9776482381124074,0.2240920602059677,0.1934977974775172,0.9888548384554956,-0.9310927896719676,-0.8749995686481316,-2.172946605733062,0.2177173940302018,0.532891948742261,1.852647806760539,0.0019960079840319,1.6957276058803608,-1.5022298084028436,500
prediction_probe_v1,phase4_minus_plasmid_weighted_predictions_v0.csv_regression_bins,10,0.8702707596768677,78.37380153325297,60.67577359536504,0.9424679816154152,-1.08378567829547,-1.1374711479086668,-2.264336229066355,0.250911209177104,0.6499517229075867,2.0077419075855345,0.0019960079840319,245.2629810668319,-184.58720747146688,500
prediction_probe_v1,test_inregime_decomposition_predictions_v0.csv_regression_bins,10,0.8572580809817191,0.3423169102634132,0.2987611782271358,0.929755885800442,-0.7274598191592762,-0.7245225683772405,-1.7759977947308678,0.3639894650888673,0.6249060611718463,1.5817806493589597,0.0019960079840319,0.9717706062862508,-0.673009428059115,500
prediction_probe_v1,decomp__gc_len__char6_a3__test_inregime_predictions_v0.csv_regression_bins,10,0.8572580809817186,0.3423169102634137,0.2987611782271363,0.9297558858004418,-0.7345436068484044,-0.7042350406283137,-1.7978685441739548,0.2979488391647892,0.5304278562190139,1.5614931216100325,0.0019960079840319,0.9552859157153876,-0.6565247374882514,500
Random_Promoter_DREAM_base_track_2,N09_ATLAS_FullTheory_MLP,14221,0.7503531003032482,0.375275560327155,0.2568289719612765,0.8677677642167697,-0.8369585221855866,-0.836755779015774,-0.8652543995689727,-0.8105481567654546,-0.7961608337315682,1.5871088793190222,0.0019960079840319,0.8303336391690945,-0.573504667207818,500
Random_Promoter_DREAM_base_track_5,N09_ATLAS_FullTheory_MLP,14221,0.7503531003032482,0.375275560327155,0.2568289719612765,0.8677677642167697,-0.8363834739143973,-0.8366798885937183,-0.8668766017535527,-0.8028265777440499,-0.7888241176657123,1.5870329888969663,0.0019960079840319,0.8304126677331383,-0.5735836957718617,500
Random_Promoter_DREAM_base_track_2,N07_ATLAS_T05_UncertaintyEnsemble_MLP,14221,0.7309724945680025,0.3895700273852477,0.2658079605168695,0.8555017429647859,-0.7793607656649755,-0.7785931833864815,-0.8080112039420317,-0.7512270729750304,-0.7428357812180806,1.509565677954484,0.0019960079840319,0.81781386799731,-0.5520059074804404,500
Random_Promoter_DREAM_base_track_5,N07_ATLAS_T05_UncertaintyEnsemble_MLP,14221,0.7309724945680025,0.3895700273852477,0.2658079605168695,0.8555017429647859,-0.7794254960972719,-0.7792256549299217,-0.809168187985898,-0.750807919679575,-0.7336821255227759,1.5101981494979242,0.0019960079840319,0.8178309920981133,-0.5520230315812438,500
Random_Promoter_DREAM_base_track_2,N08_ATLAS_T02_SelectionPotential_MLP,14221,0.7168657441858133,0.3996532987682145,0.2816073965113488,0.8497013096940863,-0.8421542343374661,-0.8421557989106659,-0.8711474932584478,-0.8095570985076653,-0.7878090460398313,1.5590215430964791,0.0019960079840319,0.8302339133375203,-0.5486265168261715,500
Random_Promoter_DREAM_base_track_5,N08_ATLAS_T02_SelectionPotential_MLP,14221,0.7168657441858133,0.3996532987682145,0.2816073965113488,0.8497013096940863,-0.843157273574415,-0.843485485666162,-0.872501439878555,-0.8089202702338361,-0.7981784336325879,1.5603512298519753,0.0019960079840319,0.8307116726539638,-0.549104276142615,500
Random_Promoter_DREAM_base_track_2,B08_MLPRegressor_reproducer,14221,0.7099476720196034,0.4045063757911675,0.2779333120902858,0.8456532058094482,-0.8415846981920038,-0.8411654909705906,-0.8736197024576392,-0.8118611523806606,-0.7965735771278801,1.551113162990194,0.0019960079840319,0.8314762081403313,-0.5535428960500455,500
Random_Promoter_DREAM_base_track_5,B08_MLPRegressor_reproducer,14221,0.7099476720196034,0.4045063757911675,0.2779333120902858,0.8456532058094482,-0.8422023347754812,-0.8432489720053961,-0.871462381804155,-0.812273294875857,-0.7957878883063914,1.5531966440249994,0.0019960079840319,0.8316182054906281,-0.5536848934003423,500
Random_Promoter_DREAM_base_track_2,N06_ATLAS_T04_ObservableAlignment_MLP,14221,0.7086167995309861,0.405433329710076,0.2816425622279637,0.8430182220430265,-0.7879030037511527,-0.7880994045948597,-0.8187858818653204,-0.7600584521650293,-0.7441438980595194,1.4967162041258455,0.0019960079840319,0.819661524444578,-0.5380189622166143,500
Random_Promoter_DREAM_base_track_5,N06_ATLAS_T04_ObservableAlignment_MLP,14221,0.7086167995309861,0.405433329710076,0.2816425622279637,0.8430182220430265,-0.7889199131766703,-0.7883309457282605,-0.816762264282441,-0.762654532428859,-0.7523789112605948,1.4969477452592466,0.0019960079840319,0.8197350489920274,-0.5380924867640637,500
Random_Promoter_DREAM_base_track_2,T04_observable_alignment_proxy,14221,0.6491104448680286,0.4449102527550926,0.337080594241646,0.805722764641018,-0.6636522217621026,-0.6641546831597173,-0.6881665678058857,-0.63815983356002,-0.6282589160119239,1.313265128027746,0.0019960079840319,0.791426403621979,-0.454345809380333,500
Random_Promoter_DREAM_base_track_5,T04_observable_alignment_proxy,14221,0.6491104448680286,0.4449102527550926,0.337080594241646,0.805722764641018,-0.6634955629821131,-0.6630080089395527,-0.6884993829554059,-0.636276800233951,-0.6196893326418786,1.3121184538075812,0.0019960079840319,0.7913594497215855,-0.4542788554799394,500
Random_Promoter_DREAM_base_track_2,T04_observable_alignment_proxy,14221,0.6491104448680286,0.4449102527550926,0.337080594241646,0.805722764641018,-0.6633327583303781,-0.6635908049770953,-0.6892494674667253,-0.6348013914538653,-0.6239048414941966,1.3127012498451238,0.0019960079840319,0.7911470200066546,-0.4540664257650085,500
Random_Promoter_DREAM_base_track_5,T04_observable_alignment_proxy,14221,0.6491104448680286,0.4449102527550926,0.337080594241646,0.805722764641018,-0.6639594842748524,-0.6647506864724226,-0.6907805344805249,-0.6360905648660294,-0.6185056667211764,1.3138611313404511,0.0019960079840319,0.7915086311643896,-0.4544280369227436,500
Random_Promoter_DREAM_base_track_2,T05_uncertainty_ensemble_proxy,14221,0.6487843460968599,0.4451169431391017,0.3373048735673999,0.805540677918495,-0.6667746370942357,-0.6667502632820522,-0.6948532056262112,-0.6400773024337957,-0.6230355620279404,1.3155346093789122,0.0019960079840319,0.7923242974156669,-0.4550194238482669,500
Random_Promoter_DREAM_base_track_5,T05_uncertainty_ensemble_proxy,14221,0.6487843460968599,0.4451169431391017,0.3373048735673999,0.805540677918495,-0.6659944131641441,-0.6651692871845131,-0.6927296425987668,-0.6403568733871757,-0.6289900524774081,1.3139536332813728,0.0019960079840319,0.7918111324473864,-0.4545062588799864,500
Random_Promoter_DREAM_base_track_2,T05_uncertainty_ensemble_proxy,14221,0.6487843460968599,0.4451169431391017,0.3373048735673999,0.805540677918495,-0.665924161329534,-0.6659631802120013,-0.6945016503149694,-0.6378411591792744,-0.6246751988620132,1.314747526308861,0.0019960079840319,0.7914248597515475,-0.4541199861841475,500
Random_Promoter_DREAM_base_track_5,T05_uncertainty_ensemble_proxy,14221,0.6487843460968599,0.4451169431391017,0.3373048735673999,0.805540677918495,-0.6666107652352213,-0.6666457407964157,-0.6916920282743767,-0.6404084872787454,-0.6280361200091777,1.3154300868932756,0.0019960079840319,0.7920718703650502,-0.4547669967976502,500
Random_Promoter_DREAM_base_track_2,M03_GC_length_multi_char6,14221,0.6426102146309117,0.449012324205538,0.3402868361727407,0.802085744441524,-0.6859452127717196,-0.6854625248805639,-0.7098406510625768,-0.6609495620206123,-0.6453879691249791,1.3280727395114758,0.0019960079840319,0.7962102593350541,-0.4559234231623133,500
Random_Promoter_DREAM_base_track_5,M03_GC_length_multi_char6,14221,0.6426102146309117,0.449012324205538,0.3402868361727407,0.802085744441524,-0.6860387097312372,-0.6855102371905695,-0.7137394614727064,-0.6601549805422146,-0.6375073740265809,1.3281204518214813,0.0019960079840319,0.7961531256250796,-0.4558662894523388,500
Random_Promoter_DREAM_base_track_2,M03_GC_length_multi_char6,14221,0.6426102146309117,0.449012324205538,0.3402868361727407,0.802085744441524,-0.6871327089161017,-0.6879620292749242,-0.7129895681591731,-0.6604105070853867,-0.6468402084175289,1.330572243905836,0.0019960079840319,0.7964251592759689,-0.4561383231032281,500
Random_Promoter_DREAM_base_track_5,M03_GC_length_multi_char6,14221,0.6426102146309117,0.449012324205538,0.3402868361727407,0.802085744441524,-0.6883190623483441,-0.6886208597279263,-0.7169809762824627,-0.6600271038853933,-0.6399670628738017,1.331231074358838,0.0019960079840319,0.796794611687323,-0.4565077755145822,500
Random_Promoter_DREAM_base_track_2,T04_observable_alignment_proxy,14221,0.6426102145208398,0.4490123242746834,0.3402868260292176,0.802085744441524,-0.6876003934987529,-0.6875259150325579,-0.7141245974024897,-0.6619646543725863,-0.6548338087212009,1.3301361295533978,0.0019960079840319,0.7964978726610911,-0.4562110466318734,500
Random_Promoter_DREAM_base_track_5,T04_observable_alignment_proxy,14221,0.6426102145208398,0.4490123242746834,0.3402868260292176,0.802085744441524,-0.6886592811048459,-0.6895010180638934,-0.7151705131390023,-0.6598234819338612,-0.6490225195264008,1.332111232584733,0.0019960079840319,0.7971168389635992,-0.4568300129343815,500
Random_Promoter_DREAM_base_track_2,T04_observable_alignment_proxy,14221,0.6426102145208398,0.4490123242746834,0.3402868260292176,0.802085744441524,-0.6880736465595162,-0.6884321617927067,-0.715221283169789,-0.6602332733983888,-0.6516941034249946,1.3310423763135466,0.0019960079840319,0.7966753361215339,-0.4563885100923162,500
Random_Promoter_DREAM_base_track_2,M11_multi_char6_residual_rescue,14221,0.6426101958379975,0.4490123360109257,0.3402804048315233,0.8020856407114698,-0.687620211259924,-0.6883543383865885,-0.712606315210994,-0.6612293206066573,-0.6502292653037758,1.3309645342245862,0.0019960079840319,0.7966371390595175,-0.4563567342279941,500
Random_Promoter_DREAM_base_track_5,M11_multi_char6_residual_rescue,14221,0.6426101958379975,0.4490123360109257,0.3402804048315233,0.8020856407114698,-0.6877642141824881,-0.6868326335475717,-0.7150628640686549,-0.660386339723508,-0.6460255547103189,1.3294428293855691,0.0019960079840319,0.7966410976781011,-0.4563606928465777,500
Random_Promoter_DREAM_base_track_2,M11_multi_char6_residual_rescue,14221,0.6426101958379975,0.4490123360109257,0.3402804048315233,0.8020856407114698,-0.6867244947685498,-0.6872462867826489,-0.7153547945627984,-0.6581549537974938,-0.6427518270544819,1.3298564826206465,0.0019960079840319,0.7963882965273381,-0.4561078916958148,500
Random_Promoter_DREAM_base_track_5,M11_multi_char6_residual_rescue,14221,0.6426101958379975,0.4490123360109257,0.3402804048315233,0.8020856407114698,-0.6877388794826647,-0.6870506152264113,-0.7152870947691904,-0.6612078644429612,-0.6527424707022484,1.3296608110644088,0.0019960079840319,0.7967993577741637,-0.4565189529426403,500
Random_Promoter_DREAM_base_track_2,T05_uncertainty_ensemble_proxy,14221,0.6421592096045672,0.4492955485389308,0.3405155110046822,0.801990445297013,-0.6961826770891307,-0.6965372956555078,-0.7210818552045467,-0.6708737891240942,-0.6571843516331404,1.338696505260075,0.0019960079840319,0.7984140331825068,-0.4578985221778245,500
Random_Promoter_DREAM_base_track_5,T05_uncertainty_ensemble_proxy,14221,0.6421592096045672,0.4492955485389308,0.3405155110046822,0.801990445297013,-0.6953426424329148,-0.695693403909291,-0.7220488330823241,-0.6669276238563414,-0.6497526788681576,1.3378526135138582,0.0019960079840319,0.7979889178305953,-0.4574734068259131,500
Random_Promoter_DREAM_base_track_2,T05_uncertainty_ensemble_proxy,14221,0.6421592096045672,0.4492955485389308,0.3405155110046822,0.801990445297013,-0.695991497079643,-0.6965820600285758,-0.7234943203711147,-0.6671487242528813,-0.6501116491034162,1.338741269633143,0.0019960079840319,0.7983535859758021,-0.4578380749711198,500
Random_Promoter_DREAM_base_track_9,T04_observable_alignment_proxy,4000,0.6126186643836083,0.4721022003351542,0.3602559585627627,0.7838535949867417,-0.6759496831462477,-0.675700968388336,-0.7286352577482131,-0.630329477321206,-0.606900561587199,1.2883196327719444,0.0019960079840319,0.8021025951220218,-0.441846636559259,500
Random_Promoter_DREAM_base_track_13,T04_observable_alignment_proxy,4000,0.6126186643836083,0.4721022003351542,0.3602559585627627,0.7838535949867417,-0.677203253958622,-0.6767501943602714,-0.7241557793079664,-0.631861946143879,-0.598905645847813,1.2893688587438796,0.0019960079840319,0.8023968415396526,-0.4421408829768898,500
Random_Promoter_DREAM_base_track_18,T04_observable_alignment_proxy,4000,0.6126186643836083,0.4721022003351542,0.3602559585627627,0.7838535949867417,-0.6750518522504962,-0.6736591588502161,-0.7304760136417376,-0.623878977063286,-0.5950537740885329,1.2862778232338243,0.0019960079840319,0.8013442302179358,-0.441088271655173,500
Random_Promoter_DREAM_base_track_9,T04_observable_alignment_proxy,4000,0.6126186643836083,0.4721022003351542,0.3602559585627627,0.7838535949867417,-0.6752402255157501,-0.6760772087222362,-0.7245197038752506,-0.6269731128933032,-0.5834069572113612,1.2886958731058449,0.0019960079840319,0.8018109558450865,-0.4415549972823238,500
Random_Promoter_DREAM_base_track_13,T04_observable_alignment_proxy,4000,0.6126186643836083,0.4721022003351542,0.3602559585627627,0.7838535949867417,-0.6775058795630475,-0.6784086790359537,-0.7301766558809837,-0.6286834365785304,-0.6015263567780258,1.291027343419562,0.0019960079840319,0.8026363118578321,-0.4423803532950693,500
Random_Promoter_DREAM_base_track_18,T04_observable_alignment_proxy,4000,0.6126186643836083,0.4721022003351542,0.3602559585627627,0.7838535949867417,-0.6768901099307082,-0.6764976635430329,-0.7271057007720025,-0.6280928711614729,-0.5886938791102088,1.289116327926641,0.0019960079840319,0.8024016355537631,-0.4421456769910003,500
Random_Promoter_DREAM_base_track_2,M10_char6_residual_rescue,14221,0.6080562159294933,0.4702178205303828,0.3659216426691862,0.7797956914133632,-0.6158994467008522,-0.6152694922572897,-0.6447655071382702,-0.5919274042055584,-0.5791499133650204,1.223325708186783,0.0019960079840319,0.7801745899139054,-0.4142529472447192,500
Random_Promoter_DREAM_base_track_5,M10_char6_residual_rescue,14221,0.6080562159294933,0.4702178205303828,0.3659216426691862,0.7797956914133632,-0.6164773817504362,-0.6161718367997812,-0.6425349439685486,-0.591182607986236,-0.5809267116906329,1.2242280527292744,0.0019960079840319,0.7803536580220806,-0.4144320153528943,500
Random_Promoter_DREAM_base_track_2,M10_char6_residual_rescue,14221,0.6080562159294933,0.4702178205303828,0.3659216426691862,0.7797956914133632,-0.6152741433566452,-0.6155525598969435,-0.6390635934943819,-0.5902728284111869,-0.5819021420040713,1.223608775826437,0.0019960079840319,0.7801499262876723,-0.4142282836184861,500
Random_Promoter_DREAM_base_track_5,M10_char6_residual_rescue,14221,0.6080562159294933,0.4702178205303828,0.3659216426691862,0.7797956914133632,-0.6155537188458226,-0.6155476244427851,-0.6398052725800905,-0.5914363013322734,-0.5776220163719277,1.2236038403722784,0.0019960079840319,0.7802185389187228,-0.4142968962495366,500
Random_Promoter_DREAM_base_track_2,M02_GC_length_char6,14221,0.6080532357599728,0.4702196081925552,0.365921939611661,0.7797937369176882,-0.6161560377043845,-0.6162039509492995,-0.6417452769131379,-0.5914625578216555,-0.5819932985496798,1.2242571867092722,0.0019960079840319,0.780233440808666,-0.414311501197005,500
Random_Promoter_DREAM_base_track_5,M02_GC_length_char6,14221,0.6080532357599728,0.4702196081925552,0.365921939611661,0.7797937369176882,-0.6157036530147092,-0.6151106068298055,-0.643012707642733,-0.5907065744197922,-0.5774160409037379,1.2231638425897784,0.0019960079840319,0.7800540811716674,-0.4141321415600064,500
Random_Promoter_DREAM_base_track_2,M02_GC_length_char6,14221,0.6080532357599728,0.4702196081925552,0.365921939611661,0.7797937369176882,-0.613915030207007,-0.6142965635109209,-0.637073029037474,-0.588311147384862,-0.5750773583381126,1.2223497992708938,0.0019960079840319,0.7798477061935025,-0.4139257665818415,500
Random_Promoter_DREAM_base_track_5,M02_GC_length_char6,14221,0.6080532357599728,0.4702196081925552,0.365921939611661,0.7797937369176882,-0.6149027061994304,-0.6145465003766885,-0.6406725959362732,-0.588984489108107,-0.5728129552100252,1.2225997361366612,0.0019960079840319,0.7799807577699807,-0.4140588181583197,500
Random_Promoter_DREAM_base_track_9,T05_uncertainty_ensemble_proxy,4000,0.6067807281123221,0.4756462485728087,0.3624811406166167,0.780850060543473,-0.6926899477560525,-0.6922445674966844,-0.7449807658489307,-0.6431188931390905,-0.6173862113080526,1.2990252956090065,0.0019960079840319,0.8056147028532632,-0.4431335622366465,500
Random_Promoter_DREAM_base_track_13,T05_uncertainty_ensemble_proxy,4000,0.6067807281123221,0.4756462485728087,0.3624811406166167,0.780850060543473,-0.6902643392108438,-0.689466797284045,-0.742461518985403,-0.6405632800594323,-0.6202259356670201,1.296247525396367,0.0019960079840319,0.8045169438389149,-0.4420358032222982,500
Random_Promoter_DREAM_base_track_18,T05_uncertainty_ensemble_proxy,4000,0.6067807281123221,0.4756462485728087,0.3624811406166167,0.780850060543473,-0.6911174215109657,-0.6905365248017461,-0.7455290643187822,-0.6401212700389797,-0.6020098590420169,1.2973172529140682,0.0019960079840319,0.8050143124747052,-0.4425331718580885,500
Random_Promoter_DREAM_base_track_9,T05_uncertainty_ensemble_proxy,4000,0.6067807281123221,0.4756462485728087,0.3624811406166167,0.780850060543473,-0.6911663514081842,-0.6913665944835468,-0.7366867360685565,-0.6372361224199757,-0.6013271759922962,1.2981473225958688,0.0019960079840319,0.8052982774735339,-0.4428171368569172,500
Random_Promoter_DREAM_base_track_13,T05_uncertainty_ensemble_proxy,4000,0.6067807281123221,0.4756462485728087,0.3624811406166167,0.780850060543473,-0.693491903554187,-0.6940950903901273,-0.7442756645373048,-0.6411084677477361,-0.6138035890965325,1.3008758185024494,0.0019960079840319,0.8052024185440603,-0.4427212779274436,500
Random_Promoter_DREAM_base_track_18,T05_uncertainty_ensemble_proxy,4000,0.6067807281123221,0.4756462485728087,0.3624811406166167,0.780850060543473,-0.6914108520837133,-0.6904686499908397,-0.7411851337643672,-0.6413968241177067,-0.6216844268633441,1.2972493781031618,0.0019960079840319,0.8051827376093194,-0.4427015969927027,500
Random_Promoter_DREAM_base_track_9,M02_GC_length_char6,4000,0.603727945392557,0.4774890337297204,0.3736458860602733,0.7772718038202533,-0.5995682109477327,-0.5987152976981915,-0.6486847487813063,-0.5485072577145457,-0.5278175076833249,1.2024432430907486,0.0019960079840319,0.785125020497677,-0.4114791344374036,500
Random_Promoter_DREAM_base_track_13,M02_GC_length_char6,4000,0.603727945392557,0.4774890337297204,0.3736458860602733,0.7772718038202533,-0.6022698204098131,-0.6017460033265827,-0.6478024889081145,-0.5561088218877717,-0.5363099436091618,1.2054739487191397,0.0019960079840319,0.7857024913724482,-0.4120566053121748,500
Random_Promoter_DREAM_base_track_18,M02_GC_length_char6,4000,0.603727945392557,0.4774890337297204,0.3736458860602733,0.7772718038202533,-0.5991512688294647,-0.5990044192681104,-0.6476068768800076,-0.5527323250506447,-0.5240576461751618,1.2027323646606676,0.0019960079840319,0.7854453274385753,-0.411799441378302,500
Random_Promoter_DREAM_base_track_9,M02_GC_length_char6,4000,0.603727945392557,0.4774890337297204,0.3736458860602733,0.7772718038202533,-0.6006294848297659,-0.6009359085420397,-0.6451724851089533,-0.5515917157092309,-0.514415110416083,1.2046638539345969,0.0019960079840319,0.7855421518394725,-0.4118962657791992,500
Random_Promoter_DREAM_base_track_13,M02_GC_length_char6,4000,0.603727945392557,0.4774890337297204,0.3736458860602733,0.7772718038202533,-0.600392401665806,-0.6020466563179735,-0.6466389722428834,-0.550733331828454,-0.5191766416102499,1.2057746017105306,0.0019960079840319,0.785202488703207,-0.4115566026429336,500
Random_Promoter_DREAM_base_track_18,M02_GC_length_char6,4000,0.603727945392557,0.4774890337297204,0.3736458860602733,0.7772718038202533,-0.6004558341608429,-0.6002495251264187,-0.6537501975073716,-0.5524752136252858,-0.5326370197174177,1.203977470518976,0.0019960079840319,0.7851333854531635,-0.4114874993928901,500
Random_Promoter_DREAM_base_track_9,M10_char6_residual_rescue,4000,0.6037213274262423,0.4774930208808591,0.3736498388593427,0.7772673038973201,-0.599016195860621,-0.6001737639711446,-0.6449868969111652,-0.5444930489405696,-0.5210576152102557,1.203895091397387,0.0019960079840319,0.7852026187824022,-0.4115527799230594,500
Random_Promoter_DREAM_base_track_13,M10_char6_residual_rescue,4000,0.6037213274262423,0.4774930208808591,0.3736498388593427,0.7772673038973201,-0.5967553389953976,-0.5953299544365389,-0.6478742444196415,-0.55299536143236,-0.5109108371364122,1.1990512818627812,0.0019960079840319,0.7838224792236195,-0.4101726403642767,500
Random_Promoter_DREAM_base_track_18,M10_char6_residual_rescue,4000,0.6037213274262423,0.4774930208808591,0.3736498388593427,0.7772673038973201,-0.6006214208912807,-0.6006946542138802,-0.6472702745421945,-0.5532355769495267,-0.5412273360992614,1.2044159816401223,0.0019960079840319,0.7854990238875068,-0.4118491850281641,500
Random_Promoter_DREAM_base_track_9,M10_char6_residual_rescue,4000,0.6037213274262423,0.4774930208808591,0.3736498388593427,0.7772673038973201,-0.599597770814405,-0.5998743602860891,-0.6459512608211974,-0.5522867829104314,-0.5266077699958991,1.2035956877123315,0.0019960079840319,0.7845671110213159,-0.4109172721619732,500
Random_Promoter_DREAM_base_track_13,M10_char6_residual_rescue,4000,0.6037213274262423,0.4774930208808591,0.3736498388593427,0.7772673038973201,-0.6004946829529428,-0.6010317509781568,-0.6462916302116392,-0.5485799869183587,-0.5180549138025763,1.2047530784043992,0.0019960079840319,0.7854066276629299,-0.4117567888035872,500
Random_Promoter_DREAM_base_track_18,M10_char6_residual_rescue,4000,0.6037213274262423,0.4774930208808591,0.3736498388593427,0.7772673038973201,-0.6005346168977702,-0.6019660312193995,-0.6481356134490173,-0.5513534435330105,-0.5214196349292615,1.2056873586456418,0.0019960079840319,0.785623322855342,-0.4119734839959992,500
Random_Promoter_DREAM_base_track_2,M04_GC_length_windowed_char6,14221,0.5050282102399002,0.5284177741705988,0.4107765944176721,0.7107162926724532,-0.5175652208528215,-0.5168679223603769,-0.5387610803096875,-0.4954792384760428,-0.4756995489941467,1.0218961326002771,0.0019960079840319,0.7595457479639096,-0.3487691535462375,500
Random_Promoter_DREAM_base_track_5,M04_GC_length_windowed_char6,14221,0.5050282102399002,0.5284177741705988,0.4107765944176721,0.7107162926724532,-0.5177269207155099,-0.517772605875623,-0.5422155020707821,-0.4956408337751561,-0.4822065475640058,1.022800816115523,0.0019960079840319,0.7598886515329666,-0.3491120571152944,500
Random_Promoter_DREAM_base_track_2,M04_GC_length_windowed_char6,14221,0.5050282102399002,0.5284177741705988,0.4107765944176721,0.7107162926724532,-0.5174803936892666,-0.5176097867727274,-0.5444227729183096,-0.4906630201302446,-0.47857296078003,1.0226379970126276,0.0019960079840319,0.7596858519450881,-0.348909257527416,500
Random_Promoter_DREAM_base_track_5,M04_GC_length_windowed_char6,14221,0.5050282102399002,0.5284177741705988,0.4107765944176721,0.7107162926724532,-0.5179593545182618,-0.5180024912149938,-0.5410233192581411,-0.4942407901999236,-0.4858825354512071,1.023030701454894,0.0019960079840319,0.7598147980353323,-0.3490382036176601,500
Random_Promoter_DREAM_base_track_2,M05_GC_length_windowed_multi_char6,14221,0.5017951537033952,0.5301407247599423,0.3930136888514911,0.7116706942072824,-0.6091077688651887,-0.609325428097509,-0.6332077474319714,-0.5831924042697331,-0.5661815985355731,1.1111205818009042,0.0019960079840319,0.7759925111668096,-0.3829788223153184,500
Random_Promoter_DREAM_base_track_5,M05_GC_length_windowed_multi_char6,14221,0.5017951537033952,0.5301407247599423,0.3930136888514911,0.7116706942072824,-0.6081625600878126,-0.6077729226078114,-0.6329928019347236,-0.5831758105507459,-0.5707949089323221,1.1095680763112066,0.0019960079840319,0.7759933172496738,-0.3829796283981826,500
Random_Promoter_DREAM_base_track_2,M05_GC_length_windowed_multi_char6,14221,0.5017951537033952,0.5301407247599423,0.3930136888514911,0.7116706942072824,-0.6087164980122154,-0.6088466108038676,-0.6325286030227042,-0.5847115052510823,-0.5716321364736467,1.1106417645072628,0.0019960079840319,0.7762410336806325,-0.3832273448291413,500
Random_Promoter_DREAM_base_track_5,M05_GC_length_windowed_multi_char6,14221,0.5017951537033952,0.5301407247599423,0.3930136888514911,0.7116706942072824,-0.6083357607599749,-0.6081574672449578,-0.635560007688141,-0.585636899601347,-0.5740164011142197,1.109952620948353,0.0019960079840319,0.7760215624999116,-0.3830078736484205,500
Random_Promoter_DREAM_base_track_9,M04_GC_length_windowed_char6,4000,0.4831873885589303,0.5452971526100435,0.4247133085333199,0.6959519511592765,-0.4868658749738946,-0.4870003708230482,-0.5315886777494301,-0.445240432299777,-0.4295737157463686,0.9701877593819784,0.0019960079840319,0.7611699860823591,-0.3364566775490391,500
Random_Promoter_DREAM_base_track_13,M04_GC_length_windowed_char6,4000,0.4831873885589303,0.5452971526100435,0.4247133085333199,0.6959519511592765,-0.4886406232432799,-0.4892536065082915,-0.5305159644469182,-0.4453085013781579,-0.4258137852983512,0.9724409950672218,0.0019960079840319,0.7620701145049893,-0.3373568059716693,500
Random_Promoter_DREAM_base_track_18,M04_GC_length_windowed_char6,4000,0.4831873885589303,0.5452971526100435,0.4247133085333199,0.6959519511592765,-0.4886238613532704,-0.4883517333890201,-0.5328227716645171,-0.4427722952418657,-0.4126412704165019,0.9715391219479504,0.0019960079840319,0.7618334689397159,-0.337120160406396,500
Random_Promoter_DREAM_base_track_9,M04_GC_length_windowed_char6,4000,0.4831873885589303,0.5452971526100435,0.4247133085333199,0.6959519511592765,-0.4903230740572847,-0.4894132207953178,-0.5364486277060654,-0.4452506700318095,-0.4296040093021913,0.972600609354248,0.0019960079840319,0.7624703094586324,-0.3377570009253124,500
Random_Promoter_DREAM_base_track_13,M04_GC_length_windowed_char6,4000,0.4831873885589303,0.5452971526100435,0.4247133085333199,0.6959519511592765,-0.489597137840452,-0.4896149511386444,-0.5311062570969133,-0.4478883996352267,-0.425281471724735,0.9728023396975748,0.0019960079840319,0.762367355722029,-0.337654047188709,500
Random_Promoter_DREAM_base_track_18,M04_GC_length_windowed_char6,4000,0.4831873885589303,0.5452971526100435,0.4247133085333199,0.6959519511592765,-0.4874851428894364,-0.4872628801037552,-0.5274994328984399,-0.443496002375801,-0.4330527152384125,0.9704502686626856,0.0019960079840319,0.7616505276127743,-0.3369372190794543,500
PARM_GSE301246_held_out_context_track,T05_uncertainty_ensemble_proxy,1500,0.3955993351255746,49.56370603960792,28.49090057274019,0.7063706633273776,-0.9668473839312764,-0.9723221247305436,-1.0490141844243766,-0.859526569714058,-0.7939206132697318,1.3679214598561185,0.0019960079840319,51.17810675958093,-22.687206186840736,500
PARM_GSE301246_held_out_context_track,T05_uncertainty_ensemble_proxy,1500,0.3955993351255746,49.56370603960792,28.49090057274019,0.7063706633273776,-0.9684887995114168,-0.97261701709987,-1.0537787402826178,-0.8724438444140488,-0.8036839567218272,1.368216352225445,0.0019960079840319,51.157357199810086,-22.66645662706989,500
PARM_GSE301246_held_out_context_track,T04_observable_alignment_proxy,1500,0.3933334191062944,49.65652702584338,28.259495243014257,0.7083052881496061,-0.986804632146697,-0.9908151544247192,-1.0666524296259738,-0.8793624637057446,-0.8380794455908174,1.3841485735310135,0.0019960079840319,51.07697600141837,-22.81748075840412,500
PARM_GSE301246_held_out_context_track,T04_observable_alignment_proxy,1500,0.3933334191062944,49.65652702584338,28.259495243014257,0.7083052881496061,-0.9848451729969464,-0.9892796663923592,-1.0708579311520623,-0.8727587096590896,-0.7287873631549717,1.3826130854986536,0.0019960079840319,51.11722091769135,-22.85772567467709,500
PARM_GSE301246_held_out_context_track,M06_GC_length_condition_gated_char6,1500,0.3665645738506583,50.74023567525074,29.11228428610956,0.6141029858433277,-0.4302269884784993,-0.4317001806163608,-0.4958197746465401,-0.357942266114684,-0.2810525917001905,0.7982647544670192,0.0019960079840319,44.42327566935872,-15.31099138324916,500
PARM_GSE301246_held_out_context_track,M06_GC_length_condition_gated_char6,1500,0.3665645738506583,50.74023567525074,29.11228428610956,0.6141029858433277,-0.4311467833085474,-0.4344972707278905,-0.4947417116863706,-0.3596496683057006,-0.2910044013277175,0.8010618445785489,0.0019960079840319,44.49356086909811,-15.381276582988557,500
PARM_GSE301246_held_out_context_track,M07_GC_length_condition_gated_multi_char6,1500,0.3634399754727194,50.8652269671606,28.19536013872824,0.6916486252480782,-0.9983481051462904,-1.002737971825862,-1.0892908177428702,-0.886713869212279,-0.8030518458867608,1.366177947298581,0.0019960079840319,51.805794133245456,-23.610433994517216,500
PARM_GSE301246_held_out_context_track,M07_GC_length_condition_gated_multi_char6,1500,0.3634399754727194,50.8652269671606,28.19536013872824,0.6916486252480782,-0.9956560030129964,-1.0007477752895526,-1.0876697807321083,-0.8777515852972133,-0.7895830416965361,1.3641877507622722,0.0019960079840319,51.75986381106662,-23.564503672338383,500
PARM_GSE301246_held_out_context_track,M03_GC_length_multi_char6,1500,0.3470323522715148,51.51659349594572,27.96151988474528,0.7182572408929564,-1.161970696219241,-1.1651813082791689,-1.2489345053036556,-1.044279650742143,-0.8971775809637141,1.5122136605506835,0.0019960079840319,52.88518538665771,-24.92366550191243,500
PARM_GSE301246_held_out_context_track,M09_dynamic_condition_weighted_multi_char6,1500,0.3470323522715148,51.51659349594572,27.96151988474528,0.7182572408929564,-1.156642660478449,-1.1599263162058064,-1.255905572268741,-1.0336903437828298,-0.9597633895894429,1.5069586684773213,0.0019960079840319,52.819593015035,-24.85807313028972,500
PARM_GSE301246_held_out_context_track,M12_dynamic_multi_char6_residual_rescue,1500,0.3470323522715148,51.51659349594572,27.96151988474528,0.7182572408929564,-1.1566644887451136,-1.158993310806429,-1.250650374049573,-1.0382104375751091,-0.9860919328071128,1.5060256630779438,0.0019960079840319,52.87847158304851,-24.91695169830323,500
PARM_GSE301246_held_out_context_track,T04_observable_alignment_proxy,1500,0.3470323522715148,51.51659349594572,27.96151988474528,0.7182572408929564,-1.1566920364097342,-1.1645482347544296,-1.2427502418001382,-1.0359285076221671,-0.9417960226172676,1.5115805870259444,0.0019960079840319,52.83520464324951,-24.873684758504236,500
PARM_GSE301246_held_out_context_track,M03_GC_length_multi_char6,1500,0.3470323522715148,51.51659349594572,27.96151988474528,0.7182572408929564,-1.156995481628106,-1.1615926293218235,-1.260856683822674,-1.0343340696149952,-0.9830935242891524,1.5086249815933384,0.0019960079840319,52.76314524078369,-24.80162535603841,500
PARM_GSE301246_held_out_context_track,M09_dynamic_condition_weighted_multi_char6,1500,0.3470323522715148,51.51659349594572,27.96151988474528,0.7182572408929564,-1.1606842027208608,-1.1657544077183557,-1.2483030331303664,-1.0467033024245105,-0.9638652909696548,1.5127867599898703,0.0019960079840319,52.92476903279622,-24.96324914805094,500
PARM_GSE301246_held_out_context_track,M12_dynamic_multi_char6_residual_rescue,1500,0.3470323522715148,51.51659349594572,27.96151988474528,0.7182572408929564,-1.157765447858899,-1.1647404147765277,-1.2527455845005788,-1.0412276796661233,-0.990706313097049,1.5117727670480423,0.0019960079840319,52.85061242930095,-24.889092544555663,500
PARM_GSE301246_held_out_context_track,T04_observable_alignment_proxy,1500,0.3470323522715148,51.51659349594572,27.96151988474528,0.7182572408929564,-1.1574622829405603,-1.1624282800342105,-1.248626396284063,-1.0371815571374907,-0.9919538168108556,1.5094606323057251,0.0019960079840319,52.82309191640218,-24.861572031656905,500
PARM_GSE301246_held_out_context_track,M11_multi_char6_residual_rescue,1500,0.3469072447682811,51.52152850591229,27.964462884853283,0.7182426159494286,-1.1655121101605828,-1.165585321194466,-1.2635117371895423,-1.05692987819496,-0.9838165669243526,1.5124925659627473,0.0019960079840319,52.90512854800622,-24.94066566315293,500
PARM_GSE301246_held_out_context_track,M11_multi_char6_residual_rescue,1500,0.3469072447682811,51.52152850591229,27.964462884853283,0.7182426159494286,-1.159775184655173,-1.1639610051386815,-1.2545485549538018,-1.0386670885009046,-0.9137891549103474,1.510868249906963,0.0019960079840319,52.85967690852284,-24.89521402366956,500
PARM_GSE301246_held_out_context_track,M05_GC_length_windowed_multi_char6,1500,0.3304779357972504,52.16554544415463,30.29768297576904,0.7043070535254614,-1.1225546889683888,-1.1245188452083517,-1.2111841905832297,-1.0170232763590457,-0.9364137173950348,1.454996781005602,0.0019960079840319,53.04051586405436,-22.742832888285317,500
PARM_GSE301246_held_out_context_track,M05_GC_length_windowed_multi_char6,1500,0.3304779357972504,52.16554544415463,30.29768297576904,0.7043070535254614,-1.1165146794967444,-1.1229207893556652,-1.2015908094877348,-1.0015352019062096,-0.9434278247589968,1.4533987251529157,0.0019960079840319,52.98603405761719,-22.688351081848147,500
Random_Promoter_DREAM_base_track_15,M10_char6_residual_rescue,20000,0.320545818324344,1.9648437830654275,1.5113211691004735,0.5661932178878042,-0.3157075211093756,-0.3157335412340448,-0.3300701618058652,-0.3008837066506118,-0.2936457958232397,0.6362793595583889,0.0019960079840319,2.16472527023098,-0.6534041011305061,500
Random_Promoter_DREAM_base_track_15,M10_char6_residual_rescue,20000,0.320545818324344,1.9648437830654275,1.5113211691004735,0.5661932178878042,-0.3162335542472095,-0.3162020181565774,-0.3316017451294553,-0.3016776416407322,-0.2942841952015074,0.6367478364809215,0.0019960079840319,2.165595630795764,-0.6542744616952902,500
Random_Promoter_DREAM_base_track_15,M02_GC_length_char6,20000,0.3205455741621432,1.964844136099195,1.5113036307839136,0.5661931007431557,-0.3161500908308269,-0.3160692497940551,-0.3309327977373506,-0.3011727159666217,-0.2937544022431768,0.6366148239561984,0.0019960079840319,2.1654265559972714,-0.6541229252133578,500
Random_Promoter_DREAM_base_track_15,M02_GC_length_char6,20000,0.3205455741621432,1.964844136099195,1.5113036307839136,0.5661931007431557,-0.3154031534767685,-0.3151887899484642,-0.3306597106839868,-0.3002656037131612,-0.2921490749284172,0.6357343641106075,0.0019960079840319,2.164198461515412,-0.6528948307314983,500
Random_Promoter_DREAM_base_track_4,M03_GC_length_multi_char6,30000,0.3175354777944533,1.9683506599580047,1.5148833468772345,0.5636764975529713,-0.3340472043714791,-0.3338241928487626,-0.3470221703200387,-0.3206385246734771,-0.3147578640715691,0.651359670643216,0.0019960079840319,2.18010954548265,-0.6652261986054155,500
Random_Promoter_DREAM_base_track_4,M03_GC_length_multi_char6,30000,0.3175354777944533,1.9683506599580047,1.5148833468772345,0.5636764975529713,-0.3338768798298026,-0.3342352461698304,-0.3465631492865837,-0.3199902982705002,-0.3149380878400867,0.6517707239642838,0.0019960079840319,2.180180338635153,-0.6652969917579183,500
Random_Promoter_DREAM_base_track_4,T04_observable_alignment_proxy,30000,0.3175354776372318,1.9683506601847327,1.514883347488906,0.5636764975529713,-0.3335618968802279,-0.3333882674198379,-0.3463602082218911,-0.3205756137664213,-0.3141551438050338,0.6509237450570697,0.0019960079840319,2.1797956078446594,-0.6649122603557533,500
Random_Promoter_DREAM_base_track_4,M11_multi_char6_residual_rescue,30000,0.3175264495354303,1.9683636794778896,1.514915375981467,0.5636698149054528,-0.3334623799047667,-0.3331603326843964,-0.345832113539457,-0.3201438123915221,-0.31514778730262,0.6506867822198267,0.0019960079840319,2.1794885562852304,-0.6645731803037633,500
Random_Promoter_DREAM_base_track_4,M11_multi_char6_residual_rescue,30000,0.3175264495354303,1.9683636794778896,1.514915375981467,0.5636698149054528,-0.3333174705395594,-0.3332667117336476,-0.3474481284796235,-0.3196216011964116,-0.3141973139901359,0.6507931612690779,0.0019960079840319,2.179521915713958,-0.6646065397324907,500
Random_Promoter_DREAM_base_track_4,M02_GC_length_char6,30000,0.3167703447088233,1.969453741716181,1.515010518643476,0.5628276788149368,-0.3147118015006275,-0.3149689960703741,-0.3273553276696172,-0.3018877588055564,-0.2911547845143323,0.6317393407791975,0.0019960079840319,2.1623231191579926,-0.6473126005145167,500
Random_Promoter_DREAM_base_track_4,M02_GC_length_char6,30000,0.3167703447088233,1.969453741716181,1.515010518643476,0.5628276788149368,-0.3145778547284242,-0.314785929219689,-0.3276796569615263,-0.3014567073448194,-0.2955486846849506,0.6315562739285124,0.0019960079840319,2.162284016784061,-0.647273498140585,500
Random_Promoter_DREAM_base_track_4,M10_char6_residual_rescue,30000,0.3167561390079511,1.9694742160362688,1.515047109221273,0.5628147050970322,-0.3147220344069051,-0.3151054806249006,-0.3271418768948276,-0.3017997519495466,-0.2941666049498355,0.6318616196328517,0.0019960079840319,2.162738454580963,-0.6476913453596902,500
Random_Promoter_DREAM_base_track_4,M10_char6_residual_rescue,30000,0.3167561390079511,1.9694742160362688,1.515047109221273,0.5628147050970322,-0.3148991650404036,-0.3146585864888829,-0.3290616337419955,-0.3026357783771943,-0.2969699854806567,0.631414725496834,0.0019960079840319,2.162801028517872,-0.6477539192965986,500
Random_Promoter_DREAM_base_track_4,T05_uncertainty_ensemble_proxy,30000,0.3165689948428498,1.969743922354639,1.516104900421284,0.5629030852779559,-0.3365359309553267,-0.3363638118989351,-0.3493258092423281,-0.3237607105489788,-0.3172820937915268,0.652932806741785,0.0019960079840319,2.1821293044534293,-0.6660244040321452,500
Random_Promoter_DREAM_base_track_8,M02_GC_length_char6,4000,0.3153915598886738,1.9885948295989324,1.513818316347978,0.5617243902403569,-0.3269147191046342,-0.3264523423752948,-0.3612355748538107,-0.2916822875934451,-0.2761439854503598,0.6418439022639687,0.0019960079840319,2.1832832904551327,-0.6694649741071546,500
Random_Promoter_DREAM_base_track_8,M02_GC_length_char6,4000,0.3153915598886738,1.9885948295989324,1.513818316347978,0.5617243902403569,-0.327926893949072,-0.3284089030178768,-0.3610701892001212,-0.2922872151643866,-0.2758925913674037,0.6438004629065507,0.0019960079840319,2.186294124756475,-0.672475808408497,500
Random_Promoter_DREAM_base_track_8,M10_char6_residual_rescue,4000,0.3153886942095758,1.988598991590182,1.5138091346100786,0.5617220300855524,-0.3293656411921457,-0.3294494060793617,-0.3648055442400988,-0.2915651550833912,-0.2704562195885194,0.6448381002889375,0.0019960079840319,2.187440596903184,-0.6736314622931048,500
Random_Promoter_DREAM_base_track_8,M10_char6_residual_rescue,4000,0.3153886942095758,1.988598991590182,1.5138091346100786,0.5617220300855524,-0.3276098641564853,-0.3270730670554947,-0.3665604060352157,-0.2924886326840507,-0.2781081566421948,0.6424617612650706,0.0019960079840319,2.183881772012384,-0.6700726374023052,500
Random_Promoter_DREAM_base_track_15,M11_multi_char6_residual_rescue,20000,0.3144856772175982,1.9735866814888856,1.5194734552550468,0.5614195826176511,-0.3461096623348032,-0.3461148637846858,-0.3637913016008976,-0.3286892097752881,-0.3200453704081725,0.660600541002284,0.0019960079840319,2.1897691386107176,-0.6702956833556708,500
Random_Promoter_DREAM_base_track_15,M11_multi_char6_residual_rescue,20000,0.3144856772175982,1.9735866814888856,1.5194734552550468,0.5614195826176511,-0.3459709502033609,-0.3461147542499223,-0.362573227572368,-0.3285668905076456,-0.3236392210178276,0.6606004314675206,0.0019960079840319,2.189947962514766,-0.6704745072597198,500
Random_Promoter_DREAM_base_track_15,M03_GC_length_multi_char6,20000,0.3144795894940749,1.9735954447072408,1.519479135696903,0.5614135339287182,-0.3455926935562526,-0.3455531628264652,-0.360206585699574,-0.3302143239615292,-0.321549593597692,0.6600327523205402,0.0019960079840319,2.1890720434827218,-0.6695929077858187,500
Random_Promoter_DREAM_base_track_15,M03_GC_length_multi_char6,20000,0.3144795894940749,1.9735954447072408,1.519479135696903,0.5614135339287182,-0.3455062831428834,-0.3455243007003657,-0.3619414226900954,-0.3296687988972025,-0.3196073321282953,0.6600038901944407,0.0019960079840319,2.1890264966949573,-0.6695473609980542,500
Random_Promoter_DREAM_base_track_15,T04_observable_alignment_proxy,20000,0.3144795859183651,1.9735954498544288,1.5194791416091484,0.5614135339287182,-0.3456952714682282,-0.34561515345334,-0.360853474615363,-0.3293692455974576,-0.320059986226638,0.6600947393717052,0.0019960079840319,2.189486851240197,-0.6700077096310486,500
Random_Promoter_DREAM_base_track_7,M02_GC_length_char6,30000,0.3132786613668639,1.9586800864350415,1.5083608192607936,0.5597548107985778,-0.3208750005705322,-0.3208576254932436,-0.3348745819422184,-0.3069105755582811,-0.2999310367854855,0.6341362868601075,0.0019960079840319,2.1507285957407927,-0.6423677764799991,500
Random_Promoter_DREAM_base_track_7,M02_GC_length_char6,30000,0.3132786613668639,1.9586800864350415,1.5083608192607936,0.5597548107985778,-0.3208452733745646,-0.3208263371560367,-0.3328412711801436,-0.3066618625714667,-0.300780473836314,0.6341049985229006,0.0019960079840319,2.150844388328346,-0.6424835690675526,500
Random_Promoter_DREAM_base_track_7,M10_char6_residual_rescue,30000,0.3132754721102775,1.958684634659891,1.5083602801144722,0.5597520984148469,-0.3204063622746694,-0.3199225838766303,-0.3337319863561818,-0.3075846457059937,-0.2994787686438482,0.6331980559869078,0.0019960079840319,2.1503732439960546,-0.6420129638815824,500
Random_Promoter_DREAM_base_track_7,M10_char6_residual_rescue,30000,0.3132754721102775,1.958684634659891,1.5083602801144722,0.5597520984148469,-0.3211691666534397,-0.3209984269186688,-0.3330373958557215,-0.3086471787122973,-0.3045856927667512,0.6342738990289464,0.0019960079840319,2.1508547726314986,-0.6424944925170264,500
Random_Promoter_DREAM_base_track_10,M10_char6_residual_rescue,20000,0.3130507169445702,1.9575590220702312,1.4986504534286167,0.5597813897771549,-0.3117862520031845,-0.3117798289462414,-0.3270329454261678,-0.2982506109803061,-0.2941461047236109,0.6248305458908117,0.0019960079840319,2.13038334575998,-0.6317328923313632,500
Random_Promoter_DREAM_base_track_10,M10_char6_residual_rescue,20000,0.3130507169445702,1.9575590220702312,1.4986504534286167,0.5597813897771549,-0.3121932244676537,-0.3122204032792299,-0.326653212348161,-0.2963986884932986,-0.2915529457868733,0.6252711202238002,0.0019960079840319,2.1307618938668904,-0.6321114404382737,500
Random_Promoter_DREAM_base_track_10,M02_GC_length_char6,20000,0.3130480634266518,1.9575628028536551,1.4986458406489993,0.5597795365902012,-0.3123665133203135,-0.3121442026824195,-0.3281639001358518,-0.2972007842290918,-0.2903808147558855,0.6251922661090713,0.0019960079840319,2.131073054001833,-0.6324272133528333,500
Random_Promoter_DREAM_base_track_10,M02_GC_length_char6,20000,0.3130480634266518,1.9575628028536551,1.4986458406489993,0.5597795365902012,-0.3119729096740493,-0.3120830429389738,-0.3280896633789275,-0.2963580688424966,-0.2890317953714061,0.6251311063656256,0.0019960079840319,2.130920897519147,-0.6322750568701478,500
Random_Promoter_DREAM_base_track_15,T05_uncertainty_ensemble_proxy,20000,0.3128418051431451,1.9759516075527384,1.5209859031435875,0.5602875343365088,-0.3518903350112858,-0.3516672536860639,-0.3678392368277822,-0.3356502688430847,-0.3302533283925661,0.664509058829209,0.0019960079840319,2.194150228968449,-0.6731643258248616,500
Random_Promoter_DREAM_base_track_7,M11_multi_char6_residual_rescue,30000,0.3114746142561986,1.9612511682529328,1.5101503615954657,0.558573009985613,-0.3379162090604495,-0.3378446672237305,-0.3512512503262365,-0.3238707429011652,-0.3162814157744942,0.6493192814799291,0.0019960079840319,2.166263295393434,-0.6561129337979685,500
Random_Promoter_DREAM_base_track_7,M11_multi_char6_residual_rescue,30000,0.3114746142561986,1.9612511682529328,1.5101503615954657,0.558573009985613,-0.3380962482016071,-0.3380489984254908,-0.3516651760908788,-0.3247541779903453,-0.3203168100834794,0.6495236126816895,0.0019960079840319,2.1669178337452006,-0.6567674721497352,500
Random_Promoter_DREAM_base_track_7,M03_GC_length_multi_char6,30000,0.3114724945595489,1.961254187207947,1.5101527317940333,0.5585709074155543,-0.338052366974414,-0.3382201182486087,-0.3519932834702008,-0.325089496308011,-0.3143296278697136,0.6496926128081577,0.0019960079840319,2.166540130753284,-0.6563873989592504,500
Random_Promoter_DREAM_base_track_7,M03_GC_length_multi_char6,30000,0.3114724945595489,1.961254187207947,1.5101527317940333,0.5585709074155543,-0.3384159704927366,-0.3384307443846164,-0.3508359581477627,-0.3266517517825283,-0.3198550059574407,0.6499032389441654,0.0019960079840319,2.1664613976479377,-0.6563086658539043,500
Random_Promoter_DREAM_base_track_7,T04_observable_alignment_proxy,30000,0.3114724945542145,1.961254187215545,1.5101527318477763,0.5585709074155545,-0.337890593720371,-0.3382368403128968,-0.3523684914337663,-0.3238988272438317,-0.3141783018834418,0.6497093348671114,0.0019960079840319,2.166662572117323,-0.6565098402695464,500
Random_Promoter_DREAM_base_track_3,M02_GC_length_char6,30000,0.311006647417495,1.964835705744804,1.5171071255804625,0.5576883047331529,-0.3137448061868811,-0.3141010398347564,-0.3261380241006223,-0.3016601212266705,-0.2976739044886067,0.6251076872522515,0.0019960079840319,2.15314900750895,-0.6360418819284874,500
Random_Promoter_DREAM_base_track_3,M02_GC_length_char6,30000,0.311006647417495,1.964835705744804,1.5171071255804625,0.5576883047331529,-0.3145384000994703,-0.3146294055332389,-0.3266667611034078,-0.3023464817115983,-0.2967109800757967,0.625636052950734,0.0019960079840319,2.153702717896404,-0.6365955923159412,500
Random_Promoter_DREAM_base_track_3,M10_char6_residual_rescue,30000,0.3109580387578382,1.9649050143566171,1.5171641173675898,0.5576446250156001,-0.3140230927047324,-0.3139613112184928,-0.3267715152500083,-0.301139841256998,-0.2944671230320763,0.624919349976331,0.0019960079840319,2.1534425685329817,-0.6362784511653918,500
Random_Promoter_DREAM_base_track_3,M10_char6_residual_rescue,30000,0.3109580387578382,1.9649050143566171,1.5171641173675898,0.5576446250156001,-0.3145868953897194,-0.3145087049448141,-0.3262830835091162,-0.3032588069466783,-0.2932919228519737,0.6254667437026523,0.0019960079840319,2.153702629733936,-0.6365385123663463,500
Random_Promoter_DREAM_base_track_7,T05_uncertainty_ensemble_proxy,30000,0.3104394829455494,1.9627248902629648,1.5111175479637358,0.5578911639907925,-0.3436892841341671,-0.3440391435990138,-0.3556717934210589,-0.3313273053942775,-0.3244599334892999,0.6544786265445632,0.0019960079840319,2.1707949463083014,-0.6596773983445656,500
Random_Promoter_DREAM_base_track_16,T04_observable_alignment_proxy,29852,0.3098690116256395,1.9792556344014367,1.5222746778463825,0.5569096816752662,-0.3289718179944694,-0.3290187699049046,-0.3424090149622683,-0.3161139848327157,-0.3113910357765161,0.6388877815305442,0.0019960079840319,2.169793430663039,-0.6475187528166564,500
Random_Promoter_DREAM_base_track_16,M03_GC_length_multi_char6,29852,0.3098690107221492,1.979255635697016,1.5222746723601288,0.5569096816752663,-0.3287186695704792,-0.3286080719594059,-0.3423084564664904,-0.3165604533102607,-0.3099882542967878,0.6384770826815551,0.0019960079840319,2.1694723291856004,-0.6471976568254716,500
Random_Promoter_DREAM_base_track_16,M03_GC_length_multi_char6,29852,0.3098690107221492,1.979255635697016,1.5222746723601288,0.5569096816752663,-0.3293487979822864,-0.3294035386879103,-0.3423285952005039,-0.3166793355834167,-0.3099339447280747,0.6392725494100595,0.0019960079840319,2.1699242242840557,-0.6476495519239265,500
Random_Promoter_DREAM_base_track_16,M11_multi_char6_residual_rescue,29852,0.3098668099154175,1.979258791587508,1.5222808865616513,0.5569082827502887,-0.3290285684209673,-0.3288088770094088,-0.3414810825421799,-0.3162092573307596,-0.307456974538701,0.6386756869248263,0.0019960079840319,2.17003163267504,-0.6477507461133889,500
Random_Promoter_DREAM_base_track_16,M11_multi_char6_residual_rescue,29852,0.3098668099154175,1.979258791587508,1.5222808865616513,0.5569082827502887,-0.3288672771747426,-0.32865521916899,-0.3416320751113731,-0.3172388202771039,-0.3089681114013693,0.6385220290844075,0.0019960079840319,2.1695556890501377,-0.6472748024884865,500
Random_Promoter_DREAM_base_track_6,M10_char6_residual_rescue,30000,0.3098009311452879,1.965431009459327,1.5174034099141078,0.5566619698322888,-0.3172106435192951,-0.3171750772918137,-0.3288122837452076,-0.3048959200936289,-0.3006307721965513,0.6269760084371017,0.0019960079840319,2.153467109186554,-0.6360636992724462,500
Random_Promoter_DREAM_base_track_6,M10_char6_residual_rescue,30000,0.3098009311452879,1.965431009459327,1.5174034099141078,0.5566619698322888,-0.317103017083554,-0.3174206559841788,-0.3296436463096189,-0.303530444701074,-0.2974767296783658,0.6272215871294667,0.0019960079840319,2.153921428160636,-0.6365180182465275,500
Random_Promoter_DREAM_base_track_6,M02_GC_length_char6,30000,0.3097999858690222,1.9654323553570052,1.5174089371574362,0.5566610305904631,-0.3168603287957429,-0.3167920277150164,-0.3290787473311941,-0.3036908434022434,-0.2963314235585306,0.6265920135840387,0.0019960079840319,2.153615614411891,-0.6362066772544548,500
Random_Promoter_DREAM_base_track_6,M02_GC_length_char6,30000,0.3097999858690222,1.9654323553570052,1.5174089371574362,0.5566610305904631,-0.3169628760070111,-0.3170354697173732,-0.3301203184674298,-0.3041503904382253,-0.2981760615702364,0.6268354555863954,0.0019960079840319,2.153431631436682,-0.6360226942792457,500
Random_Promoter_DREAM_base_track_16,T05_uncertainty_ensemble_proxy,29852,0.3094383538704358,1.9798730888179252,1.522532963155368,0.5566466352512831,-0.3334729020374711,-0.3335030081324455,-0.3464108497010862,-0.3194988561299736,-0.3106389115528911,0.6429413620028813,0.0019960079840319,2.173366489455104,-0.6508335262997356,500
Random_Promoter_DREAM_base_track_3,M03_GC_length_multi_char6,30000,0.3091859144562173,1.9674301290450067,1.5198446932939425,0.5565386395754041,-0.3364968631056971,-0.3361005877626399,-0.3501702183306464,-0.3235899707038524,-0.3194723581815224,0.6452865022188573,0.0019960079840319,2.172451713259917,-0.6526070199659746,500
Random_Promoter_DREAM_base_track_3,M03_GC_length_multi_char6,30000,0.3091859144562173,1.9674301290450067,1.5198446932939425,0.5565386395754041,-0.3364891396144852,-0.3361119721455327,-0.35048806478891,-0.3231664195803596,-0.3165457520753088,0.64529788660175,0.0019960079840319,2.17209723935034,-0.6522525460563975,500
Random_Promoter_DREAM_base_track_3,T04_observable_alignment_proxy,30000,0.3091859139027678,1.9674301298331156,1.5198446908164052,0.5565386395754042,-0.3363721400636965,-0.3363055208445485,-0.3497898807655341,-0.3238625163968909,-0.3178892740267063,0.6454914347473164,0.0019960079840319,2.172323730416135,-0.65247903959973,500
Random_Promoter_DREAM_base_track_3,M11_multi_char6_residual_rescue,30000,0.3091765144226864,1.967443514590161,1.5198508036548082,0.5565305978928945,-0.3360077128819665,-0.3357511334195376,-0.3488595366249729,-0.3238014046365474,-0.3143176715441789,0.6449276478422241,0.0019960079840319,2.171962695899997,-0.6521118922451887,500
Random_Promoter_DREAM_base_track_3,M11_multi_char6_residual_rescue,30000,0.3091765144226864,1.967443514590161,1.5198508036548082,0.5565305978928945,-0.3360082537803009,-0.3361189426359969,-0.3494770370678953,-0.3233456281183036,-0.3191627448008898,0.6452954570586834,0.0019960079840319,2.171761730294256,-0.6519109266394472,500
Random_Promoter_DREAM_base_track_16,M10_char6_residual_rescue,29852,0.3088477993903169,1.980719481795328,1.5230671861587273,0.5557433167729772,-0.309905340816174,-0.3099542148433922,-0.3213924080951272,-0.2984027909139636,-0.2929800263055842,0.6188020142337092,0.0019960079840319,2.1519744241551018,-0.6289072379963745,500
Random_Promoter_DREAM_base_track_16,M10_char6_residual_rescue,29852,0.3088477993903169,1.980719481795328,1.5230671861587273,0.5557433167729772,-0.3104275490916842,-0.3105951766041129,-0.3220602244029391,-0.2980797704609383,-0.2910163613418914,0.6194429759944299,0.0019960079840319,2.1525361488666386,-0.6294689627079113,500
Random_Promoter_DREAM_base_track_16,M02_GC_length_char6,29852,0.3088445437879213,1.980724146779025,1.5230690836911338,0.5557403952337305,-0.3096107215168782,-0.3092592341352028,-0.3220071655661377,-0.2973163930356366,-0.2916454316913806,0.6181037779231242,0.0019960079840319,2.151335018327031,-0.6282659346358972,500
Random_Promoter_DREAM_base_track_16,M02_GC_length_char6,29852,0.3088445437879213,1.980724146779025,1.5230690836911338,0.5557403952337305,-0.3100920486669752,-0.3101084744283866,-0.3226879196962944,-0.2976116698907983,-0.2900515319759664,0.618953018216308,0.0019960079840319,2.1519249948250216,-0.6288559111338878,500
Random_Promoter_DREAM_base_track_10,M11_multi_char6_residual_rescue,20000,0.3081574525065437,1.9645186744706649,1.504504553292646,0.5562923604473471,-0.344481131343974,-0.3445509408914702,-0.3614828516522045,-0.3265358707114875,-0.3144338558292248,0.6527083933980139,0.0019960079840319,2.1568856102479943,-0.6523810569553483,500
Random_Promoter_DREAM_base_track_10,M11_multi_char6_residual_rescue,20000,0.3081574525065437,1.9645186744706649,1.504504553292646,0.5562923604473471,-0.3447346246635477,-0.3450107342553496,-0.3616267296350642,-0.3283362263955912,-0.321792246560675,0.6531681867618934,0.0019960079840319,2.156918248484398,-0.6524136951917521,500
Random_Promoter_DREAM_base_track_10,T04_observable_alignment_proxy,20000,0.3081521188004918,1.9645262471076657,1.504510862695279,0.5562885624733527,-0.3443716204468024,-0.3445558999771826,-0.3612968898464354,-0.3274648645473746,-0.318216605716924,0.6527080187776745,0.0019960079840319,2.157561000338149,-0.6530501376428699,500
Random_Promoter_DREAM_base_track_10,M03_GC_length_multi_char6,20000,0.3081521078861837,1.9645262626034452,1.5045108728155037,0.5562885624733527,-0.3437834410092806,-0.3439534253206135,-0.3602765492614233,-0.3274762344243604,-0.3165096607455737,0.6521055332067973,0.0019960079840319,2.15656307332297,-0.6520522005074665,500
Random_Promoter_DREAM_base_track_10,M03_GC_length_multi_char6,20000,0.3081521078861837,1.9645262626034452,1.5045108728155037,0.5562885624733527,-0.3445655947083988,-0.344586746402418,-0.3609127222686556,-0.3296494401348645,-0.3241324490460933,0.6527388542886018,0.0019960079840319,2.157250277140672,-0.652739404325168,500
Random_Promoter_DREAM_base_track_3,T05_uncertainty_ensemble_proxy,30000,0.3078280725678189,1.969362738449408,1.5216147704535288,0.5554986622671865,-0.3396434744938434,-0.3390742466767543,-0.3523360430080246,-0.3282281954628463,-0.3242942102688368,0.6469023192445733,0.0019960079840319,2.174395821192747,-0.6527810507392184,500
Random_Promoter_DREAM_base_track_6,T04_observable_alignment_proxy,30000,0.3076378713555668,1.968508396328878,1.5206099807494098,0.5553350206025082,-0.3396478885704406,-0.3401310400247056,-0.3522516657891331,-0.3263441089095487,-0.319209209879898,0.6477689113802725,0.0019960079840319,2.17254256945626,-0.6519325887068501,500
Random_Promoter_DREAM_base_track_6,M03_GC_length_multi_char6,30000,0.3076378679072847,1.968508401230917,1.520609981667558,0.5553350206025082,-0.3390982792545908,-0.3385077333122924,-0.3523152868067091,-0.3271405278636394,-0.3178672046715785,0.6461456012195772,0.0019960079840319,2.171327131146928,-0.6507171494793698,500
Random_Promoter_DREAM_base_track_6,M03_GC_length_multi_char6,30000,0.3076378679072847,1.968508401230917,1.520609981667558,0.5553350206025082,-0.3399517331749281,-0.3392407813613975,-0.3530570658688015,-0.3262754036646556,-0.3191153046816697,0.6468786492686823,0.0019960079840319,2.1727850227465444,-0.6521750410789864,500
Random_Promoter_DREAM_base_track_6,M11_multi_char6_residual_rescue,30000,0.307636636507809,1.968510151773749,1.520610061490098,0.555334752955544,-0.3397725803836421,-0.3398425563801968,-0.3530107259785531,-0.3269388593428999,-0.317585679962425,0.6474791928880058,0.0019960079840319,2.172116967467136,-0.6515069059770375,500
Random_Promoter_DREAM_base_track_6,M11_multi_char6_residual_rescue,30000,0.307636636507809,1.968510151773749,1.520610061490098,0.555334752955544,-0.3396608969498138,-0.3395875548728269,-0.3532310551178065,-0.3265159317023376,-0.3205815120604478,0.6472241913806359,0.0019960079840319,2.1726129845202653,-0.6520029230301672,500
Random_Promoter_DREAM_base_track_14,M02_GC_length_char6,20000,0.3072189672984582,1.9819670468906072,1.523338809895075,0.5543267660325757,-0.315977967468432,-0.3162544974756056,-0.3311506526257643,-0.3023760996802135,-0.2952349958988332,0.6234734647740638,0.0019960079840319,2.157930623522246,-0.6345918136271715,500
Random_Promoter_DREAM_base_track_19,M02_GC_length_char6,20000,0.3072189672984582,1.9819670468906072,1.523338809895075,0.5543267660325757,-0.3161160529762722,-0.3158244123939515,-0.3319377506538718,-0.300897145824087,-0.2910172391900179,0.6230433796924097,0.0019960079840319,2.1583074967695874,-0.6349686868745124,500
Random_Promoter_DREAM_base_track_14,M02_GC_length_char6,20000,0.3072189672984582,1.9819670468906072,1.523338809895075,0.5543267660325757,-0.3154499161375455,-0.3155846505119515,-0.3318291696913103,-0.2981469405918939,-0.2930588722389116,0.6228036178104097,0.0019960079840319,2.1578125900119014,-0.6344737801168263,500
Random_Promoter_DREAM_base_track_19,M02_GC_length_char6,20000,0.3072189672984582,1.9819670468906072,1.523338809895075,0.5543267660325757,-0.3156312890483602,-0.3151560742035282,-0.3319409660004539,-0.3012082371845678,-0.2897096980430762,0.6223750415019864,0.0019960079840319,2.157291495329495,-0.63395268543442,500
Random_Promoter_DREAM_base_track_14,M10_char6_residual_rescue,20000,0.3072088466880185,1.9819815237903649,1.523346916979041,0.5543178156840769,-0.3149810013963431,-0.3152664011200029,-0.3299732469415951,-0.2998269470474698,-0.291911716489279,0.6224752478080214,0.0019960079840319,2.157051333559889,-0.6337044165808481,500
Random_Promoter_DREAM_base_track_19,M10_char6_residual_rescue,20000,0.3072088466880185,1.9819815237903649,1.523346916979041,0.5543178156840769,-0.3159211950375291,-0.3157012987229481,-0.3335880768749301,-0.2998251321597454,-0.2908593693138452,0.6229101454109667,0.0019960079840319,2.1578756405736472,-0.6345287235946062,500
Random_Promoter_DREAM_base_track_14,M10_char6_residual_rescue,20000,0.3072088466880185,1.9819815237903649,1.523346916979041,0.5543178156840769,-0.3163317425733147,-0.3165780816384522,-0.3314373316582688,-0.2987569216665409,-0.2901503293783412,0.6237869283264708,0.0019960079840319,2.1582788620058677,-0.6349319450268263,500
Random_Promoter_DREAM_base_track_19,M10_char6_residual_rescue,20000,0.3072088466880185,1.9819815237903649,1.523346916979041,0.5543178156840769,-0.3154467726036238,-0.3156212580505171,-0.3307022995589387,-0.2988733039856127,-0.2915531906667918,0.6228301047385356,0.0019960079840319,2.157780275939718,-0.634433358960677,500
Random_Promoter_DREAM_base_track_10,T05_uncertainty_ensemble_proxy,20000,0.3064815913375214,1.966896577695621,1.5061794947723832,0.5550332591712902,-0.3482581616057616,-0.3485756422597154,-0.3660616688917802,-0.3318169350818786,-0.3225052033314779,0.6550572335972368,0.0019960079840319,2.16006280000565,-0.6538833052332669,500
Random_Promoter_DREAM_base_track_6,T05_uncertainty_ensemble_proxy,30000,0.3063414993924845,1.97035044224575,1.5221041031968752,0.5543566402646556,-0.3420922394390969,-0.3419737516119018,-0.3554741721078034,-0.3301512827965596,-0.3153811244195532,0.6483152510043864,0.0019960079840319,2.174077070526396,-0.6519729673295207,500
PARM_GSE301246_held_out_context_track,T05_uncertainty_ensemble_proxy,1500,0.3059065457190876,53.114155438151336,28.4259422404801,0.7106835526215316,-1.2223672540039774,-1.2278600372095378,-1.3185036774622976,-1.0971865257212885,-0.9952694127307948,1.533766582928625,0.0019960079840319,53.34289710255239,-24.916954862072284,500
PARM_GSE301246_held_out_context_track,T05_uncertainty_ensemble_proxy,1500,0.3059065457190876,53.114155438151336,28.4259422404801,0.7106835526215316,-1.228172862284156,-1.2335679437466418,-1.316238299569073,-1.117190818788106,-1.0475555321075527,1.5394744894657295,0.0019960079840319,53.38905405115732,-24.963111810677216,500
Random_Promoter_DREAM_base_track_14,T04_observable_alignment_proxy,20000,0.3002894805718692,1.9918546167322908,1.5339305769988207,0.5491641518405252,-0.3424204104424878,-0.34268732613772,-0.358221663877061,-0.326679687557902,-0.313026871139515,0.6429768067095892,0.0019960079840319,2.17999886362497,-0.6460682866261493,500
Random_Promoter_DREAM_base_track_19,T04_observable_alignment_proxy,20000,0.3002894805718692,1.9918546167322908,1.5339305769988207,0.5491641518405252,-0.3422395161388363,-0.3422429662111206,-0.3585598680430393,-0.325883882070992,-0.3197621356201132,0.6425324467829898,0.0019960079840319,2.180126592710341,-0.6461960157115201,500
Random_Promoter_DREAM_base_track_14,M03_GC_length_multi_char6,20000,0.3002894800426653,1.991854617485529,1.533930578676437,0.5491641518405251,-0.3414328837136797,-0.341733050037449,-0.3572521691935175,-0.3257734918505178,-0.3169270711208654,0.6420225300801143,0.0019960079840319,2.1792377198424564,-0.6453071411660194,500
Random_Promoter_DREAM_base_track_19,M03_GC_length_multi_char6,20000,0.3002894800426653,1.991854617485529,1.533930578676437,0.5491641518405251,-0.3424742762765798,-0.3426716937819756,-0.356524017140633,-0.3267491764931927,-0.3183270209916142,0.6429611738246409,0.0019960079840319,2.180391964641255,-0.6464613859648181,500
Random_Promoter_DREAM_base_track_14,M03_GC_length_multi_char6,20000,0.3002894800426653,1.991854617485529,1.533930578676437,0.5491641518405251,-0.3421577564195486,-0.3421476285104174,-0.3588063324588735,-0.3261036327642946,-0.320792843394686,0.6424371085530828,0.0019960079840319,2.1800033994111283,-0.6460728207346913,500
Random_Promoter_DREAM_base_track_19,M03_GC_length_multi_char6,20000,0.3002894800426653,1.991854617485529,1.533930578676437,0.5491641518405251,-0.3423838882087985,-0.3421451444353278,-0.3584348740634854,-0.3245552350614079,-0.3153257026732923,0.6424346244779932,0.0019960079840319,2.180174157781459,-0.6462435791050221,500
Random_Promoter_DREAM_base_track_14,M11_multi_char6_residual_rescue,20000,0.3002727937002121,1.991878367714492,1.533946607533668,0.5491497280167378,-0.3424508363508459,-0.3424633194765332,-0.3579323185447469,-0.3261715212327076,-0.3188927457008861,0.6427361131767453,0.0019960079840319,2.179906766503044,-0.645960158969376,500
Random_Promoter_DREAM_base_track_19,M11_multi_char6_residual_rescue,20000,0.3002727937002121,1.991878367714492,1.533946607533668,0.5491497280167378,-0.3422775157393162,-0.3419722481524446,-0.3581201680771719,-0.3263130412434201,-0.3194834803885673,0.6422450418526567,0.0019960079840319,2.179689548604243,-0.6457429410705751,500
Random_Promoter_DREAM_base_track_14,M11_multi_char6_residual_rescue,20000,0.3002727937002121,1.991878367714492,1.533946607533668,0.5491497280167378,-0.3411943692605603,-0.3413764302398835,-0.3565330928095062,-0.3253317376866692,-0.3166606596815666,0.6416492239400956,0.0019960079840319,2.179103750152718,-0.6451571426190501,500
Random_Promoter_DREAM_base_track_19,M11_multi_char6_residual_rescue,20000,0.3002727937002121,1.991878367714492,1.533946607533668,0.5491497280167378,-0.3417885004024353,-0.3418146849927174,-0.3574715914772587,-0.3260753939492579,-0.3154087422020937,0.6420874786929295,0.0019960079840319,2.1795037602702934,-0.6455571527366253,500
Random_Promoter_DREAM_base_track_14,T05_uncertainty_ensemble_proxy,20000,0.2982432037721996,1.9947650419606884,1.5358661941032683,0.547777574494667,-0.347837931384824,-0.3478175572455145,-0.3639120824413328,-0.3323522199289582,-0.3230561366199751,0.6460607610177141,0.0019960079840319,2.183702770676219,-0.6478365765729506,500
Random_Promoter_DREAM_base_track_19,T05_uncertainty_ensemble_proxy,20000,0.2982432037721996,1.9947650419606884,1.5358661941032683,0.547777574494667,-0.3485390596441496,-0.3484727216420815,-0.3651637190880387,-0.3316828436441866,-0.327135048238971,0.6467159254142811,0.0019960079840319,2.184747526355583,-0.6488813322523144,500
PARM_GSE301246_held_out_context_track,M02_GC_length_char6,1500,0.296893900710937,53.457880827893526,34.67156169128418,0.6697087843189411,-1.001143824489242,-1.0038289455679152,-1.0838562000223924,-0.9047694406168678,-0.8462964725499669,1.3007228462788525,0.0019960079840319,54.89509940592448,-20.2235377146403,500
PARM_GSE301246_held_out_context_track,M08_dynamic_condition_weighted_char6,1500,0.296893900710937,53.457880827893526,34.67156169128418,0.6697087843189411,-1.0021610676762789,-1.0040528578273051,-1.0975236802643342,-0.879210373728377,-0.7851054969913136,1.3009467585382422,0.0019960079840319,54.967262837727866,-20.295701146443683,500
PARM_GSE301246_held_out_context_track,M02_GC_length_char6,1500,0.296893900710937,53.457880827893526,34.67156169128418,0.6697087843189411,-1.007257425057279,-1.0110151891401038,-1.0969196765359692,-0.8984631590340428,-0.8236754061161644,1.3079090898510408,0.0019960079840319,55.05121386464437,-20.379652173360185,500
PARM_GSE301246_held_out_context_track,M08_dynamic_condition_weighted_char6,1500,0.296893900710937,53.457880827893526,34.67156169128418,0.6697087843189411,-1.0072695430866754,-1.008903501096074,-1.0918743644371125,-0.9120188084250224,-0.8365115418419387,1.305797401807011,0.0019960079840319,55.01733404541016,-20.345772354125977,500
PARM_GSE301246_held_out_context_track,M10_char6_residual_rescue,1500,0.2967121660250931,53.4647891191816,34.67872376724084,0.669690852140275,-1.003186607407513,-1.0048643863951996,-1.0922158127860926,-0.9066000199311136,-0.8072368861658445,1.301576552420293,0.0019960079840319,54.98821709295114,-20.3094933257103,500
PARM_GSE301246_held_out_context_track,M10_char6_residual_rescue,1500,0.2967121660250931,53.4647891191816,34.67872376724084,0.669690852140275,-1.0068243242038484,-1.0085727922384828,-1.102611914830675,-0.9060111061401742,-0.8465691476690906,1.305284958263576,0.0019960079840319,54.9718886239926,-20.29316485675176,500
Random_Promoter_DREAM_base_track_9,M03_GC_length_multi_char6,4000,0.2956341602310576,0.6365988081531774,0.3907545666768048,0.6471263406901945,-0.9958189748759612,-0.996561568595675,-1.0525392752705474,-0.9361859525710516,-0.8823766577668128,1.2921957288267327,0.0019960079840319,0.8271270438525682,-0.4363724771757633,500
Random_Promoter_DREAM_base_track_13,M03_GC_length_multi_char6,4000,0.2956341602310576,0.6365988081531774,0.3907545666768048,0.6471263406901945,-0.9959980665723884,-0.995411122436703,-1.0630760891870903,-0.933666871730859,-0.9123642620967336,1.2910452826677608,0.0019960079840319,0.826827050355067,-0.4360724836782621,500
Random_Promoter_DREAM_base_track_18,M03_GC_length_multi_char6,4000,0.2956341602310576,0.6365988081531774,0.3907545666768048,0.6471263406901945,-0.9964384849010824,-0.9964749503583392,-1.0606087072535182,-0.9374009060070686,-0.8965723641412622,1.2921091105893967,0.0019960079840319,0.8265225136961849,-0.43576794701938,500
Random_Promoter_DREAM_base_track_9,M03_GC_length_multi_char6,4000,0.2956341602310576,0.6365988081531774,0.3907545666768048,0.6471263406901945,-0.9947886995305518,-0.9961933491387231,-1.0583320262834777,-0.9357837051760146,-0.9001951594257607,1.2918275093697806,0.0019960079840319,0.826390602796686,-0.4356360361198811,500
Random_Promoter_DREAM_base_track_13,M03_GC_length_multi_char6,4000,0.2956341602310576,0.6365988081531774,0.3907545666768048,0.6471263406901945,-0.9952761443309156,-0.995611906924108,-1.0542837929092252,-0.9371060406666644,-0.9073094390942053,1.2912460671551655,0.0019960079840319,0.8274066484948543,-0.4366520818180495,500
Random_Promoter_DREAM_base_track_18,M03_GC_length_multi_char6,4000,0.2956341602310576,0.6365988081531774,0.3907545666768048,0.6471263406901945,-0.9982140015674142,-0.9955827420937816,-1.0632328994374118,-0.940706349104496,-0.8949254911592257,1.2912169023248392,0.0019960079840319,0.8268185534873362,-0.4360639868105314,500
Random_Promoter_DREAM_base_track_9,T04_observable_alignment_proxy,4000,0.2956341515557386,0.6365988120735107,0.3907545985967413,0.6471263406901945,-0.9960357491123822,-0.99557369013273,-1.0568470032397657,-0.9383970641511624,-0.9105280106015295,1.2912078416884685,0.0019960079840319,0.826927468404677,-0.4361728698079357,500
Random_Promoter_DREAM_base_track_13,T04_observable_alignment_proxy,4000,0.2956341515557386,0.6365988120735107,0.3907545985967413,0.6471263406901945,-0.99616248874869,-0.9944188427813428,-1.058123030450108,-0.9389205643575111,-0.9177908394856348,1.290052994337081,0.0019960079840319,0.8264697460617936,-0.4357151474650522,500
Random_Promoter_DREAM_base_track_18,T04_observable_alignment_proxy,4000,0.2956341515557386,0.6365988120735107,0.3907545985967413,0.6471263406901945,-0.9933630969071388,-0.9920854711625778,-1.0478804840840743,-0.9360812866999672,-0.8952384777691336,1.2877196227183163,0.0019960079840319,0.8267230339731448,-0.4359684353764035,500
Random_Promoter_DREAM_base_track_13,T04_observable_alignment_proxy,4000,0.2956341515557386,0.6365988120735107,0.3907545985967413,0.6471263406901945,-0.9934298907277735,-0.9931617282177624,-1.055598517353432,-0.9276114332599732,-0.8894577767828729,1.288795879773501,0.0019960079840319,0.8265710255268592,-0.4358164269301179,500
Random_Promoter_DREAM_base_track_18,T04_observable_alignment_proxy,4000,0.2956341515557386,0.6365988120735107,0.3907545985967413,0.6471263406901945,-0.9965431031886932,-0.9958245360250152,-1.059751107256537,-0.9387382533137506,-0.911188808771726,1.2914586875807537,0.0019960079840319,0.8271739353841141,-0.4364193367873727,500
Random_Promoter_DREAM_base_track_9,M11_multi_char6_residual_rescue,4000,0.2955545082342382,0.6366348014750777,0.3907679544642977,0.647104769170617,-0.9951637068118836,-0.9954148811256244,-1.0521089958036507,-0.9409478218528308,-0.9084775693559256,1.2909693893598626,0.0019960079840319,0.827161418820936,-0.4363934643566383,500
Random_Promoter_DREAM_base_track_13,M11_multi_char6_residual_rescue,4000,0.2955545082342382,0.6366348014750777,0.3907679544642977,0.647104769170617,-0.997845658978186,-0.9993278667140107,-1.055482520268887,-0.9325576105079092,-0.9145137790989312,1.2948823749482492,0.0019960079840319,0.8274012697132659,-0.4366333152489682,500
Random_Promoter_DREAM_base_track_18,M11_multi_char6_residual_rescue,4000,0.2955545082342382,0.6366348014750777,0.3907679544642977,0.647104769170617,-0.9962306283019436,-0.9966164817879252,-1.0589788006749332,-0.933148641864176,-0.8931362416899149,1.2921709900221634,0.0019960079840319,0.8274967588832952,-0.4367288044189975,500
Random_Promoter_DREAM_base_track_9,M11_multi_char6_residual_rescue,4000,0.2955545082342382,0.6366348014750777,0.3907679544642977,0.647104769170617,-0.998155710345043,-0.9978925633093962,-1.0612689699550268,-0.9358768137533318,-0.891057004631121,1.2934470715436346,0.0019960079840319,0.8272088322126896,-0.4364408777483919,500
Random_Promoter_DREAM_base_track_13,M11_multi_char6_residual_rescue,4000,0.2955545082342382,0.6366348014750777,0.3907679544642977,0.647104769170617,-0.9978986995684976,-0.9979993017246468,-1.0609550191412798,-0.9373194903021144,-0.9074898683357038,1.293553809958885,0.0019960079840319,0.8271207333001473,-0.4363527788358496,500
Random_Promoter_DREAM_base_track_18,M11_multi_char6_residual_rescue,4000,0.2955545082342382,0.6366348014750777,0.3907679544642977,0.647104769170617,-0.9936623261534496,-0.99368366320747,-1.060306201712141,-0.9323859637676528,-0.9169041031003392,1.2892381714417085,0.0019960079840319,0.8263694912907908,-0.4356015368264931,500
PARM_GSE301246_held_out_context_track,M04_GC_length_windowed_char6,1500,0.2911974574271049,53.67399720131465,34.0530158367157,0.6685466467041449,-1.0163707949294956,-1.0224202859277465,-1.098766041187046,-0.8983612604037226,-0.8151119381672052,1.3136177433548513,0.0019960079840319,54.53379785855611,-20.48078202184041,500
PARM_GSE301246_held_out_context_track,M04_GC_length_windowed_char6,1500,0.2911974574271049,53.67399720131465,34.0530158367157,0.6685466467041449,-1.0190421860915666,-1.0237208901051835,-1.1151265616448325,-0.9099779016827068,-0.873476138048235,1.3149183475322888,0.0019960079840319,54.5851095867157,-20.53209375,500
Random_Promoter_DREAM_base_track_12,M02_GC_length_char6,4000,0.2910895369485189,1.9985215050785232,1.53911031217293,0.5422822525020762,-0.355514501337767,-0.3559156421146012,-0.3947479761981419,-0.3155350617990078,-0.2870422665930074,0.6470051790631202,0.0019960079840319,2.182566776836351,-0.6434564646634209,500
Random_Promoter_DREAM_base_track_12,M02_GC_length_char6,4000,0.2910895369485189,1.9985215050785232,1.53911031217293,0.5422822525020762,-0.3553785286392116,-0.3550366233509096,-0.3930798449713538,-0.317741681826259,-0.302711987963258,0.6461261602994285,0.0019960079840319,2.182944454437556,-0.6438341422646261,500
Random_Promoter_DREAM_base_track_12,M10_char6_residual_rescue,4000,0.291076775167603,1.998539493654056,1.5391223036737844,0.5422749085307708,-0.3547401945234853,-0.3543455620384839,-0.3935564242115822,-0.3193468574920084,-0.3085592285559255,0.6454223372060869,0.0019960079840319,2.1815576328187105,-0.6424353291449261,500
Random_Promoter_DREAM_base_track_12,M10_char6_residual_rescue,4000,0.291076775167603,1.998539493654056,1.5391223036737844,0.5422749085307708,-0.3570641234860018,-0.3569830639076571,-0.3920176524291497,-0.3183628928209663,-0.3036190612389129,0.6480598390752601,0.0019960079840319,2.1827261521199803,-0.6436038484461959,500
Random_Promoter_DREAM_base_track_7,T04_observable_alignment_proxy,30000,0.2876585702977691,1.9948825825181584,1.5436625248929747,0.5364693927028528,-0.300740108563751,-0.3004824756160957,-0.3130715444690525,-0.2892647491960475,-0.283431743642325,0.5881410459138648,0.0019960079840319,2.1407747445102414,-0.5971122196172667,500
Random_Promoter_DREAM_base_track_7,T05_uncertainty_ensemble_proxy,30000,0.2870048576160051,1.995797720216524,1.5449175860273143,0.5358536964120114,-0.2994575793914996,-0.2994687615553905,-0.3112370551847108,-0.287566128793278,-0.2766175569222442,0.5864736191713956,0.0019960079840319,2.139869108321819,-0.5949515222945048,500
Random_Promoter_DREAM_base_track_4,T04_observable_alignment_proxy,30000,0.284423689686203,2.0155352946950784,1.5614381708980112,0.5333634802017576,-0.2916029308036211,-0.2915837976816072,-0.3027343648077732,-0.2785294907896405,-0.2633211764662817,0.5760074873678103,0.0019960079840319,2.1493823859425536,-0.5879442150445424,500
Random_Promoter_DREAM_base_track_4,T05_uncertainty_ensemble_proxy,30000,0.2834422504253467,2.0169170115281463,1.562528732751333,0.5324397371883806,-0.2904205996822387,-0.2903406396211205,-0.3026344519109412,-0.2781634830294184,-0.2698244193683994,0.5737828900464673,0.0019960079840319,2.147776656661581,-0.5852479239102475,500
Random_Promoter_DREAM_base_track_3,T04_observable_alignment_proxy,30000,0.2813359087852787,2.006696524468721,1.5577256799271724,0.5306776253035976,-0.2997705253561651,-0.2997516123015303,-0.3122275210065523,-0.2879717474051789,-0.2774052957039019,0.5810875210868091,0.0019960079840319,2.1473090649555937,-0.5895833850284213,500
Random_Promoter_DREAM_base_track_6,T04_observable_alignment_proxy,30000,0.2807902429077594,2.0063116944466635,1.5564832150495107,0.5302570438104771,-0.3020832654494493,-0.3020312104711592,-0.315456257516081,-0.2897934741338383,-0.2864495386978043,0.5828214533789187,0.0019960079840319,2.146364374061426,-0.5898811590119153,500
Random_Promoter_DREAM_base_track_3,T05_uncertainty_ensemble_proxy,30000,0.2806389983813208,2.0076692659955824,1.558304041875971,0.5301004693306799,-0.3016617577721877,-0.3014815261196509,-0.3143770884211089,-0.2893453457500546,-0.2830038611785479,0.5821205245009717,0.0019960079840319,2.14905981202077,-0.590755770144799,500
Random_Promoter_DREAM_base_track_6,T05_uncertainty_ensemble_proxy,30000,0.279912734469583,2.007535272643212,1.5570804779205636,0.5295323743102303,-0.303727037178969,-0.303956222157217,-0.3149055142347816,-0.2905629407377997,-0.2852641732619145,0.5838689566268,0.0019960079840319,2.148360717758789,-0.5912802398382255,500
Random_Promoter_DREAM_base_track_16,T04_observable_alignment_proxy,29852,0.2796569209540137,2.0221148546846948,1.5613071049224037,0.5289377243735547,-0.2916179460474706,-0.2918560951312621,-0.3047146944546905,-0.2784279451740524,-0.2718690087940698,0.5715130160852758,0.0019960079840319,2.143605162128164,-0.5822980572057606,500
Random_Promoter_DREAM_base_track_15,T04_observable_alignment_proxy,20000,0.2794283772363876,2.0234222281793,1.5607145566655385,0.5291708954287697,-0.3062807739143793,-0.3064315741326603,-0.3220622152356208,-0.2899059373881142,-0.2795418730208538,0.5858599513690479,0.0019960079840319,2.162279574576479,-0.6015650179109409,500
Random_Promoter_DREAM_base_track_16,T05_uncertainty_ensemble_proxy,29852,0.27864324373759,2.023537129158206,1.5625163762407182,0.5279967969923973,-0.2913952410766389,-0.2917286682432779,-0.3034683370800212,-0.2791746871614536,-0.2736603440123071,0.5703719119808679,0.0019960079840319,2.1431425166267117,-0.5806261403859931,500
Random_Promoter_DREAM_base_track_15,T05_uncertainty_ensemble_proxy,20000,0.278626513982018,2.0245477629246365,1.5622406339431465,0.5284382482249944,-0.3064100273615614,-0.3057574248862991,-0.3217814565246285,-0.2922939741084937,-0.285185256241419,0.5843839388683171,0.0019960079840319,2.162265780028841,-0.6000251460856947,500
Random_Promoter_DREAM_base_track_10,T04_observable_alignment_proxy,20000,0.2762271545149858,2.0093411137927597,1.547296210214178,0.5261996856173097,-0.3006208627495242,-0.3002614804944029,-0.3156000316071464,-0.2851550911983177,-0.2758949049665844,0.5764886350093887,0.0019960079840319,2.1281058224164,-0.5808096122022215,500
Random_Promoter_DREAM_base_track_10,T05_uncertainty_ensemble_proxy,20000,0.2759793366659525,2.009685080811531,1.5475312546491604,0.5260626491383275,-0.301892788603907,-0.3019562491879869,-0.3163821714608757,-0.2882686467463694,-0.2818566406563567,0.5779355858539394,0.0019960079840319,2.1288485019444368,-0.5813172472952763,500
Random_Promoter_DREAM_base_track_14,T04_observable_alignment_proxy,20000,0.2739614602244904,2.028982364864745,1.5662757035199997,0.523929335564608,-0.2990383907757922,-0.299517390055306,-0.3146625298666317,-0.2835470448023562,-0.2786225542543308,0.5734788502797964,0.0019960079840319,2.1498255325999547,-0.583549829079955,500
Random_Promoter_DREAM_base_track_19,T04_observable_alignment_proxy,20000,0.2739614602244904,2.028982364864745,1.5662757035199997,0.523929335564608,-0.299343795579741,-0.2993719498094795,-0.3140459331034722,-0.2850103383486166,-0.2754923570000827,0.57333341003397,0.0019960079840319,2.1498094136106856,-0.5835337100906859,500
Random_Promoter_DREAM_base_track_14,T05_uncertainty_ensemble_proxy,20000,0.2735976744382482,2.029490617848859,1.566737953977023,0.5236352248134921,-0.3001406655562457,-0.3003985228496629,-0.3143447953352795,-0.2847923320704681,-0.2765816959155993,0.5739961972879112,0.0019960079840319,2.150909675416577,-0.5841717214395539,500
Random_Promoter_DREAM_base_track_19,T05_uncertainty_ensemble_proxy,20000,0.2735976744382482,2.029490617848859,1.566737953977023,0.5236352248134921,-0.3005831977304116,-0.3005670623403744,-0.3152608817079783,-0.2858623355709541,-0.2695837632713391,0.5741647367786227,0.0019960079840319,2.1513287376766392,-0.5845907836996163,500
Random_Promoter_DREAM_base_track_11,M02_GC_length_char6,4000,0.272741731132647,2.0213305533369583,1.555563294004385,0.524414793245695,-0.3282010983048849,-0.327377735845466,-0.3645365905127173,-0.2952716822394698,-0.2658299286166132,0.600119466978113,0.0019960079840319,2.15616516944467,-0.6006018754402849,500
Random_Promoter_DREAM_base_track_17,M02_GC_length_char6,4000,0.272741731132647,2.0213305533369583,1.555563294004385,0.524414793245695,-0.3285120209043826,-0.328103710114542,-0.3613060774364379,-0.294345470129246,-0.2714968270389057,0.600845441247189,0.0019960079840319,2.1546087483689043,-0.5990454543645192,500
Random_Promoter_DREAM_base_track_20,M02_GC_length_char6,4000,0.272741731132647,2.0213305533369583,1.555563294004385,0.524414793245695,-0.3268130050034323,-0.3268409000691149,-0.3616430681958345,-0.292178038557794,-0.2789401039812762,0.5995826312017619,0.0019960079840319,2.1530607569625824,-0.5974974629581973,500
Random_Promoter_DREAM_base_track_11,M02_GC_length_char6,4000,0.272741731132647,2.0213305533369583,1.555563294004385,0.524414793245695,-0.3271290537218391,-0.3269821821830307,-0.36103802573889,-0.2933416879710353,-0.2698605199879726,0.5997239133156778,0.0019960079840319,2.155118848488334,-0.599555554483949,500
Random_Promoter_DREAM_base_track_17,M02_GC_length_char6,4000,0.272741731132647,2.0213305533369583,1.555563294004385,0.524414793245695,-0.328154069070997,-0.3282420477333343,-0.3630534183402151,-0.2947442385458112,-0.2833084580629512,0.6009837788659813,0.0019960079840319,2.154810571962779,-0.5992472779583937,500
Random_Promoter_DREAM_base_track_20,M02_GC_length_char6,4000,0.272741731132647,2.0213305533369583,1.555563294004385,0.524414793245695,-0.3267210571601017,-0.3259353856642527,-0.3595855755160336,-0.2934510067606168,-0.2812612179384479,0.5986771167968997,0.0019960079840319,2.152565308426087,-0.5970020144217019,500
Random_Promoter_DREAM_base_track_11,M10_char6_residual_rescue,4000,0.2727308023639651,2.021345740906493,1.5555716694106505,0.524408080918288,-0.3282415102211613,-0.3293892419408859,-0.3625200904411141,-0.2897448031321899,-0.2719156194456364,0.602120044304851,0.0019960079840319,2.1549404872025217,-0.5993688177918715,500
Random_Promoter_DREAM_base_track_17,M10_char6_residual_rescue,4000,0.2727308023639651,2.021345740906493,1.5555716694106505,0.524408080918288,-0.3280151235322628,-0.3282116680744676,-0.3631111589137563,-0.29286638675219,-0.2637737615158262,0.6009424704384327,0.0019960079840319,2.1559881608854115,-0.6004164914747612,500
Random_Promoter_DREAM_base_track_20,M10_char6_residual_rescue,4000,0.2727308023639651,2.021345740906493,1.5555716694106505,0.524408080918288,-0.3269427160005679,-0.3260513028124677,-0.3628667718534032,-0.288879272100516,-0.2654599399398707,0.5987821051764328,0.0019960079840319,2.154428722782163,-0.5988570533715125,500
Random_Promoter_DREAM_base_track_11,M10_char6_residual_rescue,4000,0.2727308023639651,2.021345740906493,1.5555716694106505,0.524408080918288,-0.3285318260955217,-0.3289675559486388,-0.3636372704116714,-0.2921496252910189,-0.2715374603090741,0.6016983583126039,0.0019960079840319,2.1541788093674925,-0.5986071399568422,500
Random_Promoter_DREAM_base_track_17,M10_char6_residual_rescue,4000,0.2727308023639651,2.021345740906493,1.5555716694106505,0.524408080918288,-0.3264138807835553,-0.3261273767836076,-0.3627858207189249,-0.2910160767848659,-0.2739171588733489,0.5988581791475727,0.0019960079840319,2.1530485611306616,-0.5974768917200113,500
Random_Promoter_DREAM_base_track_20,M10_char6_residual_rescue,4000,0.2727308023639651,2.021345740906493,1.5555716694106505,0.524408080918288,-0.3254709283119796,-0.3253743702495884,-0.3589568773500545,-0.2908548089282,-0.282186739437704,0.5981051726135534,0.0019960079840319,2.152933340479283,-0.5973616710686327,500
Random_Promoter_DREAM_base_track_9,M05_GC_length_windowed_multi_char6,4000,0.2690001341979977,0.6485229164459746,0.4382045704646403,0.5962538862026948,-0.7916118606078566,-0.7923272907846008,-0.8451122543565565,-0.7379933218010928,-0.7154778543722569,1.0613274249825986,0.0019960079840319,0.8011698069071727,-0.3629652364425323,500
Random_Promoter_DREAM_base_track_13,M05_GC_length_windowed_multi_char6,4000,0.2690001341979977,0.6485229164459746,0.4382045704646403,0.5962538862026948,-0.7919031605366527,-0.7930079177490759,-0.8410512822435385,-0.7430853163771682,-0.6903097568574288,1.0620080519470736,0.0019960079840319,0.8015160276605573,-0.3633114571959169,500
Random_Promoter_DREAM_base_track_18,M05_GC_length_windowed_multi_char6,4000,0.2690001341979977,0.6485229164459746,0.4382045704646403,0.5962538862026948,-0.7925029384974002,-0.7918074748184237,-0.8506242808014297,-0.7339427132652955,-0.7131352342491786,1.0608076090164211,0.0019960079840319,0.80159685183593,-0.3633922813712896,500
Random_Promoter_DREAM_base_track_9,M05_GC_length_windowed_multi_char6,4000,0.2690001341979977,0.6485229164459746,0.4382045704646403,0.5962538862026948,-0.7930395015621775,-0.7930105656482719,-0.8528618034212341,-0.7361075714279633,-0.7050116849629757,1.0620106998462695,0.0019960079840319,0.8013991320011569,-0.3631945615365165,500
Random_Promoter_DREAM_base_track_13,M05_GC_length_windowed_multi_char6,4000,0.2690001341979977,0.6485229164459746,0.4382045704646403,0.5962538862026948,-0.7914065639966148,-0.7922736989990502,-0.8466175815074324,-0.7363337209636475,-0.712833383865412,1.061273833197048,0.0019960079840319,0.8012936974707288,-0.3630891270060884,500
Random_Promoter_DREAM_base_track_18,M05_GC_length_windowed_multi_char6,4000,0.2690001341979977,0.6485229164459746,0.4382045704646403,0.5962538862026948,-0.7926394067357034,-0.7946363117056593,-0.8460205935036046,-0.7373098685326569,-0.7093092295339616,1.063636445903657,0.0019960079840319,0.8018519135509159,-0.3636473430862755,500
GSE221384_context_track,M03_GC_length_multi_char6,37500,0.2633947567038435,1.556325761203057,1.2737327213827243,0.5990559660922385,-0.5048923896230765,-0.5046839970484821,-0.5186927163872169,-0.4916515201505714,-0.4832513243756988,0.7680787537523256,0.0019960079840319,1.841181161093084,-0.5674484397103599,500
GSE221384_context_track,M09_dynamic_condition_weighted_multi_char6,37500,0.2633947567038435,1.556325761203057,1.2737327213827243,0.5990559660922385,-0.5056366566578189,-0.5058638013648209,-0.5189779519647981,-0.4918752220304275,-0.4846283117374155,0.7692585580686644,0.0019960079840319,1.8419813661691944,-0.5682486447864701,500
GSE221384_context_track,M12_dynamic_multi_char6_residual_rescue,37500,0.2633947567038435,1.556325761203057,1.2737327213827243,0.5990559660922385,-0.5055402222844378,-0.5057720612737625,-0.5193267136752235,-0.4920548611073929,-0.4883478029118415,0.769166817977606,0.0019960079840319,1.8416956967843257,-0.5679629754016013,500
GSE221384_context_track,T04_observable_alignment_proxy,37500,0.2633947567038435,1.556325761203057,1.2737327213827243,0.5990559660922385,-0.5052425641012613,-0.5053430639221839,-0.5162657437634285,-0.4929206283123586,-0.4859065646374927,0.7687378206260274,0.0019960079840319,1.841559659089944,-0.5678269377072198,500
GSE221384_context_track,M11_multi_char6_residual_rescue,37500,0.2633923982473254,1.5563282527164768,1.2737293287689104,0.59905440874425,-0.5055428211006604,-0.5058322065946277,-0.5185354183700283,-0.492336816045349,-0.4862330148740028,0.7692246048419531,0.0019960079840319,1.841749804400098,-0.5680204756311875,500
GSE221384_context_track,T05_uncertainty_ensemble_proxy,37500,0.262225646477495,1.5575603403660965,1.2743876804189356,0.5983128946977869,-0.5071290022204953,-0.5072956326112736,-0.5203305673042332,-0.4950170475409776,-0.4885498004486936,0.7695212790887687,0.0019960079840319,1.8424470387284897,-0.5680593583095541,500
PARM_GSE301246_held_out_context_track_2,M11_multi_char6_residual_rescue,37500,0.250640516845079,109.147143156706,61.58209278605143,0.5636868498146174,-0.6052753300881615,-0.6055913385698789,-0.6195380235066725,-0.5880303982534275,-0.5803380450584352,0.8562318554149579,0.0019960079840319,84.6063555053711,-23.024262719319665,500
PARM_GSE301246_held_out_context_track_2,M03_GC_length_multi_char6,37500,0.2506393078829476,109.1472312017048,61.58161325520833,0.5636859499091446,-0.6053711678886395,-0.605060671708049,-0.620023386138837,-0.5888528551222333,-0.5769673014575523,0.8556999795909966,0.0019960079840319,84.58897265625001,-23.00735940104168,500
PARM_GSE301246_held_out_context_track_2,M09_dynamic_condition_weighted_multi_char6,37500,0.2506393078829476,109.1472312017048,61.58161325520833,0.5636859499091446,-0.6049129686255788,-0.605127394868811,-0.6190663769164231,-0.588052917618591,-0.5727883884647076,0.8557667027517586,0.0019960079840319,84.58836025716147,-23.006747001953137,500
PARM_GSE301246_held_out_context_track_2,M12_dynamic_multi_char6_residual_rescue,37500,0.2506393078829476,109.1472312017048,61.58161325520833,0.5636859499091446,-0.6053510621279022,-0.6051642144949727,-0.6204719615468788,-0.5895238943597764,-0.5742641405734568,0.8558035223779203,0.0019960079840319,84.61423537760416,-23.03262212239583,500
PARM_GSE301246_held_out_context_track_2,T04_observable_alignment_proxy,37500,0.2506393078829476,109.1472312017048,61.58161325520833,0.5636859499091446,-0.6053280649475891,-0.606027813393,-0.6190301265706533,-0.5890794340368131,-0.5739282233723957,0.8566671212759477,0.0019960079840319,84.62165416341145,-23.04004090820312,500
PARM_GSE301246_held_out_context_track_2,T05_uncertainty_ensemble_proxy,37500,0.2442411046017604,109.61220211129556,61.90453432851072,0.5624709083545938,-0.6202936140328589,-0.6205159850426091,-0.6355823957726124,-0.6044864617562365,-0.5840502357895287,0.8647570896443695,0.0019960079840319,84.95530182505414,-23.050767496543425,500
GSE221384_context_track,M05_GC_length_windowed_multi_char6,37500,0.2383977840699906,1.5825126953668611,1.2944896822504894,0.5776607156010166,-0.4752083881494226,-0.4751933076766109,-0.4880359057525256,-0.4635405883950201,-0.4576129221603411,0.7135910917466016,0.0019960079840319,1.82623861268482,-0.5317489304343301,500
Random_Promoter_DREAM_base_track_8,T04_observable_alignment_proxy,4000,0.2377777328428958,2.0982923503561275,1.6233879922374552,0.4978046124892759,-0.3588010255353264,-0.3579588050117406,-0.3961389766238311,-0.3225408157388537,-0.3036201376506695,0.5957365378546364,0.0019960079840319,2.216309447861044,-0.5929214556235884,500
Random_Promoter_DREAM_base_track_8,T04_observable_alignment_proxy,4000,0.2377777328428958,2.0982923503561275,1.6233879922374552,0.4978046124892759,-0.3563896790513552,-0.3564501397356623,-0.3960016667454625,-0.3198042784878939,-0.2923875251847223,0.5942278725785581,0.0019960079840319,2.214245913672076,-0.590857921434621,500
GSE221384_context_track,M07_GC_length_condition_gated_multi_char6,37500,0.231887170380901,1.5892624152021892,1.2984723389018251,0.5841076855136824,-0.5393676714634531,-0.5393162284014116,-0.5533130495021337,-0.526264335165898,-0.5197795582586775,0.7712033987823126,0.0019960079840319,1.8597492569908411,-0.5612769180890163,500
Random_Promoter_DREAM_base_track_15,M04_GC_length_windowed_char6,20000,0.2310289150579574,2.090272678181668,1.6255329002894707,0.4806813995286194,-0.2347639453410956,-0.2350658279468553,-0.2480344680095104,-0.2208320019232306,-0.2137916174793641,0.4660947430048128,0.0019960079840319,2.101281833020164,-0.4757489327306934,500
Random_Promoter_DREAM_base_track_15,M04_GC_length_windowed_char6,20000,0.2310289150579574,2.090272678181668,1.6255329002894707,0.4806813995286194,-0.2351145714580678,-0.2352317908327071,-0.2489995136160509,-0.221134175286191,-0.212853068190441,0.4662607058906646,0.0019960079840319,2.1016510081249966,-0.4761181078355259,500
Random_Promoter_DREAM_base_track_4,M04_GC_length_windowed_char6,30000,0.2255363243143611,2.096828722196085,1.6306558887590563,0.47491707520736,-0.2282018914723943,-0.2281518771219317,-0.2387163096096246,-0.2173946447352682,-0.2094927562898825,0.4536882014362928,0.0019960079840319,2.094011401907788,-0.463355513148731,500
Random_Promoter_DREAM_base_track_4,M04_GC_length_windowed_char6,30000,0.2255363243143611,2.096828722196085,1.6306558887590563,0.47491707520736,-0.228437718942037,-0.2282713549013627,-0.24000273433164,-0.2169639335047206,-0.2104996428101104,0.4538076792157238,0.0019960079840319,2.0938882729442696,-0.463232384185213,500
Random_Promoter_DREAM_base_track_8,T05_uncertainty_ensemble_proxy,4000,0.2254465671073189,2.115197249009149,1.6347049729447087,0.4884481090232354,-0.3632918664369372,-0.3644208671627581,-0.4048123231569418,-0.3281848437351504,-0.3174908715527529,0.589867434270077,0.0019960079840319,2.2182505787061078,-0.5835456057613986,500
Random_Promoter_DREAM_base_track_8,T05_uncertainty_ensemble_proxy,4000,0.2254465671073189,2.115197249009149,1.6347049729447087,0.4884481090232354,-0.3637453379997361,-0.3634973029111713,-0.4058988041392747,-0.3290458222654131,-0.3099102538657186,0.5889438700184902,0.0019960079840319,2.218430627734658,-0.5837256547899494,500
Random_Promoter_DREAM_base_track_7,M04_GC_length_windowed_char6,30000,0.2249926497401746,2.080779916317619,1.623437218493078,0.4744657132174819,-0.2356582581228942,-0.235611127846239,-0.246558552488126,-0.2244142075459418,-0.2182108417162873,0.4606037775864137,0.0019960079840319,2.0847453976521844,-0.4613081791591062,500
Random_Promoter_DREAM_base_track_7,M04_GC_length_windowed_char6,30000,0.2249926497401746,2.080779916317619,1.623437218493078,0.4744657132174819,-0.2356778222194139,-0.2356924513141108,-0.2464284449087814,-0.2246865037264256,-0.2204621337137251,0.4606851010542855,0.0019960079840319,2.084776937053225,-0.4613397185601469,500
Random_Promoter_DREAM_base_track_16,M04_GC_length_windowed_char6,29852,0.2237262308296007,2.0991505219740123,1.62950349400927,0.473012591823694,-0.2268498968124993,-0.2270068774384138,-0.2379539661749168,-0.2153927123572693,-0.209420225741534,0.4507331082680146,0.0019960079840319,2.0872445436396303,-0.4577410496303602,500
Random_Promoter_DREAM_base_track_16,M04_GC_length_windowed_char6,29852,0.2237262308296007,2.0991505219740123,1.62950349400927,0.473012591823694,-0.2271858919002313,-0.227383500678916,-0.237400039856385,-0.2163096146752105,-0.2113030952085424,0.4511097315085167,0.0019960079840319,2.0879964555954214,-0.4584929615861512,500
Random_Promoter_DREAM_base_track_6,M04_GC_length_windowed_char6,30000,0.2227987276169782,2.0856305071362105,1.629694985204556,0.4721124198123386,-0.2313635984779478,-0.2315433434257126,-0.2415289823515746,-0.2207266862708401,-0.2151523862573965,0.4543420710426908,0.0019960079840319,2.086924107473108,-0.4572291222685518,500
Random_Promoter_DREAM_base_track_6,M04_GC_length_windowed_char6,30000,0.2227987276169782,2.0856305071362105,1.629694985204556,0.4721124198123386,-0.2318501298570291,-0.2318661313462957,-0.2426808401512753,-0.2210448970855834,-0.2111175526151463,0.454664858963274,0.0019960079840319,2.0876027922109905,-0.4579078070064344,500
Random_Promoter_DREAM_base_track_8,M04_GC_length_windowed_char6,4000,0.2223907365644392,2.11936566487741,1.6382699900357915,0.4724710005949351,-0.2516736319581972,-0.2515209060411336,-0.2820042936601596,-0.2194596298530637,-0.1958247071629701,0.4739116426055728,0.0019960079840319,2.125208979763529,-0.4869389897277376,500
Random_Promoter_DREAM_base_track_8,M04_GC_length_windowed_char6,4000,0.2223907365644392,2.11936566487741,1.6382699900357915,0.4724710005949351,-0.2522620930445693,-0.2528971995181877,-0.2823603822327074,-0.2209444102619786,-0.1997985089565648,0.4752879360826268,0.0019960079840319,2.1248673094134287,-0.4865973193776371,500
Random_Promoter_DREAM_base_track_10,M04_GC_length_windowed_char6,20000,0.2220836688866,2.083142466399273,1.6124735464846185,0.4716157614899818,-0.2291275911242955,-0.2290637161520843,-0.2438448824335049,-0.2157801213311833,-0.209427078226182,0.4511473850386843,0.0019960079840319,2.065184439399085,-0.4527108929144667,500
Random_Promoter_DREAM_base_track_10,M04_GC_length_windowed_char6,20000,0.2220836688866,2.083142466399273,1.6124735464846185,0.4716157614899818,-0.2292298211801973,-0.2289965095474837,-0.2427897170441282,-0.2163525494323021,-0.2092401097116478,0.4510801784340837,0.0019960079840319,2.0660664107995816,-0.4535928643149634,500
Random_Promoter_DREAM_base_track_3,M04_GC_length_windowed_char6,30000,0.221912483064251,2.088011804995445,1.6326049200209711,0.4711026951550398,-0.2269084394074761,-0.2272656565002281,-0.2366301985269145,-0.2158128548890938,-0.2110783952981492,0.4491781395644791,0.0019960079840319,2.086249226190752,-0.4536443061697808,500
Random_Promoter_DREAM_base_track_3,M04_GC_length_windowed_char6,30000,0.221912483064251,2.088011804995445,1.6326049200209711,0.4711026951550398,-0.2260328286313132,-0.2260316701923516,-0.2369692939253847,-0.2154896660887609,-0.2113232819456914,0.4479441532566026,0.0019960079840319,2.085114106640736,-0.452509186619765,500
Random_Promoter_DREAM_base_track_4,M05_GC_length_windowed_multi_char6,30000,0.2190439020726945,2.105599363046314,1.6349433696069433,0.4690240745152815,-0.2496391468602976,-0.249735175036274,-0.2604155224813359,-0.2382430136478779,-0.2321967662498345,0.4687790771089686,0.0019960079840319,2.109973678674094,-0.4750303090671506,500
Random_Promoter_DREAM_base_track_4,M05_GC_length_windowed_multi_char6,30000,0.2190439020726945,2.105599363046314,1.6349433696069433,0.4690240745152815,-0.2501942454499562,-0.2500914543388264,-0.2615173388072833,-0.2379982255551575,-0.2341522444229196,0.4691353564115209,0.0019960079840319,2.110011906235478,-0.4750685366285345,500
Random_Promoter_DREAM_base_track_14,M04_GC_length_windowed_char6,20000,0.2186063283782023,2.104909265483803,1.637828981140359,0.4676923729889211,-0.2289978476381927,-0.2287340833500398,-0.2417022108744371,-0.2163216018606273,-0.2095759556185614,0.4473404117282422,0.0019960079840319,2.0888547268615256,-0.4510257457211666,500
Random_Promoter_DREAM_base_track_19,M04_GC_length_windowed_char6,20000,0.2186063283782023,2.104909265483803,1.637828981140359,0.4676923729889211,-0.2295729937456151,-0.2295559273784975,-0.2415667421808698,-0.2159888141697195,-0.2079944426308964,0.4481622557566999,0.0019960079840319,2.0897384184788903,-0.4519094373385313,500
Random_Promoter_DREAM_base_track_14,M04_GC_length_windowed_char6,20000,0.2186063283782023,2.104909265483803,1.637828981140359,0.4676923729889211,-0.229125166939546,-0.2294810822615526,-0.2427676915331146,-0.2148533889569549,-0.2060870102039311,0.448087410639755,0.0019960079840319,2.0896508588289167,-0.4518218776885576,500
Random_Promoter_DREAM_base_track_19,M04_GC_length_windowed_char6,20000,0.2186063283782023,2.104909265483803,1.637828981140359,0.4676923729889211,-0.2292365302624864,-0.2291619142666507,-0.2427488738390115,-0.214725339342782,-0.2099624133477469,0.4477682426448531,0.0019960079840319,2.0892214311152477,-0.4513924499748882,500
PARM_GSE301246_held_out_context_track_2,M07_GC_length_condition_gated_multi_char6,37500,0.2176815471007973,111.52161657290182,62.74718389775351,0.5182373613576662,-0.530232014416622,-0.5305941477810792,-0.5434650309363803,-0.5143462298775778,-0.504056946463959,0.7482756948818765,0.0019960079840319,83.64210281330283,-20.89491891554932,500
Random_Promoter_DREAM_base_track_16,M05_GC_length_windowed_multi_char6,29852,0.2166725207006308,2.1086660536568136,1.6346112693947856,0.4666066484834301,-0.2491381836312403,-0.2488044533816187,-0.259933735690825,-0.2386485430244074,-0.2341457377399884,0.4654769740822495,0.0019960079840319,2.104189355997509,-0.4695780866027235,500
Random_Promoter_DREAM_base_track_16,M05_GC_length_windowed_multi_char6,29852,0.2166725207006308,2.1086660536568136,1.6346112693947856,0.4666066484834301,-0.2487614553860506,-0.2491296651606029,-0.2591722404137679,-0.2370499276097087,-0.2257870868816769,0.4658021858612338,0.0019960079840319,2.1039373441527287,-0.4693260747579431,500
Random_Promoter_DREAM_base_track_12,T04_observable_alignment_proxy,4000,0.216254621781906,2.1013608129382906,1.6369584487797002,0.4830157280333982,-0.3757664171646823,-0.3772839086590702,-0.4113943834962599,-0.3395491405385392,-0.324894494057548,0.5935385304409763,0.0019960079840319,2.204161185339455,-0.5672027365597547,500
Random_Promoter_DREAM_base_track_12,T04_observable_alignment_proxy,4000,0.216254621781906,2.1013608129382906,1.6369584487797002,0.4830157280333982,-0.3759743424504711,-0.3754149618313696,-0.4153253234709896,-0.3379448486786492,-0.3253362040824004,0.5916695836132756,0.0019960079840319,2.20508816525036,-0.5681297164706598,500
Random_Promoter_DREAM_base_track_7,M05_GC_length_windowed_multi_char6,30000,0.2161579547027405,2.0926062319558265,1.6296401794978377,0.4667130821343053,-0.2577970491728694,-0.2579875973518479,-0.2702364735901608,-0.2472102124813414,-0.2416988015094952,0.4741455520545885,0.0019960079840319,2.100296508288861,-0.4706563287910235,500
Random_Promoter_DREAM_base_track_7,M05_GC_length_windowed_multi_char6,30000,0.2161579547027405,2.0926062319558265,1.6296401794978377,0.4667130821343053,-0.2576172160514812,-0.2574330999673531,-0.2702718057527395,-0.2458701706118069,-0.2390903088215197,0.4735910546700936,0.0019960079840319,2.0993411818176533,-0.4697010023198158,500
PARM_GSE301246_held_out_context_track_2,M05_GC_length_windowed_multi_char6,37500,0.2130274923748775,111.85284873379226,61.40879578450521,0.5262855955328082,-0.5379225216768335,-0.5382305051952219,-0.5510542899836216,-0.5236257814760324,-0.5113344644048929,0.7512579975700994,0.0019960079840319,82.14802905273439,-20.739233268229174,500
GSE221384_context_track,T04_observable_alignment_proxy,37500,0.211714037882436,1.6099967508487163,1.326798064371269,0.5433676313095602,-0.44922927322287,-0.449084780976711,-0.4620383017381921,-0.4373098213228581,-0.4341314395476954,0.660798818859147,0.0019960079840319,1.8118883838545676,-0.4850903194832985,500
Random_Promoter_DREAM_base_track_12,M04_GC_length_windowed_char6,4000,0.2097640786402871,2.110044023147031,1.6428920627574302,0.4612182469310248,-0.2650115834717371,-0.2645783582018362,-0.2959008519743078,-0.2328730290900765,-0.2181870764483826,0.4743424368421233,0.0019960079840319,2.1141675910172264,-0.4712755282597962,500
Random_Promoter_DREAM_base_track_12,M04_GC_length_windowed_char6,4000,0.2097640786402871,2.110044023147031,1.6428920627574302,0.4612182469310248,-0.2640079882822483,-0.2643599223801269,-0.2946973578259604,-0.233227364301072,-0.2156850144035376,0.4741240010204141,0.0019960079840319,2.1141670995599857,-0.4712750368025555,500
Random_Promoter_DREAM_base_track_15,M05_GC_length_windowed_multi_char6,20000,0.209547504930313,2.1192677361743324,1.6390332780302066,0.4621721851426448,-0.276524468829159,-0.2762773737156384,-0.292316206774749,-0.2608385320371064,-0.2530910733245213,0.4858248786459515,0.0019960079840319,2.129304295284583,-0.4902710172543763,500
Random_Promoter_DREAM_base_track_15,M05_GC_length_windowed_multi_char6,20000,0.209547504930313,2.1192677361743324,1.6390332780302066,0.4621721851426448,-0.2761807204257954,-0.2758243738923729,-0.2918583925039694,-0.2605934569505588,-0.2562689753942639,0.4853718788226859,0.0019960079840319,2.128885372609224,-0.4898520945790172,500
GSE221384_context_track,T05_uncertainty_ensemble_proxy,37500,0.2084672223661844,1.613308994809454,1.329256668135541,0.5429206779777038,-0.4532718674761216,-0.4533848267379273,-0.4643237505658562,-0.4408081230012279,-0.4372226270754582,0.6618520491041118,0.0019960079840319,1.8142086277143656,-0.4849519595788245,500
Random_Promoter_DREAM_base_track_12,T05_uncertainty_ensemble_proxy,4000,0.2083020203221625,2.111995074545695,1.6475838663766855,0.4786010345568817,-0.3873971390143158,-0.3879379180565645,-0.4247703726964158,-0.3486425142802658,-0.3355759050140996,0.596239938378727,0.0019960079840319,2.2144150263222047,-0.5668311599455189,500
Random_Promoter_DREAM_base_track_12,T05_uncertainty_ensemble_proxy,4000,0.2083020203221625,2.111995074545695,1.6475838663766855,0.4786010345568817,-0.3878804278633607,-0.3887650294587085,-0.4247470977094765,-0.3499282298187567,-0.3204910852389682,0.597067049780871,0.0019960079840319,2.2133599313653187,-0.565776064988633,500
Random_Promoter_DREAM_base_track_9,T05_uncertainty_ensemble_proxy,4000,0.2037889874898391,0.6768318206885667,0.4096223631772905,0.6160839388256399,-1.0709303765765272,-1.0706144781997844,-1.1322707658809488,-1.0054986068479044,-0.9748152180442472,1.2744034656896237,0.0019960079840319,0.8403260026741697,-0.4307036394968792,500
Random_Promoter_DREAM_base_track_13,T05_uncertainty_ensemble_proxy,4000,0.2037889874898391,0.6768318206885667,0.4096223631772905,0.6160839388256399,-1.072560759273475,-1.0730925286135649,-1.1375803964585405,-1.0061402925431246,-0.9586241479605646,1.276881516103404,0.0019960079840319,0.8404629068446392,-0.4308405436673487,500
Random_Promoter_DREAM_base_track_18,T05_uncertainty_ensemble_proxy,4000,0.2037889874898391,0.6768318206885667,0.4096223631772905,0.6160839388256399,-1.073483439993906,-1.0730995310921354,-1.1378225437737,-1.0094011171714787,-0.9792031580569948,1.2768885185819745,0.0019960079840319,0.8410018858056145,-0.431379522628324,500
Random_Promoter_DREAM_base_track_13,T05_uncertainty_ensemble_proxy,4000,0.2037889874898391,0.6768318206885667,0.4096223631772905,0.6160839388256399,-1.0715515000144846,-1.071219360859525,-1.1391684975238443,-1.0091218686697907,-0.9725756392618972,1.2750083483493642,0.0019960079840319,0.8405446831807306,-0.4309223200034401,500
Random_Promoter_DREAM_base_track_18,T05_uncertainty_ensemble_proxy,4000,0.2037889874898391,0.6768318206885667,0.4096223631772905,0.6160839388256399,-1.0701697208001302,-1.0690391548543,-1.1339619888713073,-1.0097428699115047,-0.9748434431809028,1.272828142344139,0.0019960079840319,0.8402043902540097,-0.4305820270767192,500
Random_Promoter_DREAM_base_track_10,M05_GC_length_windowed_multi_char6,20000,0.1984063075130742,2.1146070391805623,1.6269307442191805,0.4516506190518979,-0.2747042949852842,-0.2747787302721806,-0.2886807636879874,-0.2608798100047844,-0.2497668327729116,0.4731850377852548,0.0019960079840319,2.094049673061437,-0.4671189288422566,500
Random_Promoter_DREAM_base_track_10,M05_GC_length_windowed_multi_char6,20000,0.1984063075130742,2.1146070391805623,1.6269307442191805,0.4516506190518979,-0.2749355545794755,-0.2751682209620484,-0.29005239535492,-0.2612651492864461,-0.2543172980446688,0.4735745284751226,0.0019960079840319,2.0945145737239765,-0.4675838295047962,500
Random_Promoter_DREAM_base_track_6,M05_GC_length_windowed_multi_char6,30000,0.1946269753324144,2.1230936866279766,1.6331715476943534,0.4480268190732899,-0.2768305152288853,-0.2767283726167677,-0.2873448945362186,-0.265285938191837,-0.2586875425173978,0.4713553479491822,0.0019960079840319,2.1073101741249025,-0.4741386264305491,500
Random_Promoter_DREAM_base_track_6,M05_GC_length_windowed_multi_char6,30000,0.1946269753324144,2.1230936866279766,1.6331715476943534,0.4480268190732899,-0.2768710462803889,-0.2769167897737171,-0.289500398198994,-0.2641741503101671,-0.2582778359656907,0.4715437651061316,0.0019960079840319,2.1066834852756227,-0.4735119375812693,500
Random_Promoter_DREAM_base_track_11,M04_GC_length_windowed_char6,4000,0.1937272378188461,2.128305664720914,1.661639854323247,0.4432743977365698,-0.2449700428022274,-0.2448387485668645,-0.276846421568481,-0.2153120780265972,-0.2005233506784254,0.4385659863857106,0.0019960079840319,2.0901572628554543,-0.4285174085322076,500
Random_Promoter_DREAM_base_track_17,M04_GC_length_windowed_char6,4000,0.1937272378188461,2.128305664720914,1.661639854323247,0.4432743977365698,-0.2454695026712044,-0.2460030843506103,-0.2751799451084167,-0.2124926136301756,-0.1872316693940432,0.4397303221694565,0.0019960079840319,2.091132577363844,-0.4294927230405971,500
Random_Promoter_DREAM_base_track_20,M04_GC_length_windowed_char6,4000,0.1937272378188461,2.128305664720914,1.661639854323247,0.4432743977365698,-0.2453560385992189,-0.2455880487876544,-0.2772055934378561,-0.2125453016372783,-0.1987172265651229,0.4393152866065005,0.0019960079840319,2.090411340333403,-0.4287714860101561,500
Random_Promoter_DREAM_base_track_11,M04_GC_length_windowed_char6,4000,0.1937272378188461,2.128305664720914,1.661639854323247,0.4432743977365698,-0.2450680472794675,-0.2441577540242816,-0.2748609776901095,-0.2160228250811516,-0.207099181601335,0.4378849918431278,0.0019960079840319,2.089639756569308,-0.427999902246061,500
Random_Promoter_DREAM_base_track_17,M04_GC_length_windowed_char6,4000,0.1937272378188461,2.128305664720914,1.661639854323247,0.4432743977365698,-0.2455710684567413,-0.2451253647082533,-0.274409541154066,-0.2177023633439105,-0.2020489090693606,0.4388526025270994,0.0019960079840319,2.0917694559811664,-0.4301296016579197,500
Random_Promoter_DREAM_base_track_20,M04_GC_length_windowed_char6,4000,0.1937272378188461,2.128305664720914,1.661639854323247,0.4432743977365698,-0.2446140145875835,-0.2441133878223681,-0.2780338134116886,-0.2156095442108359,-0.1981553900271151,0.4378406256412143,0.0019960079840319,2.0900655089429607,-0.428425654619714,500
PARM_GSE301246_held_out_context_track_7,M02_GC_length_char6,10,0.1876025949248818,12402.523522839609,10484.9181640625,0.5048962821772497,-0.0661814935409702,-0.0657335482952384,-0.3763287988135411,0.2602129159280242,0.3498612466982493,0.2533361432201203,0.0578842315369261,11897.6771484375,-1412.758984375001,500
PARM_GSE301246_held_out_context_track_7,M02_GC_length_char6,10,0.1876025949248818,12402.523522839609,10484.9181640625,0.5048962821772497,-0.0682218333829809,-0.0634101328600071,-0.3866342125069099,0.2378359402753214,0.3155509987982711,0.251012727784889,0.0678642714570858,11864.7734375,-1379.8552734375007,500
PARM_GSE301246_held_out_context_track_7,M10_char6_residual_rescue,10,0.1866137031484336,12410.069720913662,10488.601171875,0.5027522911012816,-0.0645649925692679,-0.0591323295081261,-0.3747692170413259,0.216878458833426,0.359473160136721,0.2457460326565598,0.059880239520958,11832.675,-1344.0738281249996,500
PARM_GSE301246_held_out_context_track_7,M10_char6_residual_rescue,10,0.1866137031484336,12410.069720913662,10488.601171875,0.5027522911012816,-0.0607514095618704,-0.0629592841060675,-0.3626951833589401,0.2346416928531332,0.3608731442322228,0.2495729872545011,0.0538922155688622,11833.055859375,-1344.4546874999996,500
Random_Promoter_DREAM_base_track_14,M05_GC_length_windowed_multi_char6,20000,0.1827321907169697,2.152685728373215,1.657340266170849,0.4381881317529771,-0.2855533537991844,-0.2848807849404652,-0.3010235124623804,-0.2705791846152333,-0.2612763340117194,0.467612975657435,0.0019960079840319,2.1192148308276244,-0.4618745646567754,500
Random_Promoter_DREAM_base_track_19,M05_GC_length_windowed_multi_char6,20000,0.1827321907169697,2.152685728373215,1.657340266170849,0.4381881317529771,-0.2859103798569791,-0.2856403314727662,-0.3014813311875108,-0.2719871045823734,-0.2650642491823323,0.468372522189736,0.0019960079840319,2.1193242427288643,-0.4619839765580154,500
Random_Promoter_DREAM_base_track_14,M05_GC_length_windowed_multi_char6,20000,0.1827321907169697,2.152685728373215,1.657340266170849,0.4381881317529771,-0.2860120209603774,-0.2859049831028064,-0.3010833740368419,-0.2715074461192701,-0.2610358602441198,0.4686371738197762,0.0019960079840319,2.120078947208344,-0.4627386810374951,500
Random_Promoter_DREAM_base_track_19,M05_GC_length_windowed_multi_char6,20000,0.1827321907169697,2.152685728373215,1.657340266170849,0.4381881317529771,-0.2854143666738838,-0.2852139939021568,-0.300490663849322,-0.2706181889131455,-0.2643338885329249,0.4679461846191266,0.0019960079840319,2.119029552177952,-0.4616892860071027,500
Random_Promoter_DREAM_base_track_3,M05_GC_length_windowed_multi_char6,30000,0.178966296025042,2.1448613261397984,1.6373535754483508,0.4349911745497063,-0.2871276144723672,-0.2869118563335594,-0.2992279900530423,-0.2752681864073296,-0.2694965605340118,0.4658781523586014,0.0019960079840319,2.107064019556721,-0.4697104441083701,500
Random_Promoter_DREAM_base_track_3,M05_GC_length_windowed_multi_char6,30000,0.178966296025042,2.1448613261397984,1.6373535754483508,0.4349911745497063,-0.287404788658572,-0.2878577460577318,-0.3004058809027662,-0.2748218731502545,-0.2686979806992313,0.4668240420827738,0.0019960079840319,2.107286334934256,-0.4699327594859048,500
Random_Promoter_DREAM_base_track_11,T04_observable_alignment_proxy,4000,0.1747250769308136,2.1532394650988764,1.6772396872102473,0.4496897495236142,-0.3791962643882587,-0.3791910392146976,-0.4152567075331715,-0.341511641212545,-0.3076950765057007,0.5539161161455113,0.0019960079840319,2.20071538916529,-0.5234757019550427,500
Random_Promoter_DREAM_base_track_17,T04_observable_alignment_proxy,4000,0.1747250769308136,2.1532394650988764,1.6772396872102473,0.4496897495236142,-0.3785359720625316,-0.3795298198842217,-0.4175776622131286,-0.3388800319403202,-0.3185042400053191,0.5542548968150354,0.0019960079840319,2.2002425233869696,-0.5230028361767223,500
Random_Promoter_DREAM_base_track_20,T04_observable_alignment_proxy,4000,0.1747250769308136,2.1532394650988764,1.6772396872102473,0.4496897495236142,-0.3792404862269342,-0.3790214888116302,-0.4138025720907832,-0.3428172918266516,-0.3264503628565471,0.5537465657424439,0.0019960079840319,2.201881164501767,-0.5246414772915198,500
Random_Promoter_DREAM_base_track_11,T04_observable_alignment_proxy,4000,0.1747250769308136,2.1532394650988764,1.6772396872102473,0.4496897495236142,-0.3799493931209001,-0.3793303397730638,-0.4173421765891924,-0.3429009399468439,-0.3193077963559481,0.5540554167038775,0.0019960079840319,2.202289189513892,-0.5250495023036448,500
Random_Promoter_DREAM_base_track_17,T04_observable_alignment_proxy,4000,0.1747250769308136,2.1532394650988764,1.6772396872102473,0.4496897495236142,-0.3792768359055827,-0.3790131663246032,-0.4158520263191272,-0.339781214127421,-0.3071841180022669,0.5537382432554169,0.0019960079840319,2.201219752103147,-0.5239800648928996,500
Random_Promoter_DREAM_base_track_20,T04_observable_alignment_proxy,4000,0.1747250769308136,2.1532394650988764,1.6772396872102473,0.4496897495236142,-0.3788250326204264,-0.3785355797872151,-0.4143653941269309,-0.3382557725644091,-0.3167437256636207,0.5532606567180287,0.0019960079840319,2.200285321205953,-0.5230456339957057,500
GSE221384_context_track,M04_GC_length_windowed_char6,37500,0.1656723625609356,1.6563473539362787,1.3739779530850833,0.5101004570163951,-0.3845653761125638,-0.3845959603071225,-0.3956025946994087,-0.3751834523874676,-0.3687357155062594,0.5502683228680582,0.0019960079840319,1.780491662120525,-0.4065137090354414,500
Random_Promoter_DREAM_base_track_11,T05_uncertainty_ensemble_proxy,4000,0.1622927722138194,2.169397513146589,1.6889146104265966,0.4410835716023774,-0.3853214451982494,-0.3845762345576013,-0.4225849299552719,-0.3485094988714848,-0.3371106174260949,0.5468690067714208,0.0019960079840319,2.205984645293444,-0.5170700348668473,500
Random_Promoter_DREAM_base_track_17,T05_uncertainty_ensemble_proxy,4000,0.1622927722138194,2.169397513146589,1.6889146104265966,0.4410835716023774,-0.386911295941002,-0.3871706596459293,-0.4250270796826266,-0.346877559445728,-0.3234490904242448,0.5494634318597488,0.0019960079840319,2.204990232314528,-0.5160756218879314,500
Random_Promoter_DREAM_base_track_20,T05_uncertainty_ensemble_proxy,4000,0.1622927722138194,2.169397513146589,1.6889146104265966,0.4410835716023774,-0.385835071825106,-0.3867422835104006,-0.4197788805801877,-0.3480188376210015,-0.3171815017658337,0.5490350557242201,0.0019960079840319,2.205200248942275,-0.5162856385156782,500
Random_Promoter_DREAM_base_track_11,T05_uncertainty_ensemble_proxy,4000,0.1622927722138194,2.169397513146589,1.6889146104265966,0.4410835716023774,-0.3844630108728772,-0.3850131945057136,-0.4249733664045573,-0.3441478189338257,-0.3285633317903189,0.547305966719533,0.0019960079840319,2.203917571929984,-0.5150029615033873,500
Random_Promoter_DREAM_base_track_17,T05_uncertainty_ensemble_proxy,4000,0.1622927722138194,2.169397513146589,1.6889146104265966,0.4410835716023774,-0.3843656487690511,-0.3833925909858984,-0.4214993900273215,-0.3518577668050927,-0.3251813369099177,0.5456853631997178,0.0019960079840319,2.2046432743843822,-0.5157286639577856,500
Random_Promoter_DREAM_base_track_20,T05_uncertainty_ensemble_proxy,4000,0.1622927722138194,2.169397513146589,1.6889146104265966,0.4410835716023774,-0.3868346700298112,-0.3873723817253958,-0.4265725810632813,-0.3496336553942171,-0.3341429983248276,0.5496651539392152,0.0019960079840319,2.20628377753607,-0.5173691671094736,500
GSE221384_context_track,M02_GC_length_char6,37500,0.1602235342072092,1.6617471900274003,1.3788468030300007,0.5046150858233728,-0.3765147873879111,-0.3763815032613331,-0.3867775102364361,-0.3658173758685474,-0.3588821131505824,0.5366050374685424,0.0019960079840319,1.7756262908758544,-0.3967794878458537,500
GSE221384_context_track,M08_dynamic_condition_weighted_char6,37500,0.1602235342072092,1.6617471900274003,1.3788468030300007,0.5046150858233728,-0.3765239664141907,-0.3764792348133946,-0.3866915031161979,-0.366769674602571,-0.3612121124964762,0.5367027690206039,0.0019960079840319,1.7755188451865929,-0.3966720421565921,500
GSE221384_context_track,M10_char6_residual_rescue,37500,0.1602219671155552,1.661748740504845,1.3788442768381304,0.5046144355317975,-0.3765417029281225,-0.3765909486682021,-0.3861752450463039,-0.3657286772804053,-0.3547404907377367,0.5368129157837573,0.0019960079840319,1.7755036476257735,-0.3966593707876431,500
PARM_GSE301246_held_out_context_track_2,M06_GC_length_condition_gated_char6,37500,0.1325124304649639,117.43536426115018,49.83540424392147,0.3694553461605431,-0.1093174645781636,-0.1094833675446489,-0.1152480487975249,-0.1028291051037246,-0.0965855907020236,0.2419957980096129,0.0019960079840319,60.809992446903166,-10.9745882029817,500
Random_Promoter_DREAM_base_track_12,M01_GC_length,4000,0.1319952393514792,2.2114350378562047,1.7397732478736236,0.3641360504484507,-0.116233225668224,-0.116417374015223,-0.1380871711805439,-0.0957999620376501,-0.0792418862355299,0.2484126133667022,0.0019960079840319,1.98509922020178,-0.2453259723281564,500
Random_Promoter_DREAM_base_track_12,M01_GC_length,4000,0.1319952393514792,2.2114350378562047,1.7397732478736236,0.3641360504484507,-0.1170516942187198,-0.1172393453538551,-0.1372070100391372,-0.0953917206460901,-0.0859706284225643,0.2492345847053344,0.0019960079840319,1.9865507162354303,-0.2467774683618067,500
PARM_GSE301246_held_out_context_track_4,M10_char6_residual_rescue,10,0.1307468128158083,104.1001460331126,72.92946968078613,0.4126779133340689,-0.0534971045819312,-0.0891784985438185,-0.2993026765834393,0.2385326117231398,0.2938137463253624,0.2199253113596269,0.1377245508982036,77.44685516357421,-4.517385482788086,500
PARM_GSE301246_held_out_context_track_4,M10_char6_residual_rescue,10,0.1307468128158083,104.1001460331126,72.92946968078613,0.4126779133340689,-0.055076629682397,-0.0810740060873435,-0.3018200698610451,0.2378698801057561,0.2830914021272948,0.2118208189031518,0.1477045908183632,77.44550361633301,-4.516033935546886,500
PARM_GSE301246_held_out_context_track_4,M02_GC_length_char6,10,0.1266220501304509,104.34684068313564,73.08245048522949,0.4064518471166306,-0.0506916152710871,-0.0796399526431238,-0.2956995438745208,0.2277107215194228,0.2629313323023997,0.2062620027735747,0.155688622754491,77.44073295593262,-4.358282470703131,500
PARM_GSE301246_held_out_context_track_4,M02_GC_length_char6,10,0.1266220501304509,104.34684068313564,73.08245048522949,0.4064518471166306,-0.0495614283801015,-0.080658000549614,-0.2811954957338554,0.2344752299067232,0.2735235037245139,0.2072800506800649,0.1696606786427145,76.96579780578614,-3.883347320556652,500
Random_Promoter_DREAM_base_track_8,M01_GC_length,4000,0.1235545090099412,2.250026519920571,1.7697462804845752,0.3524248669440183,-0.1081313776750244,-0.1076235073613159,-0.1283993104643737,-0.0886297415159954,-0.0813702372911273,0.2311780163712572,0.0019960079840319,2.0002036209000758,-0.2304573404155001,500
Random_Promoter_DREAM_base_track_8,M01_GC_length,4000,0.1235545090099412,2.250026519920571,1.7697462804845752,0.3524248669440183,-0.1085715457725679,-0.1086231411472196,-0.1273178758168294,-0.0888814395327213,-0.0773257116337959,0.2321776501571608,0.0019960079840319,2.000979404552585,-0.2312331240680096,500
Random_Promoter_DREAM_base_track_6,M01_GC_length,30000,0.1196539940447641,2.219715519072296,1.7564276313766,0.3459372752183476,-0.1173956806481965,-0.1175323496091068,-0.1249904658321594,-0.1098120668028493,-0.1043602305590249,0.237186343653871,0.0019960079840319,1.9900271707016557,-0.2335995393250556,500
Random_Promoter_DREAM_base_track_6,M01_GC_length,30000,0.1196539940447641,2.219715519072296,1.7564276313766,0.3459372752183476,-0.1171803125066661,-0.1172068613921042,-0.1247971966431637,-0.1102792037843263,-0.105301649424691,0.2368608554368684,0.0019960079840319,1.989775408703508,-0.2333477773269079,500
Random_Promoter_DREAM_base_track_3,M01_GC_length,30000,0.119071823285625,2.221718218761027,1.758422372574964,0.3451013257253505,-0.1165583861934739,-0.1163382138874408,-0.1243492720595661,-0.1091115672192263,-0.1055289331579256,0.2354100371730658,0.0019960079840319,1.9921849510926208,-0.2337625785176567,500
Random_Promoter_DREAM_base_track_3,M01_GC_length,30000,0.119071823285625,2.221718218761027,1.758422372574964,0.3451013257253505,-0.1163450677660064,-0.1164671835658978,-0.1238997717381372,-0.1090114753339366,-0.1044115585070593,0.2355390068515228,0.0019960079840319,1.991841748511192,-0.2334193759362277,500
Random_Promoter_DREAM_base_track_15,M01_GC_length,20000,0.1188231320772532,2.2375846961731285,1.765075585916276,0.3447872477465847,-0.1149780002601991,-0.1147757465413839,-0.1254188595841107,-0.1058428333224062,-0.1017605514483772,0.2335988786186371,0.0019960079840319,1.9973837087975903,-0.2323081228813144,500
Random_Promoter_DREAM_base_track_15,M01_GC_length,20000,0.1188231320772532,2.2375846961731285,1.765075585916276,0.3447872477465847,-0.1149767895179876,-0.1151348694705929,-0.1244119316781034,-0.1051833799689977,-0.0998987037568484,0.2339580015478461,0.0019960079840319,1.9973942234786397,-0.2323186375623633,500
Random_Promoter_DREAM_base_track_7,M01_GC_length,30000,0.1160845001684071,2.222176811681505,1.7559997642598453,0.3407152943167451,-0.116859546579495,-0.1168676079408247,-0.1243470841885235,-0.1097799493591561,-0.1064907209113428,0.2329521081092318,0.0019960079840319,1.98319641349584,-0.2271966492359944,500
Random_Promoter_DREAM_base_track_7,M01_GC_length,30000,0.1160845001684071,2.222176811681505,1.7559997642598453,0.3407152943167451,-0.1167808069420149,-0.116807587510946,-0.1244442048930329,-0.1093833102837506,-0.1042177971361879,0.2328920876793531,0.0019960079840319,1.9834318277308756,-0.22743206347103,500
PARM_GSE301246_held_out_context_track_7,M05_GC_length_windowed_multi_char6,10,0.1145857180492881,12947.891668529031,11017.68486328125,0.4193637459739656,-0.253063704778194,-0.247951840773355,-0.7697597857856687,0.2593311765883477,0.4631318018688823,0.3625375588226432,0.0978043912175648,12838.952050781249,-1821.2671874999976,500
PARM_GSE301246_held_out_context_track_7,M05_GC_length_windowed_multi_char6,10,0.1145857180492881,12947.891668529031,11017.68486328125,0.4193637459739656,-0.2612739637864555,-0.2679163786912792,-0.8278873543616072,0.2276649228682443,0.4573817854826802,0.3825020967405674,0.0998003992015968,12884.70595703125,-1867.02109375,500
Random_Promoter_DREAM_base_track_14,M01_GC_length,20000,0.1139083978078434,2.241494849641923,1.7658644594370403,0.3375326602356988,-0.1109055709942718,-0.1110392722564714,-0.1196030180112514,-0.1014935995402361,-0.0960722402622058,0.2249476700643149,0.0019960079840319,1.9866680066857447,-0.2208035472487044,500
Random_Promoter_DREAM_base_track_19,M01_GC_length,20000,0.1139083978078434,2.241494849641923,1.7658644594370403,0.3375326602356988,-0.1110100123677316,-0.1109610786323012,-0.1207873251531497,-0.1020332263004089,-0.0987718291035033,0.2248694764401446,0.0019960079840319,1.9863311717675445,-0.2204667123305042,500
Random_Promoter_DREAM_base_track_14,M01_GC_length,20000,0.1139083978078434,2.241494849641923,1.7658644594370403,0.3375326602356988,-0.1109080414123431,-0.111113780292176,-0.119617007333054,-0.1013040870171294,-0.0973163448616467,0.2250221781000194,0.0019960079840319,1.986668071512911,-0.2208036120758707,500
Random_Promoter_DREAM_base_track_19,M01_GC_length,20000,0.1139083978078434,2.241494849641923,1.7658644594370403,0.3375326602356988,-0.1113819546446963,-0.1114858095054279,-0.120689250226243,-0.1020815996026678,-0.0978600336675099,0.2253942073132714,0.0019960079840319,1.9863670252078856,-0.2205025657708452,500
Random_Promoter_DREAM_base_track_10,M01_GC_length,20000,0.1131860669427069,2.224174113905489,1.743713273001269,0.3367950652088259,-0.1156835597925782,-0.1157545055396992,-0.124894862951745,-0.1056626696278158,-0.101820893814579,0.2289405724824061,0.0019960079840319,1.9673752952429135,-0.2236620222416447,500
Random_Promoter_DREAM_base_track_10,M01_GC_length,20000,0.1131860669427069,2.224174113905489,1.743713273001269,0.3367950652088259,-0.1159311252207913,-0.1157365957292928,-0.1247363624311875,-0.107116980248669,-0.1002850881125283,0.2289226626719998,0.0019960079840319,1.9678934781666615,-0.2241802051653927,500
Random_Promoter_DREAM_base_track_11,M01_GC_length,4000,0.1128989151501926,2.2324387993443016,1.7559484183644891,0.3360738402296576,-0.1168733293322642,-0.116882918162118,-0.1372520543880435,-0.0967782397660123,-0.0877943890780612,0.2297818333123107,0.0019960079840319,1.9813655910845016,-0.2254171727200127,500
Random_Promoter_DREAM_base_track_17,M01_GC_length,4000,0.1128989151501926,2.2324387993443016,1.7559484183644891,0.3360738402296576,-0.1169779628222025,-0.1170817260098712,-0.1389475594234191,-0.0951992136395451,-0.0721653482117268,0.2299806411600639,0.0019960079840319,1.9801427285799496,-0.2241943102154604,500
Random_Promoter_DREAM_base_track_20,M01_GC_length,4000,0.1128989151501926,2.2324387993443016,1.7559484183644891,0.3360738402296576,-0.117943056266857,-0.1179537085659305,-0.1368856258046357,-0.0982000309902981,-0.0874954079841057,0.2308526237161232,0.0019960079840319,1.9803912893624225,-0.2244428709979333,500
Random_Promoter_DREAM_base_track_11,M01_GC_length,4000,0.1128989151501926,2.2324387993443016,1.7559484183644891,0.3360738402296576,-0.1167494053167668,-0.1168471237865523,-0.1378211619597793,-0.0951681435362993,-0.079788279954251,0.229746038936745,0.0019960079840319,1.97994186749928,-0.2239934491347908,500
Random_Promoter_DREAM_base_track_17,M01_GC_length,4000,0.1128989151501926,2.2324387993443016,1.7559484183644891,0.3360738402296576,-0.1177467232571871,-0.1169908342775986,-0.1385692664185034,-0.0977278223856447,-0.0834461596882496,0.2298897494277912,0.0019960079840319,1.981035576393253,-0.2250871580287639,500
Random_Promoter_DREAM_base_track_20,M01_GC_length,4000,0.1128989151501926,2.2324387993443016,1.7559484183644891,0.3360738402296576,-0.1179302415051346,-0.1181447441158538,-0.1391623209871091,-0.096708821104501,-0.0859646646919907,0.2310436592660465,0.0019960079840319,1.9807425002113237,-0.2247940818468341,500
Random_Promoter_DREAM_base_track_4,M01_GC_length,30000,0.1120061345753843,2.245264000518577,1.769230270297175,0.3347152640885157,-0.1151845757957418,-0.1152319106309041,-0.1222180220061876,-0.1073759139368846,-0.1040621254799292,0.2272380452062884,0.0019960079840319,1.9958087524233463,-0.2265784821261716,500
Random_Promoter_DREAM_base_track_4,M01_GC_length,30000,0.1120061345753843,2.245264000518577,1.769230270297175,0.3347152640885157,-0.11547962408202,-0.1153009324280587,-0.1229502795028391,-0.107771392628636,-0.1048927161355604,0.227307067003443,0.0019960079840319,1.99563228208299,-0.2264020117858152,500
Random_Promoter_DREAM_base_track_16,M01_GC_length,29852,0.1110208900529778,2.2463731702488987,1.7664660268907253,0.333225174079126,-0.1113242354233366,-0.1112469099289619,-0.1186761002827343,-0.1046852872310455,-0.1006601063228977,0.2222677999819398,0.0019960079840319,1.986721572153909,-0.2202555452631838,500
Random_Promoter_DREAM_base_track_16,M01_GC_length,29852,0.1110208900529778,2.2463731702488987,1.7664660268907253,0.333225174079126,-0.111605195630558,-0.11148384022375,-0.1191951585516886,-0.1046781229089979,-0.1002486811196325,0.2225047302767279,0.0019960079840319,1.986429458170444,-0.2199634312797187,500
PARM_GSE301246_held_out_context_track_3,T04_observable_alignment_proxy,10,0.1063082092923233,223.810118373482,158.88467000753027,0.3900611905804453,-0.0209782519333362,-0.0329478021929782,-0.2285237809766774,0.210026780989443,0.2615128796739432,0.1392560114853015,0.1696606786427145,170.43723127509583,-11.552561267565553,500
PARM_GSE301246_held_out_context_track_3,T04_observable_alignment_proxy,10,0.1063082092923233,223.810118373482,158.88467000753027,0.3900611905804453,-0.0218267427087089,-0.0396613326434825,-0.2355715055570952,0.2213589877431758,0.2826888103380799,0.1459695419358059,0.1896207584830339,170.4359267410216,-11.551256733491329,500
PARM_GSE301246_held_out_context_track_5,M01_GC_length,10,0.1003740109858631,27.30520160437121,22.615113067626957,0.4288516473367822,-0.0103149655433546,-0.013678792513609,-0.1860762400585189,0.172285443535729,0.2445330132563391,0.1140528034994722,0.1477045908183632,24.74683303833008,-2.131719970703124,500
PARM_GSE301246_held_out_context_track_5,M01_GC_length,10,0.1003740109858631,27.30520160437121,22.615113067626957,0.4288516473367822,-0.0253850179339897,-0.0293749369214044,-0.1886498816136518,0.1494485764485587,0.2018582072314212,0.1297489479072676,0.1117764471057884,24.92112045288086,-2.3060073852539062,500
PARM_GSE301246_held_out_context_track_2,M02_GC_length_char6,37500,0.0965607319283577,119.844125487267,65.91599988113403,0.3822961433478666,-0.3056506876002423,-0.3056431423394935,-0.3150689137927369,-0.2954943762411367,-0.2841660574664628,0.4022038742678513,0.0019960079840319,81.146598624115,-15.230598742980971,500
PARM_GSE301246_held_out_context_track_2,M08_dynamic_condition_weighted_char6,37500,0.0965607319283577,119.844125487267,65.91599988113403,0.3822961433478666,-0.306025817105744,-0.306103753753123,-0.3170733171430965,-0.2946051878870506,-0.2849444680882307,0.4026644856814808,0.0019960079840319,81.13330482131958,-15.217304940185556,500
PARM_GSE301246_held_out_context_track_2,M10_char6_residual_rescue,37500,0.0965602347717711,119.8441584619728,65.91588885309855,0.3822959400042407,-0.3054357449453631,-0.3052554878143041,-0.3151517457721881,-0.2951575979731289,-0.2909603027791956,0.4018157225860752,0.0019960079840319,81.1398209477234,-15.223932094624844,500
PARM_GSE301246_held_out_context_track_4,M11_multi_char6_residual_rescue,10,0.0959391092709877,106.16394150075664,66.42471656799316,0.3333856164927871,-0.0537944265082449,-0.0834752998306058,-0.2957241882245839,0.285367458305132,0.3329825449085705,0.1794144091015935,0.1736526946107784,71.44179496765136,-5.017078399658203,500
PARM_GSE301246_held_out_context_track_4,M11_multi_char6_residual_rescue,10,0.0959391092709877,106.16394150075664,66.42471656799316,0.3333856164927871,-0.0592737589217255,-0.0800813311615947,-0.2923894156259428,0.2715497056057443,0.3328626006217335,0.1760204404325824,0.1277445109780439,71.65981559753418,-5.2350990295410185,500
PARM_GSE301246_held_out_context_track_7,T04_observable_alignment_proxy,10,0.0923785229032428,13109.260018800502,10797.0253515625,0.3869449097778106,-0.0423175187684212,-0.0367811997814466,-0.3078767439522137,0.17705858234932,0.2543657311482945,0.1291597226846895,0.1676646706586826,11510.847109375,-713.8217578125023,500
PARM_GSE301246_held_out_context_track_7,T04_observable_alignment_proxy,10,0.0923785229032428,13109.260018800502,10797.0253515625,0.3869449097778106,-0.0397447772525773,-0.0416087374507609,-0.2834997974275944,0.183699495428926,0.2338285980339075,0.1339872603540038,0.1956087824351297,11538.6095703125,-741.5842187500002,500
PARM_GSE301246_held_out_context_track_7,M03_GC_length_multi_char6,10,0.0923785009564526,13109.260177295086,10797.0255859375,0.3869449097778106,-0.0624367213406844,-0.058341830643269,-0.302824259701148,0.1584833973956958,0.2358852222550091,0.1507203315997216,0.1117764471057884,11614.391015625,-817.3654296875011,500
PARM_GSE301246_held_out_context_track_7,M03_GC_length_multi_char6,10,0.0923785009564526,13109.260177295086,10797.0255859375,0.3869449097778106,-0.0392238807786764,-0.0436177864931895,-0.2612863451791001,0.1819733253802345,0.2569821635399614,0.1359962874496422,0.1756487025948103,11592.769921875,-795.7443359375011,500
PARM_GSE301246_held_out_context_track_4,M03_GC_length_multi_char6,10,0.0920174579265198,106.39395224740618,66.64254798889161,0.3268959232187268,-0.048969352113868,-0.0849066647675104,-0.2785086690146579,0.2844689002920875,0.3181106039130601,0.1769241226940302,0.1736526946107784,71.245560836792,-4.603012847900388,500
PARM_GSE301246_held_out_context_track_4,M03_GC_length_multi_char6,10,0.0920174579265198,106.39395224740618,66.64254798889161,0.3268959232187268,-0.0580305680382829,-0.0836631760993652,-0.2862358604571399,0.2686871623587207,0.3189855958680856,0.175680634025885,0.1497005988023952,71.46879577636719,-4.82624778747558,500
PARM_GSE301246_held_out_context_track_4,T04_observable_alignment_proxy,10,0.092017325584363,106.39396000108202,66.6424988937378,0.3268959232187268,-0.0475742291896267,-0.0734188082841416,-0.2790222822980475,0.2640993884932134,0.3205847916728558,0.1654361338685046,0.1876247504990019,71.39234477996827,-4.749845886230474,500
PARM_GSE301246_held_out_context_track_4,T04_observable_alignment_proxy,10,0.092017325584363,106.39396000108202,66.6424988937378,0.3268959232187268,-0.0541100309679778,-0.0821542819194997,-0.2923949535330681,0.2715887354671799,0.3098762103643763,0.1741716075038627,0.155688622754491,71.71861056327819,-5.076111669540396,500
PARM_GSE301246_held_out_context_track_7,M11_multi_char6_residual_rescue,10,0.0917931307968564,13113.4869022186,10803.570703125,0.3845535807431608,-0.0483231558660591,-0.0488223064466785,-0.2805515663498359,0.1665439148151361,0.2566028059280429,0.1406154372435349,0.1217564870259481,11563.8599609375,-760.2892578124993,500
PARM_GSE301246_held_out_context_track_7,M11_multi_char6_residual_rescue,10,0.0917931307968564,13113.4869022186,10803.570703125,0.3845535807431608,-0.0444065574719458,-0.0456879563946068,-0.2865310648993918,0.1897559232914845,0.2753199694073629,0.1374810871914633,0.1457085828343313,11559.0173828125,-755.4466796875004,500
PARM_GSE301246_held_out_context_track_4,T05_uncertainty_ensemble_proxy,10,0.0736878593839059,107.46248297484264,69.09100875854492,0.3597641859337359,-0.022700346341504,-0.0401754200852956,-0.1433826417998619,0.1322820504832535,0.1414918979060475,0.1138632794692016,0.1996007984031936,70.91191940307617,-1.8209106445312528,500
PARM_GSE301246_held_out_context_track_4,T05_uncertainty_ensemble_proxy,10,0.0736878593839059,107.46248297484264,69.09100875854492,0.3597641859337359,-0.021230745983428,-0.0398135574872698,-0.1414759799713035,0.1245448190827963,0.1451029555913595,0.1135014168711758,0.2075848303393213,70.94121704101562,-1.8502082824707031,500
Random_Promoter_DREAM_base_track_8,T04_observable_alignment_proxy,4000,0.0708902609707468,2.3166407300184417,1.7163431919274723,0.4304228264114916,-0.5905951831992629,-0.590792599781251,-0.642543142858669,-0.5428386342470682,-0.508968785265234,0.6616828607519978,0.0019960079840319,2.3408870747977275,-0.624543882870255,500
Random_Promoter_DREAM_base_track_8,M03_GC_length_multi_char6,4000,0.0708902599710907,2.3166407312647124,1.71634319178669,0.4304228264114917,-0.5915903105690609,-0.5919007241801613,-0.6342570106057562,-0.5413748142515872,-0.5086235000852242,0.662790984151252,0.0019960079840319,2.3396527774860774,-0.6233095856993873,500
Random_Promoter_DREAM_base_track_8,M03_GC_length_multi_char6,4000,0.0708902599710907,2.3166407312647124,1.71634319178669,0.4304228264114917,-0.5932483843099964,-0.592244288139465,-0.6415934388185659,-0.548914458038093,-0.5259265814803242,0.6631345481105557,0.0019960079840319,2.341408615090357,-0.6250654233036672,500
Random_Promoter_DREAM_base_track_8,M11_multi_char6_residual_rescue,4000,0.0708802608258061,2.316653197157557,1.7163599587036504,0.4304269928580537,-0.5928216134272276,-0.5934312805769125,-0.6375655673568505,-0.549101074491182,-0.5130254545563193,0.6643115414027186,0.0019960079840319,2.3406752457575744,-0.6243152870539239,500
Random_Promoter_DREAM_base_track_8,M11_multi_char6_residual_rescue,4000,0.0708802608258061,2.316653197157557,1.7163599587036504,0.4304269928580537,-0.5907672500748458,-0.590569861263072,-0.636196915691258,-0.5406938997167406,-0.5243323425020818,0.6614501220888781,0.0019960079840319,2.340706750524718,-0.6243467918210674,500
Random_Promoter_DREAM_base_track_2,M01_GC_length,14221,0.0690147535308095,0.7247005533052316,0.6030066403354347,0.2628867333543556,-0.0641383832909123,-0.0639614889289873,-0.0730850103184043,-0.0555859019865715,-0.0523275053500496,0.1329762424597969,0.0019960079840319,0.6566960164305075,-0.0536893760950727,500
Random_Promoter_DREAM_base_track_5,M01_GC_length,14221,0.0690147535308095,0.7247005533052316,0.6030066403354347,0.2628867333543556,-0.0644996073180477,-0.0646052426514719,-0.0731987399391849,-0.0561586779116138,-0.0517190617914873,0.1336199961822815,0.0019960079840319,0.6568708092475823,-0.0538641689121476,500
Random_Promoter_DREAM_base_track_2,M01_GC_length,14221,0.0690147535308095,0.7247005533052316,0.6030066403354347,0.2628867333543556,-0.0642806079977437,-0.0641442242477213,-0.0728991943140385,-0.0565111625686918,-0.0535464010742967,0.1331589777785309,0.0019960079840319,0.6566684278220491,-0.0536617874866144,500
Random_Promoter_DREAM_base_track_5,M01_GC_length,14221,0.0690147535308095,0.7247005533052316,0.6030066403354347,0.2628867333543556,-0.0640443170905556,-0.0640398766046326,-0.0731125758146941,-0.0551751716664233,-0.0469096211503614,0.1330546301354421,0.0019960079840319,0.6567547343686635,-0.0537480940332287,500
PARM_GSE301246_held_out_context_track_3,T05_uncertainty_ensemble_proxy,10,0.0675155573180159,228.6160043506566,164.27512182829133,0.326474360700838,-0.0229076645482907,-0.0324081009173822,-0.1750820587146676,0.1606686966104457,0.2165002268630552,0.0999236582353981,0.1576846307385229,171.52280246676244,-7.24768063847111,500
PARM_GSE301246_held_out_context_track_3,T05_uncertainty_ensemble_proxy,10,0.0675155573180159,228.6160043506566,164.27512182829133,0.326474360700838,-0.0113690037830605,-0.018112760378747,-0.1792638911239656,0.1665357053719439,0.2066477681148131,0.085628317696763,0.1916167664670658,170.4139241022146,-6.138802273923261,500
PARM_GSE301246_held_out_context_track_2,M04_GC_length_windowed_char6,37500,0.0654986409129509,121.88695784162432,65.6658265234375,0.3380246595256704,-0.2582683008090001,-0.2584522951468619,-0.2677855833809192,-0.2476150604616158,-0.2401784833533469,0.3239509360598129,0.0019960079840319,79.88834865234375,-14.222522128906247,500
Random_Promoter_DREAM_base_track_9,M01_GC_length,4000,0.0596887036092397,0.7355335807784099,0.61521655862325,0.244990233637709,-0.0591250472302855,-0.0593812294662963,-0.073719196937414,-0.0423834072997943,-0.0336404979207658,0.119069933075536,0.0019960079840319,0.6633915239862073,-0.0481749653629572,500
Random_Promoter_DREAM_base_track_13,M01_GC_length,4000,0.0596887036092397,0.7355335807784099,0.61521655862325,0.244990233637709,-0.0607890398245473,-0.0609687712358376,-0.0758604792313968,-0.0465518245925142,-0.0339642883427826,0.1206574748450773,0.0019960079840319,0.6639212207676994,-0.0487046621444494,500
Random_Promoter_DREAM_base_track_18,M01_GC_length,4000,0.0596887036092397,0.7355335807784099,0.61521655862325,0.244990233637709,-0.060816137793567,-0.0609904940077861,-0.0771162514595784,-0.0465342895433165,-0.0358768752559395,0.1206791976170258,0.0019960079840319,0.6638083485704237,-0.0485917899471737,500
Random_Promoter_DREAM_base_track_9,M01_GC_length,4000,0.0596887036092397,0.7355335807784099,0.61521655862325,0.244990233637709,-0.0594517527612479,-0.059379645713391,-0.0741398984964049,-0.0438112364729679,-0.0334704951547699,0.1190683493226307,0.0019960079840319,0.6634798379418192,-0.0482632793185692,500
Random_Promoter_DREAM_base_track_13,M01_GC_length,4000,0.0596887036092397,0.7355335807784099,0.61521655862325,0.244990233637709,-0.0601532338528518,-0.059896468581432,-0.074848438317375,-0.0441417717580612,-0.035900079754422,0.1195851721906717,0.0019960079840319,0.6635827059958287,-0.0483661473725787,500
Random_Promoter_DREAM_base_track_18,M01_GC_length,4000,0.0596887036092397,0.7355335807784099,0.61521655862325,0.244990233637709,-0.0604917937160682,-0.0605902996735013,-0.0756046688469793,-0.0462117867601606,-0.0403460731391367,0.1202790032827411,0.0019960079840319,0.663748513445219,-0.048531954821969,500
PARM_GSE301246_held_out_context_track_4,T04_observable_alignment_proxy,10,0.0575084266398585,108.3969171444887,73.36993784115245,0.2467778775132957,-0.0354701868317197,-0.0307197646145823,-0.2676378365933133,0.207779663847952,0.2341721684823189,0.0882281912544409,0.2395209580838323,74.68475602713485,-1.3148181859824035,500
PARM_GSE301246_held_out_context_track_4,T04_observable_alignment_proxy,10,0.0575084266398585,108.3969171444887,73.36993784115245,0.2467778775132957,-0.0381291908550042,-0.0408561963746861,-0.2759245303777496,0.2039236094092188,0.2401025173843624,0.0983646230145447,0.2634730538922156,74.6150211285725,-1.2450832874200444,500
PARM_GSE301246_held_out_context_track_7,M04_GC_length_windowed_char6,10,0.0540123829508213,13383.46357913989,11587.78056640625,0.313830149394033,-0.2331323458159602,-0.2369070141495175,-0.8385277613252997,0.3549273464343909,0.4967982813737822,0.2909193971003389,0.2295409181636726,12779.55908203125,-1191.7785156249993,500
PARM_GSE301246_held_out_context_track_7,M04_GC_length_windowed_char6,10,0.0540123829508213,13383.46357913989,11587.78056640625,0.313830149394033,-0.2502950934914038,-0.239263701120036,-0.8788716579197725,0.3466598147890328,0.502770784390955,0.2932760840708573,0.1976047904191616,12913.46103515625,-1325.680468749999,500
PARM_GSE301246_held_out_context_track_7,T05_uncertainty_ensemble_proxy,10,0.049439634994237,13415.771310301936,10990.60244140625,0.3347168117973721,-0.0412189038155591,-0.037063060120316,-0.22428746853084,0.1348398725329923,0.1680335591965313,0.0865026951145531,0.18562874251497,11435.13271484375,-444.5302734375,500
PARM_GSE301246_held_out_context_track_7,T05_uncertainty_ensemble_proxy,10,0.049439634994237,13415.771310301936,10990.60244140625,0.3347168117973721,-0.0347830530480114,-0.0318517664708665,-0.2145174702509557,0.1400610917030283,0.1985457548279414,0.0812914014651036,0.1896207584830339,11416.58212890625,-425.9796874999993,500
GSE221384_context_track,M06_GC_length_condition_gated_char6,37500,0.0467148148731171,1.7704942682630926,1.488524267022912,0.4811884812745285,-0.2852322499437575,-0.2851702436153845,-0.2917641417841892,-0.278409942067062,-0.273360341047173,0.3318850584885017,0.0019960079840319,1.733032906061179,-0.2445086390382671,500
PARM_GSE301246_held_out_context_track_7,T05_uncertainty_ensemble_proxy,10,0.0324340092868971,13535.2441192628,11124.940749755931,0.2208784250460262,-0.0157248315499516,-0.0145766784443198,-0.147354366417926,0.1022205250154207,0.1543241523325942,0.0470106877312169,0.2435129740518962,11342.701119795633,-217.76037003970123,500
PARM_GSE301246_held_out_context_track_7,T05_uncertainty_ensemble_proxy,10,0.0324340092868971,13535.2441192628,11124.940749755931,0.2208784250460262,-0.0158122145988285,-0.0177621136304154,-0.146844901159273,0.1221644559099976,0.1519389549459502,0.0501961229173125,0.2315369261477046,11389.739674750268,-264.79892499433663,500
PARM_GSE301246_held_out_context_track_4,T05_uncertainty_ensemble_proxy,10,0.0255661050156734,110.21847149795902,73.21625932351056,0.1662597359983393,-0.0232477305234472,-0.0243592050192974,-0.1591302329153638,0.1290223352934345,0.1677037216660074,0.0499253100349709,0.2694610778443114,73.21625932351056,0.0,500
PARM_GSE301246_held_out_context_track_4,T05_uncertainty_ensemble_proxy,10,0.0255661050156734,110.21847149795902,73.21625932351056,0.1662597359983393,-0.0155431735628692,-0.0205271813998632,-0.156079474976568,0.1423284861336538,0.1686804870814873,0.0460932864155366,0.281437125748503,73.21625932351056,0.0,500
Random_Promoter_DREAM_base_track_12,M03_GC_length_multi_char6,4000,0.0195763218525154,2.3502822915491857,1.7446650392625629,0.4137811318725254,-0.6464112044489304,-0.647145266626311,-0.6944636820393878,-0.593695596130838,-0.5669374590641347,0.6667215884788265,0.0019960079840319,2.349866198787229,-0.605201159524666,500
Random_Promoter_DREAM_base_track_12,M03_GC_length_multi_char6,4000,0.0195763218525154,2.3502822915491857,1.7446650392625629,0.4137811318725254,-0.6441169383413108,-0.6433386398976468,-0.6930801671805825,-0.5968534591889073,-0.570556013798009,0.6629149617501623,0.0019960079840319,2.348485125944464,-0.603820086681901,500
Random_Promoter_DREAM_base_track_12,T04_observable_alignment_proxy,4000,0.0195762972651127,2.35028232101978,1.744665037612092,0.4137811318725253,-0.6437944673992372,-0.6423584054031238,-0.6919620069689238,-0.5997488501286388,-0.5642497154200088,0.6619347026682366,0.0019960079840319,2.348133283545044,-0.6034682459329517,500
Random_Promoter_DREAM_base_track_12,T04_observable_alignment_proxy,4000,0.0195762972651127,2.35028232101978,1.744665037612092,0.4137811318725253,-0.6467502510585355,-0.647565244827908,-0.6939894368384136,-0.5970493561032804,-0.5620971632500433,0.6671415420930208,0.0019960079840319,2.3504842763211142,-0.6058192387090222,500
Random_Promoter_DREAM_base_track_12,M11_multi_char6_residual_rescue,4000,0.0195381427543389,2.3503280527781314,1.744680308059232,0.4137879857723523,-0.6451333897189718,-0.6454455069397632,-0.6937037920794158,-0.6002215118746893,-0.5816608493252455,0.6649836496941022,0.0019960079840319,2.346979870377979,-0.6022995623187473,500
Random_Promoter_DREAM_base_track_12,M11_multi_char6_residual_rescue,4000,0.0195381427543389,2.3503280527781314,1.744680308059232,0.4137879857723523,-0.6443851795724115,-0.6443031192063071,-0.6933619826853431,-0.593573434265315,-0.5654720477650563,0.6638412619606461,0.0019960079840319,2.347602158152212,-0.60292185009298,500
Random_Promoter_DREAM_base_track_11,M03_GC_length_multi_char6,4000,0.0158315298470327,2.3514065866650893,1.736163450229723,0.3938497162929916,-0.590279551041031,-0.5914245634048308,-0.6387727788599616,-0.5371811800377406,-0.5108316824633381,0.6072560932518636,0.0019960079840319,2.3024888954421474,-0.5663254452124244,500
Random_Promoter_DREAM_base_track_17,M03_GC_length_multi_char6,4000,0.0158315298470327,2.3514065866650893,1.736163450229723,0.3938497162929916,-0.5868812529201098,-0.5859779077895222,-0.6320373488536636,-0.5384209469426718,-0.5061458710848281,0.6018094376365549,0.0019960079840319,2.2991503311976387,-0.5629868809679157,500
Random_Promoter_DREAM_base_track_20,M03_GC_length_multi_char6,4000,0.0158315298470327,2.3514065866650893,1.736163450229723,0.3938497162929916,-0.5883532608523635,-0.5884866671187942,-0.6358096178563957,-0.5382088797600474,-0.5051704361505338,0.6043181969658269,0.0019960079840319,2.300293637958413,-0.5641301877286902,500
Random_Promoter_DREAM_base_track_11,M03_GC_length_multi_char6,4000,0.0158315298470327,2.3514065866650893,1.736163450229723,0.3938497162929916,-0.5880782515659528,-0.5884559848178099,-0.6352368975882555,-0.5427270164708448,-0.5051809067535655,0.6042875146648427,0.0019960079840319,2.3004853055667622,-0.5643218553370393,500
Random_Promoter_DREAM_base_track_17,M03_GC_length_multi_char6,4000,0.0158315298470327,2.3514065866650893,1.736163450229723,0.3938497162929916,-0.5860194096732548,-0.5833597188107129,-0.6348834089116042,-0.539040168477332,-0.5212193879557583,0.5991912486577456,0.0019960079840319,2.2981980323969387,-0.5620345821672157,500
Random_Promoter_DREAM_base_track_20,M03_GC_length_multi_char6,4000,0.0158315298470327,2.3514065866650893,1.736163450229723,0.3938497162929916,-0.5881197032656625,-0.5896295674082599,-0.6336687858939695,-0.5433543073474334,-0.5048432448343649,0.6054610972552926,0.0019960079840319,2.299936417026275,-0.5637729667965521,500
Random_Promoter_DREAM_base_track_11,T04_observable_alignment_proxy,4000,0.0158315287445359,2.351406587982149,1.7361634504019556,0.3938497162929916,-0.5890783472337883,-0.5892231237876225,-0.6372474340717895,-0.5370146087168148,-0.5103807607687576,0.6050546525321585,0.0019960079840319,2.3015284757124856,-0.56536502531053,500
Random_Promoter_DREAM_base_track_17,T04_observable_alignment_proxy,4000,0.0158315287445359,2.351406587982149,1.7361634504019556,0.3938497162929916,-0.5864419742378817,-0.5862895176190097,-0.6325267516823111,-0.5413650165400855,-0.5181017413073132,0.6021210463635457,0.0019960079840319,2.2991097462260583,-0.5629462958241027,500
Random_Promoter_DREAM_base_track_20,T04_observable_alignment_proxy,4000,0.0158315287445359,2.351406587982149,1.7361634504019556,0.3938497162929916,-0.5883892877819564,-0.5883400440256323,-0.6347754579562397,-0.5428932350850111,-0.531999975995568,0.6041715727701683,0.0019960079840319,2.30102266493299,-0.5648592145310345,500
Random_Promoter_DREAM_base_track_11,T04_observable_alignment_proxy,4000,0.0158315287445359,2.351406587982149,1.7361634504019556,0.3938497162929916,-0.5890189021697315,-0.5887461931447551,-0.6358247395295945,-0.5437630479472676,-0.515715203141037,0.604577721889291,0.0019960079840319,2.300089201190728,-0.5639257507887723,500
Random_Promoter_DREAM_base_track_17,T04_observable_alignment_proxy,4000,0.0158315287445359,2.351406587982149,1.7361634504019556,0.3938497162929916,-0.5872385562001773,-0.5873861620484557,-0.635466280491656,-0.5427804232741065,-0.4874841688477467,0.6032176907929917,0.0019960079840319,2.300893606385547,-0.5647301559835913,500
Random_Promoter_DREAM_base_track_20,T04_observable_alignment_proxy,4000,0.0158315287445359,2.351406587982149,1.7361634504019556,0.3938497162929916,-0.5880783213440111,-0.5880331591573764,-0.6333880718537205,-0.5399860945840685,-0.5080337373350488,0.6038646879019124,0.0019960079840319,2.3002959367182623,-0.5641324863163066,500
Random_Promoter_DREAM_base_track_11,M11_multi_char6_residual_rescue,4000,0.0158185143491532,2.351422135134272,1.7361769349610394,0.3938527670220753,-0.5887726804970502,-0.5871289476923655,-0.6385556087400822,-0.5431301590508557,-0.5137854630488412,0.6029474620415187,0.0019960079840319,2.3009843305787925,-0.5648073956177531,500
Random_Promoter_DREAM_base_track_17,M11_multi_char6_residual_rescue,4000,0.0158185143491532,2.351422135134272,1.7361769349610394,0.3938527670220753,-0.5874249985958361,-0.5878832954010542,-0.6337960352848266,-0.5387343954843077,-0.5164498130979469,0.6037018097502075,0.0019960079840319,2.300994081960437,-0.5648171469993974,500
Random_Promoter_DREAM_base_track_20,M11_multi_char6_residual_rescue,4000,0.0158185143491532,2.351422135134272,1.7361769349610394,0.3938527670220753,-0.5895343485571594,-0.5891357606379402,-0.6389765567063375,-0.5433717020558484,-0.5163631888073337,0.6049542749870934,0.0019960079840319,2.3000236897189423,-0.5638467547579029,500
Random_Promoter_DREAM_base_track_11,M11_multi_char6_residual_rescue,4000,0.0158185143491532,2.351422135134272,1.7361769349610394,0.3938527670220753,-0.586011230939228,-0.5870844846273411,-0.6303964481441485,-0.5368545918632307,-0.5015397711078224,0.6029029989764944,0.0019960079840319,2.299642047323821,-0.5634651123627814,500
Random_Promoter_DREAM_base_track_17,M11_multi_char6_residual_rescue,4000,0.0158185143491532,2.351422135134272,1.7361769349610394,0.3938527670220753,-0.5853344470620605,-0.5855759400280232,-0.6305132344146275,-0.5384893428251405,-0.5057945025972708,0.6013944543771764,0.0019960079840319,2.2986166124163727,-0.5624396774553333,500
Random_Promoter_DREAM_base_track_20,M11_multi_char6_residual_rescue,4000,0.0158185143491532,2.351422135134272,1.7361769349610394,0.3938527670220753,-0.5884701466615545,-0.5892701723854581,-0.6345931972347727,-0.5455305906085982,-0.5232572431007119,0.6050886867346114,0.0019960079840319,2.301898527297697,-0.5657215923366581,500
PARM_GSE301246_held_out_context_track_4,M04_GC_length_windowed_char6,10,0.0143194779077834,110.85270118513183,91.12383117675782,0.4354940334632757,-0.2015151411824343,-0.1751319764738768,-0.5126526809519389,0.042868808714148,0.0667505462940453,0.1894514543816602,0.0758483033932135,98.36360168457033,-7.239770507812494,500
PARM_GSE301246_held_out_context_track_4,M04_GC_length_windowed_char6,10,0.0143194779077834,110.85270118513183,91.12383117675782,0.4354940334632757,-0.1932841885659231,-0.1637724865502574,-0.5252303065083624,0.0361798115790715,0.0844662439127037,0.1780919644580408,0.0658682634730539,98.06528930664062,-6.941458129882804,500
PARM_GSE301246_held_out_context_track_TaskB,M01_GC_length,133,7.004790365749969e-06,0.6571699180870441,0.5130866358853677,0.0477025871984965,-0.0027711052028557,-0.0025378645369932,-0.0140209704724269,0.0065353604703721,0.010894387182434,0.0025448693273589,0.3233532934131736,0.5150278224783589,-0.0019411865929911,500
PARM_GSE301246_held_out_context_track_TaskB,M01_GC_length,133,7.004790365749969e-06,0.6571699180870441,0.5130866358853677,0.0477025871984965,-0.0024813305259575,-0.0024795800277215,-0.0115271842747383,0.0069703094314365,0.0127019958998061,0.0024865848180872,0.3213572854291417,0.514771328960433,-0.0016846930750652,500
PARM_GSE301246_Task_C_stress_test,M01_GC_length,384,-0.0056214340025095,0.2690658008401317,0.2413746547674338,0.2665449813155058,-0.0372511943688461,-0.0373291008407026,-0.0486352650966584,-0.0252448251987506,-0.0174091388890669,0.031707666838193,0.0019960079840319,0.2443092946293155,-0.0029346398618817,500
PARM_GSE301246_Task_C_stress_test,M01_GC_length,384,-0.0056214340025095,0.2690658008401317,0.2413746547674338,0.2665449813155058,-0.0373987838282783,-0.0374530480632779,-0.049977396143279,-0.0253461629077639,-0.0202555442945397,0.0318316140607684,0.0019960079840319,0.2442893604201277,-0.0029147056526939,500
PARM_GSE301246_held_out_context_track,M01_GC_length,384,-0.0056214340025095,0.2690658008401317,0.2413746547674338,0.2665449813155058,-0.0373140620380416,-0.037226218728087,-0.0489040115722176,-0.0253291918677703,-0.0181516893252136,0.0316047847255774,0.0019960079840319,0.244292814653794,-0.0029181598863601,500
PARM_GSE301246_held_out_context_track,M01_GC_length,384,-0.0056214340025095,0.2690658008401317,0.2413746547674338,0.2665449813155058,-0.037181595369938,-0.0372100480428595,-0.0489276760607798,-0.0251616748385506,-0.0193607318362813,0.0315886140403499,0.0019960079840319,0.2442408353734413,-0.0028661806060075,500
PARM_GSE301246_held_out_context_track,M01_GC_length,384,-0.0056214340025095,0.2690658008401317,0.2413746547674338,0.2665449813155058,-0.03715045458657,-0.0369522349108147,-0.0490468903528082,-0.0254675128600293,-0.0179878516241012,0.0313308009083052,0.0019960079840319,0.2442700902035037,-0.0028954354360699,500
PARM_GSE301246_held_out_context_track,M01_GC_length,384,-0.0056214340025095,0.2690658008401317,0.2413746547674338,0.2665449813155058,-0.0370568275684816,-0.0372154134250565,-0.0496049502745523,-0.0245080100601168,-0.0187339828465005,0.0315939794225469,0.0019960079840319,0.244301365037014,-0.0029267102695802,500
PARM_GSE301246_held_out_context_track_7,T04_observable_alignment_proxy,10,-0.0061914340298117,13802.765304199937,11476.364520134372,0.0634390013202379,-0.0216111882959201,-0.0223648340309483,-0.2031862302225379,0.1418152681905737,0.2281228287577968,0.0161734000011366,0.4391217564870259,11360.257212602508,116.10730753186544,500
PARM_GSE301246_held_out_context_track_7,T04_observable_alignment_proxy,10,-0.0061914340298117,13802.765304199937,11476.364520134372,0.0634390013202379,-0.02088075009113,-0.0154030921747478,-0.2309083520430655,0.1788228162865399,0.218940018548895,0.0092116581449361,0.4610778443113772,11410.007434672403,66.3570854619702,500
PARM_GSE301246_held_out_context_track_2,M01_GC_length,37500,-0.0289281540936006,127.89683413994808,67.23605770833333,-0.0004973071406062,-0.0289235833449572,-0.028921593396502,-0.0290425490779227,-0.0287923282638337,-0.0287429780583512,-6.560697098589863e-06,0.5449101796407185,67.24191266927083,-0.0058549609374978,500
PARM_GSE301246_held_out_context_track_4,M01_GC_length,10,-0.0292799176035207,113.27783564306073,82.44448318481446,-0.0033286022183924,-0.0304185791995927,-0.0352068822936344,-0.126597347067145,0.1040428567921421,0.1207756040299716,0.0059269646901136,0.4550898203592814,80.94163131713867,1.502851867675787,500
PARM_GSE301246_held_out_context_track_4,M01_GC_length,10,-0.0292799176035207,113.27783564306073,82.44448318481446,-0.0033286022183924,-0.0286258672078205,-0.0374035381956926,-0.1277398769266552,0.1119786055329005,0.1341966145131439,0.0081236205921718,0.4291417165668663,80.94163131713867,1.502851867675787,500
Random_Promoter_DREAM_base_track,M01_GC_length,348,-0.0318665370054027,0.2246194518814436,0.1927084016101442,-0.2531695420465324,-0.0259521066334299,-0.0259502244148951,-0.0282995463574339,-0.0232644861176865,-0.0219945879001988,-0.0059163125905076,1.0,0.1923019056964523,0.0004064959136918,500
Random_Promoter_DREAM_base_track,M01_GC_length,348,-0.0318665370054027,0.2246194518814436,0.1927084016101442,-0.2531695420465324,-0.0259085320472014,-0.0258923190139153,-0.0284391306780018,-0.0236292282054578,-0.0209724715999035,-0.0059742179914874,1.0,0.1922824711670053,0.0004259304431389,500
Random_Promoter_DREAM_base_track,M01_GC_length,348,-0.0318665370054027,0.2246194518814436,0.1927084016101442,-0.2531695420465324,-0.0258869066624347,-0.0258652338933332,-0.0282688510947393,-0.0234796038220786,-0.0222331275244975,-0.0060013031120694,1.0,0.1922864523359057,0.0004219492742384,500
Random_Promoter_DREAM_base_track,M01_GC_length,348,-0.0318665370054027,0.2246194518814436,0.1927084016101442,-0.2531695420465324,-0.0260535769602725,-0.0260636845437548,-0.0282969118379852,-0.023578198160849,-0.0224090248362378,-0.0058028524616479,1.0,0.1923114018906122,0.000396999719532,500
PARM_GSE301246_held_out_context_track_4,M05_GC_length_windowed_multi_char6,10,-0.0388858324091774,113.80519957766442,89.13852157592774,0.4463455844336638,-0.5699303262355638,-0.684216656522314,-1.0853856931907864,0.1648078008230236,0.3185362165630785,0.6453308241131366,0.1576846307385229,113.92937240600584,-24.790850830078117,500
PARM_GSE301246_held_out_context_track_4,M05_GC_length_windowed_multi_char6,10,-0.0388858324091774,113.80519957766442,89.13852157592774,0.4463455844336638,-0.5782713410841978,-0.6746563903240222,-1.1401100414453762,0.1646202558488825,0.3493715885372657,0.6357705579148448,0.1516966067864271,113.92937240600584,-24.790850830078117,500
PARM_GSE301246_held_out_context_track_5,T04_observable_alignment_proxy,10,-0.0468122371809367,29.45430545244741,24.783515311979656,0.5568620923537548,-0.2921143243382497,-0.291687267715591,-0.5647404600685102,-0.0337668257229406,0.0823207232223662,0.2448750305346543,0.0359281437125748,26.89598839129608,-2.1124730793164237,500
PARM_GSE301246_held_out_context_track_5,T04_observable_alignment_proxy,10,-0.0468122371809367,29.45430545244741,24.783515311979656,0.5568620923537548,-0.2871740483321768,-0.291716340304744,-0.5735716402599351,0.011853251634303,0.0692396399073089,0.2449041031238072,0.0558882235528942,26.88229878108141,-2.098783469101754,500
Random_Promoter_DREAM_base_track_8,M05_GC_length_windowed_multi_char6,4000,-0.0506887115269154,2.463554727751849,1.7981941365703968,0.3345030648233497,-0.5437257521897468,-0.5446988584521252,-0.5881313205470959,-0.4970050232482211,-0.4800757184561366,0.4940101469252097,0.0019960079840319,2.269708092184894,-0.4715139556144971,500
Random_Promoter_DREAM_base_track_8,M05_GC_length_windowed_multi_char6,4000,-0.0506887115269154,2.463554727751849,1.7981941365703968,0.3345030648233497,-0.5429987239323175,-0.5434324316334869,-0.5879925922197857,-0.4915698136002814,-0.4722895469593871,0.4927437201065714,0.0019960079840319,2.269983416645333,-0.4717892800749363,500
PARM_GSE301246_held_out_context_track,M01_GC_length,1500,-0.0584408673849712,65.58954313546396,43.901538365681965,0.041337249675156,-0.0604846477039497,-0.0604805576499037,-0.0629648551235293,-0.0579651543961896,-0.0568660854890075,0.0020396902649325,0.059880239520958,43.91446060434977,-0.0129222386678051,500
PARM_GSE301246_held_out_context_track,M01_GC_length,1500,-0.0584408673849712,65.58954313546396,43.901538365681965,0.041337249675156,-0.0604567949974353,-0.0604676380114158,-0.0629446355486609,-0.0579731729502637,-0.0567044813178596,0.0020267706264446,0.0678642714570858,43.916887924194334,-0.0153495585123692,500
PARM_GSE301246_held_out_context_track_3,T05_uncertainty_ensemble_proxy,10,-0.0630678240253106,244.0991793759832,166.13470001220702,-0.1405273588725839,-0.0260918465641602,-0.0405380240807992,-0.1862921687730625,0.163168785710143,0.2064881332525302,-0.0225297999445114,0.6047904191616766,168.20328826904296,-2.068588256835937,500
PARM_GSE301246_held_out_context_track_3,T05_uncertainty_ensemble_proxy,10,-0.0630678240253106,244.0991793759832,166.13470001220702,-0.1405273588725839,-0.0227577286013817,-0.0335528138168101,-0.1845565826460542,0.171539834589933,0.2132786612938187,-0.0295150102085004,0.6307385229540918,167.34598236083986,-1.2112823486328352,500
PARM_GSE301246_held_out_context_track_3,M11_multi_char6_residual_rescue,10,-0.0756153043501088,245.535515241723,182.62039337158205,-0.0777822982257831,-0.0413715858141587,-0.0531043494401846,-0.288202774063259,0.2156742592945179,0.2643703707541501,-0.0225109549099242,0.5768463073852296,177.3162872314453,5.304106140136724,500
PARM_GSE301246_held_out_context_track_3,M11_multi_char6_residual_rescue,10,-0.0756153043501088,245.535515241723,182.62039337158205,-0.0777822982257831,-0.0409535346186005,-0.047331445616715,-0.2983364059575164,0.2271199066118214,0.2748761311274617,-0.0282838587333937,0.590818363273453,176.64916076660154,5.971232604980486,500
PARM_GSE301246_held_out_context_track_3,T04_observable_alignment_proxy,10,-0.0764529754735114,245.6311061007397,182.59974464416504,-0.080203290053296,-0.0354001668793259,-0.0443469823737605,-0.2935059057907543,0.2289121784843956,0.2863446616536003,-0.0321059930997509,0.6147704590818364,176.38238561630249,6.217359027862557,500
PARM_GSE301246_held_out_context_track_3,T04_observable_alignment_proxy,10,-0.0764529754735114,245.6311061007397,182.59974464416504,-0.080203290053296,-0.0445139556296925,-0.0574978049939118,-0.3025260785971485,0.2166097815198947,0.2855200363033559,-0.0189551704795996,0.5868263473053892,177.10690406799318,5.492840576171858,500
PARM_GSE301246_held_out_context_track_3,M03_GC_length_multi_char6,10,-0.0764531695481958,245.63112824326623,182.599919128418,-0.0802032900532959,-0.0382756393207834,-0.0447024265046478,-0.2840110350255297,0.212979036282717,0.2710663867123983,-0.0317507430435479,0.590818363273453,176.69649200439454,5.9034271240234375,500
PARM_GSE301246_held_out_context_track_3,M03_GC_length_multi_char6,10,-0.0764531695481958,245.63112824326623,182.599919128418,-0.0802032900532959,-0.0508235027134744,-0.0601430360517689,-0.307045624354584,0.2005580804770494,0.2492619686227444,-0.0163101334964268,0.5548902195608783,177.65969543457032,4.940223693847656,500
PARM_GSE301246_held_out_context_track_5,T05_uncertainty_ensemble_proxy,10,-0.0824596158402632,29.951614834993062,24.34637298583984,-0.089180301585761,-0.0452883048049302,-0.0450334532376344,-0.2995872580407327,0.2226951637236502,0.2967926814606837,-0.0374261626026288,0.5848303393213573,25.04509391784668,-0.6987209320068359,500
PARM_GSE301246_held_out_context_track_5,T05_uncertainty_ensemble_proxy,10,-0.0824596158402632,29.951614834993062,24.34637298583984,-0.089180301585761,-0.0412509534714469,-0.0406306769095442,-0.2924742954817254,0.2180789868527466,0.3089265395298218,-0.041828938930719,0.6027944111776448,25.00506401062012,-0.6586910247802749,500
Random_Promoter_DREAM_base_track_8,T05_uncertainty_ensemble_proxy,4000,-0.0873864628095064,2.5062081759021333,1.803371984386604,0.3792520693104461,-0.7402170267186352,-0.7412402784044658,-0.7907921553010995,-0.6842615563823228,-0.6584168680725402,0.6538538155949594,0.0019960079840319,2.401919173898464,-0.5985471895118601,500
PARM_GSE301246_held_out_context_track_TaskB,T05_uncertainty_ensemble_proxy,133,-0.0900094574162395,0.6861109168629391,0.546615750795887,0.3760258952027435,-0.737705549866791,-0.7403706350879483,-1.009589231954786,-0.4353102710362849,-0.3173029415219366,0.6503611776717088,0.0019960079840319,0.6847578501016396,-0.1381420993057526,500
PARM_GSE301246_held_out_context_track_TaskB,T05_uncertainty_ensemble_proxy,133,-0.0900094574162395,0.6861109168629391,0.546615750795887,0.3760258952027435,-0.7388701810487666,-0.7339838215968714,-1.031288523017241,-0.4501999991843414,-0.2837508599854828,0.6439743641806318,0.0019960079840319,0.6845638166056787,-0.1379480658097917,500
PARM_GSE301246_held_out_context_track_3,M10_char6_residual_rescue,10,-0.0915912441057063,247.35224381555616,190.5337707519531,-0.0683519328327961,-0.0678636550497643,-0.082972220030973,-0.3363596274297345,0.2055409209330619,0.2656451299290383,-0.0086190240747332,0.530938123752495,187.84096069335936,2.69281005859375,500
PARM_GSE301246_held_out_context_track_3,M10_char6_residual_rescue,10,-0.0915912441057063,247.35224381555616,190.5337707519531,-0.0683519328327961,-0.060086365920639,-0.0698323823960521,-0.327539862302058,0.209335181648391,0.2744406462504458,-0.0217588617096541,0.5708582834331337,186.5433547973633,3.990415954589821,500
PARM_GSE301246_held_out_context_track_5,T05_uncertainty_ensemble_proxy,10,-0.0916287287721235,30.07820182885249,24.829117173623068,0.4450691232001131,-0.2126356273040107,-0.2123011580794707,-0.3876431651297362,-0.0356064251531279,0.0257950693473071,0.1206724293073471,0.091816367265469,26.202691152082767,-1.3735739784596994,500
PARM_GSE301246_held_out_context_track_5,T05_uncertainty_ensemble_proxy,10,-0.0916287287721235,30.07820182885249,24.829117173623068,0.4450691232001131,-0.2237679578110438,-0.2240866142412906,-0.3958419011132174,-0.0264899004842852,0.0393667734564834,0.132457885469167,0.0878243512974051,26.3966455046076,-1.5675283309845334,500
PARM_GSE301246_held_out_context_track_3,M02_GC_length_char6,10,-0.092151374674491,247.4156978716269,190.47565002441405,-0.0698729762158874,-0.0617629627534944,-0.0656972753484356,-0.3256786112848965,0.1956858301479825,0.2581112227293661,-0.0264540993260554,0.592814371257485,187.4068603515625,3.068789672851551,500
PARM_GSE301246_held_out_context_track_3,M02_GC_length_char6,10,-0.092151374674491,247.4156978716269,190.47565002441405,-0.0698729762158874,-0.0665089697887903,-0.0778839587568221,-0.3404402422412707,0.2078375572010365,0.2620710393686433,-0.0142674159176688,0.5389221556886228,186.3641128540039,4.111537170410145,500
GSE221384_context_track,M01_GC_length,37500,-0.0934773010932685,1.896216797114288,1.6292200813449134,0.021579183427931,-0.0951087578263724,-0.0951173128066328,-0.0959137285427498,-0.0943110807557961,-0.0938319739665454,0.0016400117133642,0.0019960079840319,1.6306006544676246,-0.0013805731227112,500
PARM_GSE301246_Task_C_stress_test,M06_GC_length_condition_gated_char6,32976,-0.1060870027332971,0.1585230999108818,0.0926316249666388,0.0731444679213452,-0.1406880371642421,-0.1406706785673496,-0.1458871313234561,-0.1354941799165437,-0.1317601333641154,0.0345836758340524,0.0019960079840319,0.0953819398343872,-0.0027503148677484,500
PARM_GSE301246_held_out_context_track_3,M01_GC_length,10,-0.1194317940053204,250.48668855606533,185.7540954589844,-0.2532685712696507,-0.0407385434130332,-0.0331300473287832,-0.2722769107606091,0.1283093348929633,0.1839268574654844,-0.0863017466765372,0.7884231536926147,182.4690887451172,3.285006713867205,500
PARM_GSE301246_held_out_context_track_3,M01_GC_length,10,-0.1194317940053204,250.48668855606533,185.7540954589844,-0.2532685712696507,-0.0415632123568231,-0.0333440626267497,-0.2716235525087355,0.1337225317628746,0.1749876074335316,-0.0860877313785707,0.8063872255489022,182.76158752441407,2.9925079345703125,500
PARM_GSE301246_Task_C_stress_test,M01_GC_length,32976,-0.1431127212368077,0.1611545013676547,0.1027118904845351,0.0165166406415037,-0.1445175569910695,-0.1445244528173582,-0.1454619743181468,-0.1437016757481899,-0.1431683128285936,0.0014117315805505,0.0019960079840319,0.102833101235897,-0.0001212107513618,500
PARM_GSE301246_Task_C_stress_test,T05_uncertainty_ensemble_proxy,32976,-0.1458563130401313,0.1613477794152511,0.0931098457828759,0.1159376705090226,-0.2506626909781446,-0.2507636467706744,-0.2603398339158758,-0.2413813246231656,-0.2358313622317496,0.104907333730543,0.0019960079840319,0.0982851134384917,-0.0051752676556158,500
PARM_GSE301246_held_out_context_track_5,M02_GC_length_char6,10,-0.1477330073994001,30.84145274159969,26.137132263183595,-0.1187501628024278,-0.0941603221507046,-0.1004236120853779,-0.4355677808743288,0.2310013289618534,0.4067235436954889,-0.0473093953140221,0.6087824351297405,25.55159912109375,0.5855331420898438,500
PARM_GSE301246_held_out_context_track_5,M02_GC_length_char6,10,-0.1477330073994001,30.84145274159969,26.137132263183595,-0.1187501628024278,-0.0775905453160218,-0.0826763636540039,-0.4206537948575451,0.2540379056416939,0.4018370976682658,-0.0650566437453961,0.6407185628742516,25.34581642150879,0.7913158416748054,500
PARM_GSE301246_held_out_context_track_5,M10_char6_residual_rescue,10,-0.1482792562586583,30.848791166217936,26.139873504638672,-0.1176710188140473,-0.073400521436024,-0.0684023801522838,-0.3888656097381483,0.2406144694903689,0.3394088478093968,-0.0798768761063745,0.6606786427145709,25.119485092163085,1.0203884124755866,500
PARM_GSE301246_held_out_context_track_5,M10_char6_residual_rescue,10,-0.1482792562586583,30.848791166217936,26.139873504638672,-0.1176710188140473,-0.0871677443771558,-0.089924593638755,-0.4194243662350015,0.2548903300386069,0.3520060022331085,-0.0583546626199033,0.6167664670658682,25.479524993896483,0.6603485107421889,500
PARM_GSE301246_held_out_context_track_5,T04_observable_alignment_proxy,10,-0.1517751885917349,30.895714998965246,24.160861606597894,-0.2065143675906182,-0.0451407056096761,-0.0502899088241239,-0.3579908503463862,0.2449300804450639,0.3810991553120034,-0.1014852797676109,0.7345309381237525,24.94747525215149,-0.7866136455535937,500
PARM_GSE301246_held_out_context_track_5,T04_observable_alignment_proxy,10,-0.1517751885917349,30.895714998965246,24.160861606597894,-0.2065143675906182,-0.0490666782131688,-0.0555708756332538,-0.323734810237146,0.2387505263125435,0.3199821070728491,-0.096204312958481,0.7425149700598802,24.93575019836426,-0.7748885917663628,500
PARM_GSE301246_held_out_context_track_5,M03_GC_length_multi_char6,10,-0.1517752016113618,30.8957151735873,24.16087188720703,-0.206514367590618,-0.0530611768394341,-0.055708826901888,-0.3465304095346077,0.2591953872695396,0.3611294331722798,-0.0960663747094737,0.7385229540918163,25.002968597412107,-0.8420967102050767,500
PARM_GSE301246_held_out_context_track_5,M03_GC_length_multi_char6,10,-0.1517752016113618,30.8957151735873,24.16087188720703,-0.206514367590618,-0.0519609635944876,-0.0578916764362851,-0.354147389176966,0.2473236787766291,0.3114710568678673,-0.0938835251750767,0.7465069860279441,25.174436187744146,-1.0135643005371122,500
PARM_GSE301246_held_out_context_track_5,M11_multi_char6_residual_rescue,10,-0.1520379588464893,30.89923912936396,24.15587310791016,-0.2061462432278435,-0.043274671447092,-0.0555589753491183,-0.3100934929763757,0.269450694380958,0.3438841294083258,-0.0964789834973709,0.7624750499001997,24.99360580444336,-0.8377326965332017,500
PARM_GSE301246_held_out_context_track_5,M11_multi_char6_residual_rescue,10,-0.1520379588464893,30.89923912936396,24.15587310791016,-0.2061462432278435,-0.0605857854793286,-0.06698077393292,-0.361431037789375,0.2663087819411597,0.3709814224212282,-0.0850571849135692,0.7085828343313373,25.164704895019533,-1.0088317871093757,500
PARM_GSE301246_Task_C_stress_test,T04_observable_alignment_proxy,32976,-0.1539308803120249,0.1619152704627864,0.0940906561678189,0.1167035517242973,-0.2587339100066407,-0.258926577006938,-0.268851961788966,-0.2491627998641602,-0.2325424019107798,0.104995696694913,0.0019960079840319,0.0994087531915414,-0.0053180970237225,500
PARM_GSE301246_held_out_context_track_7,M01_GC_length,10,-0.1735143109576802,14906.30457349116,12325.4060546875,-0.4720099054322935,-0.0354613718723538,-0.039188496513019,-0.2290192238189983,0.1620157095219232,0.2247501370646588,-0.1343258144446611,0.9141716566866268,11657.94609375,667.4599609375,500
PARM_GSE301246_held_out_context_track_7,M01_GC_length,10,-0.1735143109576802,14906.30457349116,12325.4060546875,-0.4720099054322935,-0.0323698467207538,-0.0355858714723369,-0.2249087736313463,0.1643435228213255,0.2084058823402431,-0.1379284394853432,0.8902195608782435,11657.9462890625,667.4597656250007,500
PARM_GSE301246_Task_C_stress_test,M04_GC_length_windowed_char6,32976,-0.1848219199716934,0.1640682145454434,0.1019515077637487,0.0725916103424103,-0.2268045213106509,-0.2268234605484912,-0.2322955646633805,-0.2208417369384572,-0.2173694721525243,0.0420015405767978,0.0019960079840319,0.1053239230670219,-0.0033724153032732,500
Random_Promoter_DREAM_base_track_12,T05_uncertainty_ensemble_proxy,4000,-0.1956481341477987,2.5954629151999105,1.827082872183021,0.3633575741135884,-0.8771480434475017,-0.8771797006196305,-0.9349310345126736,-0.8210300620567607,-0.7960861047462333,0.6815315664718318,0.0019960079840319,2.4266652637888497,-0.5995823916058287,500
Random_Promoter_DREAM_base_track_12,T05_uncertainty_ensemble_proxy,4000,-0.1956481341477987,2.5954629151999105,1.827082872183021,0.3633575741135884,-0.8750923880201612,-0.8743419213225166,-0.9405395940940724,-0.8164272359566096,-0.7891363991268421,0.678693787174718,0.0019960079840319,2.4255889541318028,-0.5985060819487817,500
Random_Promoter_DREAM_base_track_11,T05_uncertainty_ensemble_proxy,4000,-0.1974432852254775,2.593704426288759,1.834143011115058,0.3372659318919672,-0.7986688800687171,-0.7985310264396341,-0.8496899464095496,-0.7463921179664466,-0.7273689647709898,0.6010877412141566,0.0019960079840319,2.382581869678769,-0.548438858563711,500
Random_Promoter_DREAM_base_track_17,T05_uncertainty_ensemble_proxy,4000,-0.1974432852254775,2.593704426288759,1.834143011115058,0.3372659318919672,-0.8004535465604948,-0.8008294440798466,-0.8558860553881356,-0.742588646870399,-0.7054123695511136,0.6033861588543691,0.0019960079840319,2.383831105157708,-0.5496880940426501,500
Random_Promoter_DREAM_base_track_20,T05_uncertainty_ensemble_proxy,4000,-0.1974432852254775,2.593704426288759,1.834143011115058,0.3372659318919672,-0.8023346977784286,-0.8021049650114292,-0.8534507901281466,-0.7511740325047539,-0.7357659885126993,0.6046616797859518,0.0019960079840319,2.3845016006430626,-0.5503585895280045,500
Random_Promoter_DREAM_base_track_11,T05_uncertainty_ensemble_proxy,4000,-0.1974432852254775,2.593704426288759,1.834143011115058,0.3372659318919672,-0.7999096220545361,-0.8010710427066706,-0.8578652115126141,-0.738085323317504,-0.7083334678625628,0.6036277574811931,0.0019960079840319,2.3841277977135857,-0.5499847865985277,500
Random_Promoter_DREAM_base_track_17,T05_uncertainty_ensemble_proxy,4000,-0.1974432852254775,2.593704426288759,1.834143011115058,0.3372659318919672,-0.7998592173244147,-0.7997933848685704,-0.853873706080732,-0.744510975414326,-0.719924639297449,0.6023500996430929,0.0019960079840319,2.384154941011972,-0.5500119298969139,500
Random_Promoter_DREAM_base_track_20,T05_uncertainty_ensemble_proxy,4000,-0.1974432852254775,2.593704426288759,1.834143011115058,0.3372659318919672,-0.7985572957754029,-0.7981742561187831,-0.8507405934114651,-0.7429103742306541,-0.7223853231744426,0.6007309708933056,0.0019960079840319,2.384963667630493,-0.550820656515435,500
PARM_GSE301246_Task_C_stress_test,M02_GC_length_char6,32976,-0.1992820307842924,0.1650663602414646,0.1025433523511867,0.0823770957814115,-0.2542778120261682,-0.2544287761431588,-0.2615376998573452,-0.2465587481183964,-0.2425095191209547,0.0551467453588664,0.0019960079840319,0.1068045779113275,-0.0042612255601408,500
PARM_GSE301246_Task_C_stress_test,M08_dynamic_condition_weighted_char6,32976,-0.1992820307842924,0.1650663602414646,0.1025433523511867,0.0823770957814115,-0.2541922843246254,-0.2541569614563284,-0.2612657347495143,-0.2473414873045592,-0.2450410926020325,0.0548749306720359,0.0019960079840319,0.1067985902064637,-0.004255237855277,500
PARM_GSE301246_Task_C_stress_test,M10_char6_residual_rescue,32976,-0.1992846803423287,0.1650665425808345,0.1025434908227511,0.0823768903731915,-0.2543725866858893,-0.2543325721081521,-0.2622552891772591,-0.2478375388909567,-0.2440064690711541,0.0550478917658233,0.0019960079840319,0.1068094486471118,-0.0042659578243607,500
PARM_GSE301246_held_out_context_track_2,T04_observable_alignment_proxy,37500,-0.239659117533393,140.38425722857127,90.82902766228896,0.4057198454831343,-0.9358829670878048,-0.9361640392223964,-0.953196515526076,-0.9174879634353768,-0.9101941385835948,0.6965049216890034,0.0019960079840319,108.65791594540669,-17.828888283117735,500
Random_Promoter_DREAM_base_track_11,M05_GC_length_windowed_multi_char6,4000,-0.2442600751585866,2.643921702310731,1.8483774636652115,0.2691873243083344,-0.6914583104605719,-0.6914477528330726,-0.7466461660602738,-0.6398532201440217,-0.6094278368150956,0.447187677674486,0.0019960079840319,2.261870480018814,-0.4134930163536026,500
Random_Promoter_DREAM_base_track_17,M05_GC_length_windowed_multi_char6,4000,-0.2442600751585866,2.643921702310731,1.8483774636652115,0.2691873243083344,-0.6935837293956276,-0.6936145930459164,-0.7370517231063879,-0.6434811998995439,-0.6068538158187862,0.4493545178873298,0.0019960079840319,2.264691726386208,-0.4163142627209966,500
Random_Promoter_DREAM_base_track_20,M05_GC_length_windowed_multi_char6,4000,-0.2442600751585866,2.643921702310731,1.8483774636652115,0.2691873243083344,-0.6950711908358549,-0.6952080543278638,-0.7470652381595421,-0.6461520034414302,-0.6065685094948405,0.4509479791692772,0.0019960079840319,2.263922670662424,-0.4155452069972118,500
Random_Promoter_DREAM_base_track_11,M05_GC_length_windowed_multi_char6,4000,-0.2442600751585866,2.643921702310731,1.8483774636652115,0.2691873243083344,-0.695560152025106,-0.6944414529684325,-0.7508351402558292,-0.6482814967734608,-0.6181484430737629,0.4501813778098459,0.0019960079840319,2.263212644322252,-0.4148351806570403,500
Random_Promoter_DREAM_base_track_17,M05_GC_length_windowed_multi_char6,4000,-0.2442600751585866,2.643921702310731,1.8483774636652115,0.2691873243083344,-0.6924797780671069,-0.6922655283317305,-0.7473773273031616,-0.6392177966930079,-0.6167219511317634,0.4480054531731439,0.0019960079840319,2.261800217416912,-0.4134227537517005,500
Random_Promoter_DREAM_base_track_20,M05_GC_length_windowed_multi_char6,4000,-0.2442600751585866,2.643921702310731,1.8483774636652115,0.2691873243083344,-0.6906695818535249,-0.6907696573649174,-0.7426823641835381,-0.6408247474699563,-0.6011691572969153,0.4465095822063307,0.0019960079840319,2.262130080402109,-0.4137526167368974,500
PARM_GSE301246_Task_C_stress_test,M05_GC_length_windowed_multi_char6,32976,-0.2716381454060117,0.1699729004256069,0.0985827854423178,0.1391118414941181,-0.4173946124562776,-0.4175525357989165,-0.4284374004520054,-0.4061326117887645,-0.3988674371252882,0.1459143903929047,0.0019960079840319,0.1069438573261859,-0.008361071883868,500
Random_Promoter_DREAM_base_track_12,M05_GC_length_windowed_multi_char6,4000,-0.2807013787715808,2.686192122935874,1.823043353366439,0.2800360535389581,-0.7712146192144035,-0.7723899519061515,-0.8196782442940017,-0.7156849454742495,-0.6723420219952623,0.4916885731345706,0.0019960079840319,2.275733482125146,-0.4526901287587068,500
Random_Promoter_DREAM_base_track_12,M05_GC_length_windowed_multi_char6,4000,-0.2807013787715808,2.686192122935874,1.823043353366439,0.2800360535389581,-0.7707663257438234,-0.7698642638634995,-0.8291117846921383,-0.7203398073669103,-0.6968807942632251,0.4891628850919186,0.0019960079840319,2.276948229141717,-0.4539048757752781,500
PARM_GSE301246_held_out_context_track_6,T05_uncertainty_ensemble_proxy,10,-0.281537652369189,34.25382625347327,31.00683399822691,0.0607605003977474,-0.3178082205904893,-0.3094559579438686,-0.6179035071380148,-0.0366305842179356,0.0372216809812352,0.0279183055746795,0.4111776447105788,31.93922918866353,-0.932395190436619,500
PARM_GSE301246_held_out_context_track_6,T05_uncertainty_ensemble_proxy,10,-0.281537652369189,34.25382625347327,31.00683399822691,0.0607605003977474,-0.3093970769114081,-0.3038295886518389,-0.6107070748335863,-0.0314995129022401,0.0162160871486027,0.0222919362826499,0.4291417165668663,31.989226948377137,-0.9823929501502278,500
PARM_GSE301246_Task_C_stress_test,M03_GC_length_multi_char6,32976,-0.2858225762157047,0.1709182490812089,0.1000471529929756,0.1341176014689705,-0.4292440365381795,-0.4292946836670275,-0.4404824751939044,-0.4184857764274363,-0.4038443508884193,0.1434721074513227,0.0019960079840319,0.1093185003299804,-0.0092713473370047,500
PARM_GSE301246_Task_C_stress_test,M09_dynamic_condition_weighted_multi_char6,32976,-0.2858225762157047,0.1709182490812089,0.1000471529929756,0.1341176014689705,-0.4293098140919435,-0.4296594559367688,-0.4398747156501641,-0.4173001621584944,-0.4106158475443662,0.143836879721064,0.0019960079840319,0.1093308316088028,-0.0092836786158271,500
PARM_GSE301246_Task_C_stress_test,M12_dynamic_multi_char6_residual_rescue,32976,-0.2858225762157047,0.1709182490812089,0.1000471529929756,0.1341176014689705,-0.4297099708677713,-0.4299174356108195,-0.4408543965791498,-0.418444602928023,-0.4134642801504893,0.1440948593951148,0.0019960079840319,0.1093179053076431,-0.0092707523146674,500
PARM_GSE301246_Task_C_stress_test,T04_observable_alignment_proxy,32976,-0.2858225762157047,0.1709182490812089,0.1000471529929756,0.1341176014689705,-0.4295910604138097,-0.4299435373780184,-0.4413930755104826,-0.4176109848912133,-0.4071473837455148,0.1441209611623136,0.0019960079840319,0.1093318406578734,-0.0092846876648978,500
PARM_GSE301246_Task_C_stress_test,M11_multi_char6_residual_rescue,32976,-0.285831812491182,0.1709188629470824,0.1000472613078168,0.1341186040847881,-0.4297846304929322,-0.4299915797167011,-0.4417403888887964,-0.4180330816253355,-0.4147762697408699,0.144159767225519,0.0019960079840319,0.1093105829042005,-0.0092633215963837,500
PARM_GSE301246_Task_C_stress_test,T05_uncertainty_ensemble_proxy,32976,-0.2909060045168947,0.1712557737271789,0.1003157899640095,0.1341526600855612,-0.4362107403711005,-0.4360251185552921,-0.4473373122569258,-0.4253030692103074,-0.4144600580304183,0.1451191140383974,0.0019960079840319,0.1095597230170732,-0.0092439330530637,500
PARM_GSE301246_held_out_context_track_TaskB,M07_GC_length_condition_gated_multi_char6,133,-0.2942695314813499,0.7476383326200843,0.5569416066883889,0.3112679808588812,-0.8747209775974769,-0.8564047205765326,-1.1934304321311122,-0.5673143979014124,-0.1911668969672093,0.5621351890951827,0.0039920159680638,0.7047842611453177,-0.1478426544569288,500
PARM_GSE301246_held_out_context_track_TaskB,M07_GC_length_condition_gated_multi_char6,133,-0.2942695314813499,0.7476383326200843,0.5569416066883889,0.3112679808588812,-0.872765231910417,-0.8746316100613375,-1.2006525820492124,-0.5611571839850237,-0.3330038710112926,0.5803620785799876,0.0019960079840319,0.7050467651748229,-0.148105158486434,500
PARM_GSE301246_held_out_context_track_2,T05_uncertainty_ensemble_proxy,37500,-0.3396554359158714,145.9364657294723,96.32055262838011,0.4001573434424647,-1.0511967823137314,-1.051647032102502,-1.0686612825849242,-1.0318695414229655,-1.0228622586497544,0.7119915961866305,0.0019960079840319,113.74446161321902,-17.42390898483889,500
PARM_GSE301246_held_out_context_track_3,M04_GC_length_windowed_char6,10,-0.3515168998980109,275.23050878429984,237.001708984375,0.0946047725582677,-0.413603595254605,-0.4362775268169835,-0.7036650433714017,-0.0430675655451539,0.0437050729450683,0.0847606269189725,0.3013972055888224,246.62340698242187,-9.62169799804687,500
PARM_GSE301246_held_out_context_track_3,M04_GC_length_windowed_char6,10,-0.3515168998980109,275.23050878429984,237.001708984375,0.0946047725582677,-0.4021818738886673,-0.437323956161027,-0.7009292964911497,-0.0223792316738021,0.0399629427575252,0.0858070562630161,0.311377245508982,246.85061645507807,-9.848907470703123,500
Random_Promoter_DREAM_base_track,T04_observable_alignment_proxy,50000,-0.354086883506377,6.412042559250761,4.556426051996528,0.2197609139152815,-0.4657951150328079,-0.4657579455839891,-0.4706588397075513,-0.4611661612794847,-0.4582331246812445,0.111671062077612,0.0019960079840319,5.0079702640763095,-0.4515442120797814,500
Random_Promoter_DREAM_base_track,T05_uncertainty_ensemble_proxy,50000,-0.3550736063372757,6.417241912340264,4.561584335473289,0.2157873361866531,-0.465700100021834,-0.4657834731111668,-0.4697131728517839,-0.4613848389718201,-0.459752567779232,0.1107098667738911,0.0019960079840319,5.014322460173831,-0.4527381247005424,500
PARM_GSE301246_held_out_context_track_6,T05_uncertainty_ensemble_proxy,10,-0.3553394707607564,35.22633398254377,29.643170166015626,-0.3089926218580804,-0.1771862836578382,-0.2007318621777495,-0.5057084388457442,0.2461968950880977,0.345181822111741,-0.1546076085830069,0.8163672654690619,28.675354766845704,0.967815399169922,500
PARM_GSE301246_held_out_context_track_6,T05_uncertainty_ensemble_proxy,10,-0.3553394707607564,35.22633398254377,29.643170166015626,-0.3089926218580804,-0.1640075272569599,-0.1906263476347162,-0.4909973544136518,0.2729408352120828,0.3601814695843153,-0.1647131231260402,0.8303393213572854,28.41789016723633,1.2252799987792962,500
Random_Promoter_DREAM_base_track,M01_GC_length,50000,-0.3782558517100225,6.476991562947629,4.704159198225884,0.1647717574786371,-0.4281365684761638,-0.4281351609738902,-0.4307679366042316,-0.4256663731842299,-0.4237112794288826,0.0498793092638677,0.0019960079840319,4.893916154746858,-0.1897569565209744,500
PARM_GSE301246_held_out_context_track_6,T04_observable_alignment_proxy,10,-0.3818993383388147,35.569815268138306,30.89753868907855,-0.0072837696068431,-0.3774990775379294,-0.3911031632662483,-0.7839700436969379,0.08902906848169,0.232256826860474,0.0092038249274335,0.4830339321357285,31.649966685816963,-0.7524279967384118,500
PARM_GSE301246_held_out_context_track_6,T04_observable_alignment_proxy,10,-0.3818993383388147,35.569815268138306,30.89753868907855,-0.0072837696068431,-0.3551969374170635,-0.360125125247432,-0.753481673601858,0.0995166210969979,0.1971809258390305,-0.0217742130913827,0.5389221556886228,31.553835560895877,-0.6562968718173217,500
Random_Promoter_DREAM_base_track,M04_GC_length_windowed_char6,50000,-0.3839445354845487,6.487320424467978,4.6306727995877806,0.1599989965459544,-0.4544698325981695,-0.4544709763696362,-0.4582595579420842,-0.4510333416287872,-0.4485663756970501,0.0705264408850874,0.0019960079840319,4.965538484221119,-0.3348656846333382,500
Random_Promoter_DREAM_base_track,M05_GC_length_windowed_multi_char6,50000,-0.4078702647086025,6.546518577058785,4.679041555960169,0.1355611589109517,-0.4748878514126982,-0.4747006638832033,-0.4792428505386039,-0.4706300722803848,-0.4675898322277407,0.0668303991746007,0.0019960079840319,5.00780570456823,-0.3287641486080606,500
Random_Promoter_DREAM_base_track,M10_char6_residual_rescue,50000,-0.4154088842222281,6.563982265104576,4.60616167762096,0.1408494992354285,-0.4920345654940095,-0.4920596949458724,-0.4967906189092692,-0.487323961433936,-0.4850075892235315,0.0766508107236443,0.0019960079840319,5.050743708904269,-0.4445820312833097,500
Random_Promoter_DREAM_base_track,M03_GC_length_multi_char6,50000,-0.4165667123782139,6.577554933448659,4.624488653919359,0.144232872837477,-0.4979691265464319,-0.4981889342177482,-0.5025974390732968,-0.4931335504184663,-0.4911341303127268,0.0816222218395342,0.0019960079840319,5.0846984525183,-0.4602097985989406,500
Random_Promoter_DREAM_base_track,M02_GC_length_char6,50000,-0.4200270753331439,6.573391421803653,4.61850071613869,0.1419368936319809,-0.4973739359315764,-0.4972205600466121,-0.502279602925261,-0.4930804849361452,-0.4898971080903362,0.0771934847134682,0.0019960079840319,5.061362754762492,-0.4428620386238018,500
Random_Promoter_DREAM_base_track,M11_multi_char6_residual_rescue,50000,-0.4219897149866507,6.561623684443151,4.607169000111126,0.1366781363003732,-0.499344533317964,-0.4993188328986323,-0.5042661798594913,-0.4945462224195819,-0.4920058910605402,0.0773291179119816,0.0019960079840319,5.057028952704867,-0.4498599525937408,500
Random_Promoter_DREAM_base_track,T04_observable_alignment_proxy,50000,-0.4262809909947715,6.59439346508386,4.641198662847123,0.1376144799835114,-0.5046980481146753,-0.504931845491692,-0.5091720756419568,-0.500151845997569,-0.4972780231456877,0.0786508544969204,0.0019960079840319,5.092479124365776,-0.4512804615186532,500
Random_Promoter_DREAM_base_track,T05_uncertainty_ensemble_proxy,50000,-0.4270065952864708,6.587745272863058,4.627603509023121,0.1309631914945985,-0.5023613898833239,-0.5023042965388522,-0.5074545767982352,-0.4975768624122572,-0.4948754539698869,0.0752977012523814,0.0019960079840319,5.076730528598006,-0.4491270195748846,500
PARM_GSE301246_held_out_context_track_TaskB,T04_observable_alignment_proxy,133,-0.4688731050085661,0.7964735097394414,0.5720305941523751,0.2101554142743014,-0.8590186011679888,-0.8631377319887427,-1.1624267205684762,-0.5237436266582551,-0.1461537018776448,0.3942646269801765,0.0119760479041916,0.6709361661406473,-0.0989055719882722,500
PARM_GSE301246_held_out_context_track_TaskB,T04_observable_alignment_proxy,133,-0.4688731050085661,0.7964735097394414,0.5720305941523751,0.2101554142743014,-0.8499921363171424,-0.8496951007803168,-1.1736677775963578,-0.5073919911607847,-0.2823352194557977,0.3808219957717507,0.0159680638722554,0.6681385644936562,-0.096107970341281,500
PARM_GSE301246_held_out_context_track_TaskB,M05_GC_length_windowed_multi_char6,133,-0.5408918516723593,0.8157653899507534,0.6027389847750556,0.1472739468000157,-0.819308264109747,-0.8289428492615455,-1.1052291448486289,-0.480062794858916,-0.2136353426679782,0.2880509975891862,0.0479041916167664,0.6498350612052974,-0.0470960764302418,500
PARM_GSE301246_held_out_context_track_TaskB,M05_GC_length_windowed_multi_char6,133,-0.5408918516723593,0.8157653899507534,0.6027389847750556,0.1472739468000157,-0.8032051762291965,-0.808319686273081,-1.111263166230374,-0.4764479794892912,-0.2584769514598637,0.2674278346007217,0.0558882235528942,0.6471305894897003,-0.0443916047146446,500
PARM_GSE301246_held_out_context_track_TaskB,T05_uncertainty_ensemble_proxy,133,-0.6531193231833894,0.8449505591070209,0.6434277130848475,-0.0120759664122306,-0.638628732708139,-0.6405531894617166,-0.8887738195040861,-0.354904573352173,-0.235772826812874,-0.0125661337216728,0.5449101796407185,0.626508708662543,0.0169190044223044,500
PARM_GSE301246_held_out_context_track_TaskB,T05_uncertainty_ensemble_proxy,133,-0.6531193231833894,0.8449505591070209,0.6434277130848475,-0.0120759664122306,-0.6289165390277855,-0.6376756895139047,-0.8482641346636849,-0.3337155840000195,-0.1065657768711874,-0.0154436336694846,0.5449101796407185,0.6214572723281142,0.0219704407567332,500
PARM_GSE301246_held_out_context_track_6,T04_observable_alignment_proxy,10,-0.6929332037636888,39.36980980444131,32.66700524330139,-0.3222267549529957,-0.3717425207778905,-0.3879517868308431,-0.9037730674546444,0.2377030596862178,0.3701965842721917,-0.3049814169328457,0.8303393213572854,30.57680059432984,2.090204648971554,500
PARM_GSE301246_held_out_context_track_6,T04_observable_alignment_proxy,10,-0.6929332037636888,39.36980980444131,32.66700524330139,-0.3222267549529957,-0.366884774808784,-0.4201682481078136,-0.8709496018499467,0.3046918489699299,0.4665902576407917,-0.2727649556558752,0.844311377245509,31.053190288543703,1.613814954757686,500
PARM_GSE301246_held_out_context_track_6,M03_GC_length_multi_char6,10,-0.6929345088776124,39.369824979900365,32.667036056518555,-0.3222267549529957,-0.3784131236324098,-0.4025343693403227,-0.909212848540089,0.2928576153661772,0.3940107596759552,-0.2904001395372897,0.8243512974051896,30.97608070373535,1.690955352783206,500
PARM_GSE301246_held_out_context_track_6,M03_GC_length_multi_char6,10,-0.6929345088776124,39.369824979900365,32.667036056518555,-0.3222267549529957,-0.3757725622694732,-0.3878941444640507,-0.9018925282551996,0.2809941788187164,0.4143840063091633,-0.3050403644135617,0.8243512974051896,30.77780952453613,1.8892265319824235,500
PARM_GSE301246_held_out_context_track_6,M11_multi_char6_residual_rescue,10,-0.7138768066191523,39.612587002974585,32.78960781097412,-0.3286079204285441,-0.375552600999684,-0.400932276850233,-0.968816071115964,0.3253664895569684,0.4329739176467467,-0.3129445297689193,0.8363273453093812,30.84580593109131,1.943801879882809,500
PARM_GSE301246_held_out_context_track_6,M11_multi_char6_residual_rescue,10,-0.7138768066191523,39.612587002974585,32.78960781097412,-0.3286079204285441,-0.3837439750963309,-0.3873022946892767,-0.9315549873918963,0.2956039905092177,0.4591775933957687,-0.3265745119298756,0.8483033932135728,30.84013080596924,1.94947700500488,500
PARM_GSE301246_held_out_context_track_TaskB,M09_dynamic_condition_weighted_multi_char6,133,-0.7495016141252044,0.86923332926107,0.6058729075440286,0.2053728656652534,-1.1946485164890743,-1.214924652111972,-1.5449772968326798,-0.780838827405429,-0.5941586266653682,0.4654230379867676,0.0179640718562874,0.7247946746894864,-0.1189217671454578,500
PARM_GSE301246_held_out_context_track_TaskB,M12_dynamic_multi_char6_residual_rescue,133,-0.7495016141252044,0.86923332926107,0.6058729075440286,0.2053728656652534,-1.198596982251526,-1.2033011552895476,-1.5295774140813985,-0.8230233679251059,-0.5017659159548034,0.4537995411643432,0.0199600798403193,0.7255930568977873,-0.1197201493537587,500
PARM_GSE301246_held_out_context_track_TaskB,M09_dynamic_condition_weighted_multi_char6,133,-0.7495016141252044,0.86923332926107,0.6058729075440286,0.2053728656652534,-1.198450579193041,-1.1975122345466582,-1.5422977033109675,-0.8262303013623786,-0.6389043743534912,0.4480106204214538,0.0119760479041916,0.7258987169454187,-0.1200258094013901,500
PARM_GSE301246_held_out_context_track_TaskB,M12_dynamic_multi_char6_residual_rescue,133,-0.7495016141252044,0.86923332926107,0.6058729075440286,0.2053728656652534,-1.1830020813096531,-1.1784206627154352,-1.5045310714947309,-0.8182931264828207,-0.4905568512473177,0.4289190485902308,0.0099800399201596,0.7221422804736517,-0.1162693729296231,500
PARM_GSE301246_held_out_context_track_TaskB,M04_GC_length_windowed_char6,133,-0.8179798169801549,0.8860816141360367,0.6442190544290901,0.0985197614857567,-1.0226194820938646,-1.031075895434,-1.334502966276176,-0.6423554513852163,-0.489094765808068,0.2130960784538451,0.1257485029940119,0.6787177341998968,-0.0344986797708066,500
PARM_GSE301246_held_out_context_track_TaskB,M04_GC_length_windowed_char6,133,-0.8179798169801549,0.8860816141360367,0.6442190544290901,0.0985197614857567,-1.035600869145071,-1.0331570030823911,-1.364890397932017,-0.6973351194954654,-0.4878024152971771,0.2151771861022362,0.0858283433133732,0.677959012301151,-0.0337399578720608,500
PARM_GSE301246_held_out_context_track_TaskB,M02_GC_length_char6,133,-0.8335751314991746,0.8898740688764208,0.6652585070434369,0.1990283464729383,-1.2789218273806666,-1.281786605431428,-1.6444113364386233,-0.8612828510576421,-0.6615212383384865,0.4482114739322533,0.0179640718562874,0.7062033477447767,-0.0409448407013397,500
PARM_GSE301246_held_out_context_track_TaskB,M02_GC_length_char6,133,-0.8335751314991746,0.8898740688764208,0.6652585070434369,0.1990283464729383,-1.2796306950405991,-1.2794176691529595,-1.6460426990192998,-0.8671904742207186,-0.6452847811442906,0.4458425376537849,0.0199600798403193,0.707680501239748,-0.0424219941963111,500
PARM_GSE301246_held_out_context_track_TaskB,M03_GC_length_multi_char6,133,-0.8503276120691019,0.8939299980834096,0.6504544032397306,0.054559541659984,-0.9647029539609794,-0.9579355680744602,-1.300204973061673,-0.6356011908864417,-0.4255412847041715,0.1076079560053583,0.2375249500998004,0.6610332320692738,-0.0105788288295431,500
PARM_GSE301246_held_out_context_track_TaskB,M03_GC_length_multi_char6,133,-0.8503276120691019,0.8939299980834096,0.6504544032397306,0.054559541659984,-0.9697373760290724,-0.9677493588869054,-1.2866966385221756,-0.6327225936903427,-0.3358549893009925,0.1174217468178034,0.2415169660678642,0.662640137684944,-0.0121857344452134,500
PARM_GSE301246_Task_C_stress_test,M06_GC_length_condition_gated_char6,384,-0.8607112243825021,0.3659996996573169,0.2976785864630195,-0.1339235395299775,-0.6500719633415275,-0.6515470250890327,-0.7907276011460447,-0.5012075776854772,-0.4481980200670883,-0.2091641992934694,1.0,0.2826788046143668,0.0149997818486527,500
PARM_GSE301246_Task_C_stress_test,M06_GC_length_condition_gated_char6,384,-0.8607112243825021,0.3659996996573169,0.2976785864630195,-0.1339235395299775,-0.6528871031741198,-0.6498830436123537,-0.8008037674219756,-0.5039004812014246,-0.4417598874372577,-0.2108281807701484,0.994011976047904,0.2835606171913326,0.0141179692716869,500
PARM_GSE301246_held_out_context_track,M06_GC_length_condition_gated_char6,384,-0.8607112243825021,0.3659996996573169,0.2976785864630195,-0.1339235395299775,-0.6482274359029464,-0.6501347919526761,-0.7919805575799458,-0.4832389947094563,-0.4120933167275424,-0.210576432429826,1.0,0.2828407274658768,0.0148378589971426,500
PARM_GSE301246_held_out_context_track,M06_GC_length_condition_gated_char6,384,-0.8607112243825021,0.3659996996573169,0.2976785864630195,-0.1339235395299775,-0.6396247243988491,-0.6428711191190177,-0.7894614396547449,-0.5001075114424148,-0.3886111859943104,-0.2178401052634844,0.996007984031936,0.2826833911402671,0.0149951953227524,500
PARM_GSE301246_held_out_context_track,M06_GC_length_condition_gated_char6,384,-0.8607112243825021,0.3659996996573169,0.2976785864630195,-0.1339235395299775,-0.6534042205846501,-0.6561752444467607,-0.8106649420495096,-0.4966293483735466,-0.4140430365182188,-0.2045359799357414,0.998003992015968,0.2840620301586442,0.0136165563043753,500
PARM_GSE301246_held_out_context_track,M06_GC_length_condition_gated_char6,384,-0.8607112243825021,0.3659996996573169,0.2976785864630195,-0.1339235395299775,-0.6500164084583196,-0.6489698947687571,-0.8046435937438762,-0.5138873406567216,-0.4398898050051498,-0.211741329613745,0.996007984031936,0.2831937252090345,0.014484861253985,500
PARM_GSE301246_held_out_context_track_TaskB,M11_multi_char6_residual_rescue,133,-0.8999865270313216,0.9058461798689136,0.6556501843265252,0.0499766824733717,-0.9988947781459924,-1.0042199158733227,-1.310619014302569,-0.6587767101983071,-0.4637342599792402,0.104233388842001,0.311377245508982,0.6687652950690112,-0.0131151107424859,500
PARM_GSE301246_held_out_context_track_TaskB,M11_multi_char6_residual_rescue,133,-0.8999865270313216,0.9058461798689136,0.6556501843265252,0.0499766824733717,-0.9916114747536696,-0.996837756246406,-1.2987889551809264,-0.6413848037207396,-0.4443469651102403,0.0968512292150843,0.2654690618762475,0.6660352865448425,-0.0103851022183172,500
Random_Promoter_DREAM_base_track,M06_GC_length_condition_gated_char6,348,-0.9005729086113012,0.3048441505072661,0.2432036359253503,0.0517835726309614,-1.0016061330214856,-1.0002598559210334,-1.1709693619202284,-0.8162255417589043,-0.6909261916734597,0.0996869473097321,0.1397205588822355,0.2516049791633878,-0.0084013432380375,500
Random_Promoter_DREAM_base_track,M06_GC_length_condition_gated_char6,348,-0.9005729086113012,0.3048441505072661,0.2432036359253503,0.0517835726309614,-0.9917025665705428,-0.994391576229338,-1.1781412127508335,-0.786391425768586,-0.681251579101658,0.0938186676180367,0.1756487025948103,0.2511191941988763,-0.0079155582735259,500
Random_Promoter_DREAM_base_track,M06_GC_length_condition_gated_char6,348,-0.9005729086113012,0.3048441505072661,0.2432036359253503,0.0517835726309614,-0.9962032773773554,-0.9988029076025068,-1.180731036454945,-0.8173212602167499,-0.7317239520082881,0.0982299989912055,0.1736526946107784,0.2507660744056104,-0.00756243848026,500
Random_Promoter_DREAM_base_track,M06_GC_length_condition_gated_char6,348,-0.9005729086113012,0.3048441505072661,0.2432036359253503,0.0517835726309614,-0.9902916940506752,-0.9899367815205652,-1.1777273127943575,-0.8018668965115521,-0.6470511299365544,0.089363872909264,0.1776447105788423,0.2507812047792986,-0.0075775688539483,500
PARM_GSE301246_held_out_context_track_TaskB,T04_observable_alignment_proxy,133,-0.9517263935942628,0.91809720255791,0.7128670594421876,0.3524697083845562,-1.922272899227477,-1.9321264695347635,-2.395779943942647,-1.424458124639454,-1.1720130883501678,0.9804000759405004,0.0019960079840319,0.8829864385306718,-0.1701193790884841,500
PARM_GSE301246_held_out_context_track_TaskB,T04_observable_alignment_proxy,133,-0.9517263935942628,0.91809720255791,0.7128670594421876,0.3524697083845562,-1.930216187584108,-1.9250021373170163,-2.3932849014674726,-1.502532568806591,-1.0413077577355367,0.9732757437227536,0.0019960079840319,0.8804061406412254,-0.1675390811990377,500
PARM_GSE301246_held_out_context_track_TaskB,M10_char6_residual_rescue,133,-1.020460315257334,0.9341236311110178,0.692213282540757,0.2121996037611035,-1.54683865511231,-1.564845939251153,-1.920855054035074,-1.1274487969215732,-0.9456612995777888,0.5443856239938187,0.0099800399201596,0.7364810807548645,-0.0442677982141075,500
PARM_GSE301246_held_out_context_track_TaskB,M10_char6_residual_rescue,133,-1.020460315257334,0.9341236311110178,0.692213282540757,0.2121996037611035,-1.5371508369228122,-1.5616073860922932,-1.9289358755261976,-1.0709108774253564,-0.8166291883487826,0.5411470708349593,0.0159680638722554,0.7363149665428714,-0.0441016840021144,500
PARM_GSE301246_held_out_context_track_3,M05_GC_length_windowed_multi_char6,10,-1.087516410700251,342.05881100532935,273.97969207763674,-0.271801706073643,-0.7450224991074416,-0.8238113141420965,-1.3368692337720125,0.2072573945654251,0.3072246679671444,-0.2637050965581545,0.812375249500998,268.8370529174805,5.14263916015625,500
PARM_GSE301246_held_out_context_track_3,M05_GC_length_windowed_multi_char6,10,-1.087516410700251,342.05881100532935,273.97969207763674,-0.271801706073643,-0.797066281719185,-0.8648006989803986,-1.318045373464263,0.1864461763089222,0.3413781476799644,-0.2227157117198525,0.8023952095808383,268.8578414916992,5.121850585937523,500
PARM_GSE301246_held_out_context_track_6,M02_GC_length_char6,10,-1.1426224346032594,44.29107580794759,39.66003684997558,-0.4098148966377948,-0.7443657581100722,-0.8333750056695511,-1.19016246140303,0.0170770369188904,0.1253936427752708,-0.3092474289337082,0.9520958083832336,36.40833702087402,3.251699829101561,500
PARM_GSE301246_held_out_context_track_6,M02_GC_length_char6,10,-1.1426224346032594,44.29107580794759,39.66003684997558,-0.4098148966377948,-0.7131752418849923,-0.7754096778374847,-1.237745861134884,0.0207506943611455,0.1510794674123633,-0.3672127567657747,0.934131736526946,36.30711631774902,3.3529205322265625,500
PARM_GSE301246_held_out_context_track_6,M10_char6_residual_rescue,10,-1.162953590846005,44.5007167316996,39.79413986206055,-0.415110230830391,-0.7564620004417068,-0.8289781926924733,-1.2514541108831223,-0.0097445771677167,0.1103809559929325,-0.3339753981535316,0.9221556886227544,36.97295303344727,2.8211868286132784,500
PARM_GSE301246_held_out_context_track_6,M10_char6_residual_rescue,10,-1.162953590846005,44.5007167316996,39.79413986206055,-0.415110230830391,-0.7135683063411796,-0.794243328745247,-1.237315188667385,0.0110954347746171,0.1395219057213496,-0.3687102621007579,0.940119760479042,36.0757080078125,3.7184318542480455,500
PARM_GSE301246_Task_C_stress_test,M07_GC_length_condition_gated_multi_char6,32976,-1.1759679234043785,0.222343355890899,0.1106037898584896,0.0608339928469492,-1.3063557904405552,-1.306489724877712,-1.3287638533511998,-1.284860411830477,-1.2682119896432416,0.1305218014733338,0.0019960079840319,0.1188611050144317,-0.0082573151559421,500
Random_Promoter_DREAM_base_track,M03_GC_length_multi_char6,348,-1.2709370301387637,0.3332254359442427,0.2575746935110859,0.1291031207648206,-1.58746235091788,-1.59247757096101,-1.8654592459582735,-1.3260312716418563,-1.2086645848808786,0.3215405408222465,0.0039920159680638,0.2834391482935664,-0.0258644547824805,500
Random_Promoter_DREAM_base_track,M09_dynamic_condition_weighted_multi_char6,348,-1.2709370301387637,0.3332254359442427,0.2575746935110859,0.1291031207648206,-1.5908091273015017,-1.5841505953217858,-1.8656316972489488,-1.3541080620389787,-1.1918773920432395,0.3132135651830223,0.0059880239520958,0.2830987589930501,-0.0255240654819642,500
Random_Promoter_DREAM_base_track,M12_dynamic_multi_char6_residual_rescue,348,-1.2709370301387637,0.3332254359442427,0.2575746935110859,0.1291031207648206,-1.5922603358958176,-1.5928140248533431,-1.8571602054644611,-1.3307108162057122,-1.1391661836035758,0.3218769947145796,0.0099800399201596,0.2839245617211495,-0.0263498682100636,500
Random_Promoter_DREAM_base_track,M03_GC_length_multi_char6,348,-1.2709370301387637,0.3332254359442427,0.2575746935110859,0.1291031207648206,-1.592610232117182,-1.6018830782166915,-1.8532612123570904,-1.3219063663941413,-1.228298907568969,0.330946048077928,0.0099800399201596,0.2837066633929274,-0.0261319698818415,500
Random_Promoter_DREAM_base_track,M09_dynamic_condition_weighted_multi_char6,348,-1.2709370301387637,0.3332254359442427,0.2575746935110859,0.1291031207648206,-1.5925202854382068,-1.5942842099207977,-1.849320955694658,-1.3239283419741197,-1.2087679193942915,0.3233471797820342,0.0119760479041916,0.2835847269210322,-0.0260100334099462,500
Random_Promoter_DREAM_base_track,M12_dynamic_multi_char6_residual_rescue,348,-1.2709370301387637,0.3332254359442427,0.2575746935110859,0.1291031207648206,-1.584947888624698,-1.5905462193037114,-1.8451005019741868,-1.3180545696469783,-1.143969810793898,0.3196091891649479,0.0179640718562874,0.2832302528280554,-0.0256555593169695,500
Random_Promoter_DREAM_base_track,M03_GC_length_multi_char6,348,-1.2709370301387637,0.3332254359442427,0.2575746935110859,0.1291031207648206,-1.577231240831139,-1.581081166004198,-1.8338077483543285,-1.3175970480136674,-1.1684604851195544,0.3101441358654346,0.0119760479041916,0.2824381879538339,-0.0248634944427479,500
Random_Promoter_DREAM_base_track,M09_dynamic_condition_weighted_multi_char6,348,-1.2709370301387637,0.3332254359442427,0.2575746935110859,0.1291031207648206,-1.590325642722486,-1.6069291492082247,-1.843738851434772,-1.3242231941924056,-1.1839996025667578,0.3359921190694612,0.0079840319361277,0.2841117448954747,-0.0265370513843887,500
Random_Promoter_DREAM_base_track,M12_dynamic_multi_char6_residual_rescue,348,-1.2709370301387637,0.3332254359442427,0.2575746935110859,0.1291031207648206,-1.5928793087806143,-1.593861026176152,-1.8406875812058103,-1.360227105955965,-1.1372746378866192,0.3229239960373886,0.0099800399201596,0.2836805215392386,-0.0261058280281527,500
Random_Promoter_DREAM_base_track,M03_GC_length_multi_char6,348,-1.2709370301387637,0.3332254359442427,0.2575746935110859,0.1291031207648206,-1.5974359200127173,-1.5980727205683458,-1.83551482711302,-1.3443100902676022,-1.1681288544781636,0.3271356904295823,0.0079840319361277,0.2841779340101494,-0.0266032404990635,500
Random_Promoter_DREAM_base_track,M09_dynamic_condition_weighted_multi_char6,348,-1.2709370301387637,0.3332254359442427,0.2575746935110859,0.1291031207648206,-1.5916395813241289,-1.5932390024210683,-1.8382758077424828,-1.343346125763675,-1.18655729891733,0.322301972282305,0.0079840319361277,0.2835367287934238,-0.0259620352823378,500
Random_Promoter_DREAM_base_track,M12_dynamic_multi_char6_residual_rescue,348,-1.2709370301387637,0.3332254359442427,0.2575746935110859,0.1291031207648206,-1.6037015706177389,-1.60184845301105,-1.8749310758598157,-1.353569566118744,-1.2113476170949316,0.3309114228722865,0.0159680638722554,0.2841403880715809,-0.0265656945604949,500
PARM_GSE301246_held_out_context_track_6,M01_GC_length,10,-1.2834026267178982,45.72299321914346,41.91973571777344,0.4166748507387687,-1.531689393331124,-1.5476106930089786,-1.8986320630190583,-1.1308230701914597,-1.0612651577133256,0.2642080662910804,0.1297405189620758,44.83287353515625,-2.913137817382818,500
PARM_GSE301246_held_out_context_track_6,M01_GC_length,10,-1.2834026267178982,45.72299321914346,41.91973571777344,0.4166748507387687,-1.519757134996824,-1.5233347076671917,-1.886894727952808,-1.157058264857889,-1.0609116253235906,0.2399320809492935,0.12375249500998,44.724979400634766,-2.805243682861331,500
Random_Promoter_DREAM_base_track,M07_GC_length_condition_gated_multi_char6,348,-1.337344945181198,0.338062504001355,0.2581017359471353,0.114881336289331,-1.6263371935421325,-1.6239714695646823,-1.889956417516793,-1.3765394804807067,-1.203998649578149,0.2866265243834842,0.0139720558882235,0.283662574631052,-0.0255608386839166,500
Random_Promoter_DREAM_base_track,M07_GC_length_condition_gated_multi_char6,348,-1.337344945181198,0.338062504001355,0.2581017359471353,0.114881336289331,-1.617918337196777,-1.612802855755958,-1.8978950691236267,-1.341238355440728,-1.1194723050193731,0.2754579105747599,0.0239520958083832,0.2833961931745637,-0.0252944572274284,500
Random_Promoter_DREAM_base_track,M07_GC_length_condition_gated_multi_char6,348,-1.337344945181198,0.338062504001355,0.2581017359471353,0.114881336289331,-1.6255459089096873,-1.6223283858400437,-1.9068272845896508,-1.375944057067398,-1.2226540437810869,0.2849834406588456,0.0119760479041916,0.2841125820170466,-0.0260108460699112,500
Random_Promoter_DREAM_base_track,M07_GC_length_condition_gated_multi_char6,348,-1.337344945181198,0.338062504001355,0.2581017359471353,0.114881336289331,-1.62523647601984,-1.6270534922179758,-1.8749705657265647,-1.3643121085312444,-1.272162458310813,0.2897085470367777,0.0099800399201596,0.2842109868814351,-0.0261092509342997,500
PARM_GSE301246_Task_C_stress_test,M07_GC_length_condition_gated_multi_char6,384,-1.3855408230690576,0.4144142367883341,0.3269416646391958,-0.0571049924207755,-1.2588659235513633,-1.2503371780037398,-1.4828714628410609,-1.0336955975025832,-0.8574216934045642,-0.1352036450653178,0.8542914171656687,0.3219587833151987,0.004982881323997,500
PARM_GSE301246_Task_C_stress_test,M07_GC_length_condition_gated_multi_char6,384,-1.3855408230690576,0.4144142367883341,0.3269416646391958,-0.0571049924207755,-1.2592884351198623,-1.255164979594133,-1.4617515400389316,-1.0547991424757348,-0.8470628860186404,-0.1303758434749244,0.8602794411177644,0.3219585180830783,0.0049831465561174,500
PARM_GSE301246_held_out_context_track,M07_GC_length_condition_gated_multi_char6,384,-1.3855408230690576,0.4144142367883341,0.3269416646391958,-0.0571049924207755,-1.263907352687183,-1.2617068548965276,-1.483384261706758,-1.0429168395651751,-0.8707537824408389,-0.12383396817253,0.872255489021956,0.3221842722356458,0.0047573924035499,500
PARM_GSE301246_held_out_context_track,M07_GC_length_condition_gated_multi_char6,384,-1.3855408230690576,0.4144142367883341,0.3269416646391958,-0.0571049924207755,-1.259900145670683,-1.260658563192561,-1.4786651534240698,-1.0411052977245447,-0.9103062291342164,-0.1248822598764964,0.8602794411177644,0.3218756040716691,0.0050660605675266,500
PARM_GSE301246_held_out_context_track,M07_GC_length_condition_gated_multi_char6,384,-1.3855408230690576,0.4144142367883341,0.3269416646391958,-0.0571049924207755,-1.2503154944684909,-1.2537207553487515,-1.4829372319733412,-1.0221029456225093,-0.9122632700859784,-0.131820067720306,0.8962075848303394,0.3210128906861405,0.0059287739530553,500
PARM_GSE301246_held_out_context_track,M07_GC_length_condition_gated_multi_char6,384,-1.3855408230690576,0.4144142367883341,0.3269416646391958,-0.0571049924207755,-1.2581664017281595,-1.253238061868423,-1.4785581810301591,-1.0443961355870686,-0.9657781780177794,-0.1323027612006349,0.8842315369261478,0.3213582119462576,0.0055834526929381,500
PARM_GSE301246_Task_C_stress_test,M03_GC_length_multi_char6,384,-1.4297239736724725,0.4182343603216135,0.3264889927129944,-0.0276923642832854,-1.3547048704384197,-1.3604982667055296,-1.576332902144304,-1.1147978428499197,-1.0214634376572964,-0.0692257069669428,0.7465069860279441,0.3257970508756439,0.0006919418373504,500
PARM_GSE301246_Task_C_stress_test,M09_dynamic_condition_weighted_multi_char6,384,-1.4297239736724725,0.4182343603216135,0.3264889927129944,-0.0276923642832854,-1.371949794116561,-1.3748308453738067,-1.5907972122825684,-1.151982603274244,-0.9527609702471544,-0.0548931282986657,0.688622754491018,0.3274258612495561,-0.0009368685365617,500
PARM_GSE301246_Task_C_stress_test,M12_dynamic_multi_char6_residual_rescue,384,-1.4297239736724725,0.4182343603216135,0.3264889927129944,-0.0276923642832854,-1.3674468343348696,-1.3753005800551468,-1.5781435124329848,-1.131454671389861,-0.9900392712762028,-0.0544233936173257,0.7005988023952096,0.3270375096941789,-0.0005485169811844,500
PARM_GSE301246_Task_C_stress_test,M03_GC_length_multi_char6,384,-1.4297239736724725,0.4182343603216135,0.3264889927129944,-0.0276923642832854,-1.364157410426275,-1.3618660655410035,-1.5821766546777636,-1.1525285771776137,-1.050817206905267,-0.0678579081314689,0.7225548902195609,0.3263748224679728,0.0001141702450215,500
PARM_GSE301246_Task_C_stress_test,M09_dynamic_condition_weighted_multi_char6,384,-1.4297239736724725,0.4182343603216135,0.3264889927129944,-0.0276923642832854,-1.359142712207007,-1.352946497557488,-1.5827117815833842,-1.1306053863734489,-1.029491001657001,-0.0767774761149844,0.7305389221556886,0.3261894841230413,0.0002995085899531,500
PARM_GSE301246_Task_C_stress_test,M12_dynamic_multi_char6_residual_rescue,384,-1.4297239736724725,0.4182343603216135,0.3264889927129944,-0.0276923642832854,-1.3711689532050368,-1.3729370815647697,-1.5887061404952938,-1.1400921730171707,-1.0089406302894792,-0.056786892107703,0.6946107784431138,0.3273068786444266,-0.0008178859314322,500
PARM_GSE301246_held_out_context_track,M03_GC_length_multi_char6,384,-1.4297239736724725,0.4182343603216135,0.3264889927129944,-0.0276923642832854,-1.3645801474364248,-1.3614525989145323,-1.6016185127805638,-1.1447171771287947,-0.920814307895329,-0.0682713747579402,0.7125748502994012,0.3265725236330529,-8.353092005847218e-05,500
PARM_GSE301246_held_out_context_track,M09_dynamic_condition_weighted_multi_char6,384,-1.4297239736724725,0.4182343603216135,0.3264889927129944,-0.0276923642832854,-1.3700611943870618,-1.377162608722824,-1.604384310814919,-1.1448029811168747,-1.0223856622159442,-0.0525613649496483,0.7145708582834331,0.3273793846054474,-0.000890391892453,500
PARM_GSE301246_held_out_context_track,M12_dynamic_multi_char6_residual_rescue,384,-1.4297239736724725,0.4182343603216135,0.3264889927129944,-0.0276923642832854,-1.35734833463616,-1.3607489848315986,-1.5698991837174765,-1.1529115157647662,-1.0306532597434748,-0.0689749888408739,0.720558882235529,0.3262666193379064,0.0002223733750879,500
PARM_GSE301246_held_out_context_track,M03_GC_length_multi_char6,384,-1.4297239736724725,0.4182343603216135,0.3264889927129944,-0.0276923642832854,-1.3639003505039486,-1.3601412939415922,-1.5878061347311323,-1.1487113239030309,-1.0140572406074777,-0.0695826797308802,0.6906187624750499,0.3265265365303258,-3.7543817331398e-05,500
PARM_GSE301246_held_out_context_track,M09_dynamic_condition_weighted_multi_char6,384,-1.4297239736724725,0.4182343603216135,0.3264889927129944,-0.0276923642832854,-1.3654114325165878,-1.360737419432106,-1.5890939203201828,-1.1438880493731964,-1.0277059590770614,-0.0689865542403664,0.7145708582834331,0.3267530738492806,-0.0002640811362862,500
PARM_GSE301246_held_out_context_track,M12_dynamic_multi_char6_residual_rescue,384,-1.4297239736724725,0.4182343603216135,0.3264889927129944,-0.0276923642832854,-1.3660828543915824,-1.370651261884371,-1.5812109596726391,-1.134395762117008,-0.9959781941196806,-0.0590727117881015,0.6826347305389222,0.3269923238057295,-0.000503331092735,500
PARM_GSE301246_held_out_context_track,M03_GC_length_multi_char6,384,-1.4297239736724725,0.4182343603216135,0.3264889927129944,-0.0276923642832854,-1.3572627214950947,-1.3640739072479284,-1.55309128347605,-1.130590277658154,-0.935230620934558,-0.065650066424544,0.7365269461077845,0.32659500697727,-0.0001060142642756,500
PARM_GSE301246_held_out_context_track,M09_dynamic_condition_weighted_multi_char6,384,-1.4297239736724725,0.4182343603216135,0.3264889927129944,-0.0276923642832854,-1.3542727292560794,-1.3509284345127683,-1.5744528475854325,-1.1192909594424292,-0.9969969137744086,-0.0787955391597041,0.7445109780439122,0.3261152313968142,0.0003737613161802,500
PARM_GSE301246_held_out_context_track,M12_dynamic_multi_char6_residual_rescue,384,-1.4297239736724725,0.4182343603216135,0.3264889927129944,-0.0276923642832854,-1.3665100154309435,-1.369783149482566,-1.576798808743242,-1.126183676248269,-0.9190481054132882,-0.0599408241899066,0.7105788423153693,0.3269481047694087,-0.0004591120564143,500
PARM_GSE301246_held_out_context_track,M03_GC_length_multi_char6,384,-1.4297239736724725,0.4182343603216135,0.3264889927129944,-0.0276923642832854,-1.3758340674072884,-1.3729976963094972,-1.6121808505456598,-1.1339260982924773,-1.0734396314461434,-0.0567262773629753,0.6706586826347305,0.3274025921489199,-0.0009135994359255,500
PARM_GSE301246_held_out_context_track,M09_dynamic_condition_weighted_multi_char6,384,-1.4297239736724725,0.4182343603216135,0.3264889927129944,-0.0276923642832854,-1.3714844986565211,-1.3688581109760445,-1.597617044814677,-1.1447192437347309,-1.0390980985335196,-0.060865862696428,0.6966067864271457,0.3272247701748808,-0.0007357774618864,500
PARM_GSE301246_held_out_context_track,M12_dynamic_multi_char6_residual_rescue,384,-1.4297239736724725,0.4182343603216135,0.3264889927129944,-0.0276923642832854,-1.3598661732780983,-1.3583749541180938,-1.5859702876855517,-1.1416816799186258,-0.9705077796145092,-0.0713490195543786,0.7245508982035929,0.3259449657916525,0.0005440269213418,500
Random_Promoter_DREAM_base_track,M11_multi_char6_residual_rescue,348,-1.7154847797206636,0.3643839884898701,0.2834805608215119,0.1140049912122011,-2.03586215951562,-2.041237303777419,-2.314380054745675,-1.7421276748569574,-1.6110473388610551,0.3257525240567553,0.0219560878243512,0.3060728921585802,-0.0225923313370682,500
Random_Promoter_DREAM_base_track,M11_multi_char6_residual_rescue,348,-1.7154847797206636,0.3643839884898701,0.2834805608215119,0.1140049912122011,-2.0401330497234,-2.042380433737302,-2.327340876479177,-1.7541119050283425,-1.5901156240711978,0.3268956540166385,0.0179640718562874,0.3062122148530682,-0.0227316540315563,500
Random_Promoter_DREAM_base_track,M11_multi_char6_residual_rescue,348,-1.7154847797206636,0.3643839884898701,0.2834805608215119,0.1140049912122011,-2.0380877182386823,-2.044628638837593,-2.309122406824013,-1.7357703178825747,-1.4300795238031745,0.3291438591169293,0.0159680638722554,0.3062570576463959,-0.0227764968248839,500
Random_Promoter_DREAM_base_track,M11_multi_char6_residual_rescue,348,-1.7154847797206636,0.3643839884898701,0.2834805608215119,0.1140049912122011,-2.0294906240716992,-2.0335463293392686,-2.310259862684404,-1.72774520476455,-1.5884848401522182,0.318061549618605,0.0239520958083832,0.3059513509960565,-0.0224707901745445,500
PARM_GSE301246_held_out_context_track_5,M05_GC_length_windowed_multi_char6,10,-1.7811506541911035,48.0094409066323,37.95750312805176,-0.7332189860927408,-0.7141878842651213,-0.7330464279730096,-1.6125126521811046,0.22298902908186,0.5269022155930372,-1.0481042262180942,0.996007984031936,31.008413314819336,6.949089813232419,500
PARM_GSE301246_held_out_context_track_5,M05_GC_length_windowed_multi_char6,10,-1.7811506541911035,48.0094409066323,37.95750312805176,-0.7332189860927408,-0.6834196368519554,-0.7160289008046619,-1.525450852530911,0.2181090710686949,0.5433076379552579,-1.065121753386442,0.996007984031936,31.25819358825684,6.699309539794918,500
PARM_GSE301246_Task_C_stress_test,M11_multi_char6_residual_rescue,384,-2.1850415215040977,0.4788492256596714,0.3686499002210299,-0.0380003778879232,-2.076910136172508,-2.08697205954738,-2.3505013717816947,-1.7817638905136162,-1.6066606897941391,-0.0980694619567179,0.7584830339321357,0.3660488774296542,0.0026010227913756,500
PARM_GSE301246_Task_C_stress_test,M11_multi_char6_residual_rescue,384,-2.1850415215040977,0.4788492256596714,0.3686499002210299,-0.0380003778879232,-2.0792795293313966,-2.084844788020818,-2.3359059579633654,-1.8092130114297136,-1.639840017972206,-0.1001967334832798,0.7704590818363274,0.3659399596296052,0.0027099405914246,500
PARM_GSE301246_held_out_context_track,M11_multi_char6_residual_rescue,384,-2.1850415215040977,0.4788492256596714,0.3686499002210299,-0.0380003778879232,-2.063391440036824,-2.0589838046211315,-2.355175977325413,-1.7921874959285946,-1.6468738006921573,-0.1260577168829662,0.8063872255489022,0.3650778155226906,0.0035720846983392,500
PARM_GSE301246_held_out_context_track,M11_multi_char6_residual_rescue,384,-2.1850415215040977,0.4788492256596714,0.3686499002210299,-0.0380003778879232,-2.077528403245196,-2.0788030842019354,-2.3484624741960856,-1.802735659544767,-1.6494024721732572,-0.1062384373021623,0.7884231536926147,0.3653013771466613,0.0033485230743685,500
PARM_GSE301246_held_out_context_track,M11_multi_char6_residual_rescue,384,-2.1850415215040977,0.4788492256596714,0.3686499002210299,-0.0380003778879232,-2.081261145943196,-2.0911031917388616,-2.351355402752348,-1.7894054300028512,-1.6133718028138355,-0.093938329765236,0.7564870259481038,0.3657296103158792,0.0029202899051506,500
PARM_GSE301246_held_out_context_track,M11_multi_char6_residual_rescue,384,-2.1850415215040977,0.4788492256596714,0.3686499002210299,-0.0380003778879232,-2.0760345249195624,-2.0697086428252334,-2.3418502918705557,-1.785635470010116,-1.562740653940658,-0.1153328786788643,0.7624750499001997,0.3654775446455777,0.0031723555754522,500
PARM_GSE301246_held_out_context_track_TaskB,M08_dynamic_condition_weighted_char6,133,-2.1896381392900093,1.1736805411245037,0.8586262504938025,0.0945194241203395,-2.4727479221733946,-2.456922445146156,-3.01645214542382,-1.948943851070712,-1.753807228723863,0.2672843058561467,0.1477045908183632,0.9244391972691242,-0.0658129467753216,500
PARM_GSE301246_held_out_context_track_TaskB,M08_dynamic_condition_weighted_char6,133,-2.1896381392900093,1.1736805411245037,0.8586262504938025,0.0945194241203395,-2.4952001859574646,-2.509341501901977,-3.0305734734301266,-1.9162309837050464,-1.6142047575421552,0.3197033626119676,0.1437125748502994,0.9297429502363276,-0.0711166997425252,500
PARM_GSE301246_Task_C_stress_test,M05_GC_length_windowed_multi_char6,384,-2.2550963079889943,0.484086711948965,0.3802802106784035,0.0696687551638347,-2.4767281312876643,-2.475283959269841,-2.764225294058882,-2.163228167132207,-2.016923698639329,0.2201876512808462,0.0878243512974051,0.3987369159319996,-0.0184567052535961,500
PARM_GSE301246_Task_C_stress_test,M05_GC_length_windowed_multi_char6,384,-2.2550963079889943,0.484086711948965,0.3802802106784035,0.0696687551638347,-2.4869803353809647,-2.4787733503276503,-2.81638101943166,-2.175139052438332,-2.0934460096667955,0.223677042338656,0.0738522954091816,0.3990400304313103,-0.0187598197529067,500
PARM_GSE301246_held_out_context_track,M05_GC_length_windowed_multi_char6,384,-2.2550963079889943,0.484086711948965,0.3802802106784035,0.0696687551638347,-2.472514132397295,-2.467923797206652,-2.765990027269576,-2.1661828810612045,-1.937681672288744,0.2128274892176573,0.0978043912175648,0.398470537731871,-0.0181903270534674,500
PARM_GSE301246_held_out_context_track,M05_GC_length_windowed_multi_char6,384,-2.2550963079889943,0.484086711948965,0.3802802106784035,0.0696687551638347,-2.469022180569417,-2.468938814377786,-2.764512119572061,-2.192021378012183,-1.913220031534248,0.2138425063887918,0.0878243512974051,0.3986883724723061,-0.0184081617939025,500
PARM_GSE301246_held_out_context_track,M05_GC_length_windowed_multi_char6,384,-2.2550963079889943,0.484086711948965,0.3802802106784035,0.0696687551638347,-2.468462316561125,-2.4652080067219915,-2.7912360695171023,-2.172242631542853,-1.9597449630949888,0.2101116987329971,0.0758483033932135,0.3983432360675534,-0.0180630253891498,500
PARM_GSE301246_held_out_context_track,M05_GC_length_windowed_multi_char6,384,-2.2550963079889943,0.484086711948965,0.3802802106784035,0.0696687551638347,-2.476790679185388,-2.473369318212342,-2.762385776875038,-2.187962027172484,-2.0752016505667523,0.2182730102233483,0.0798403193612774,0.3985733572406719,-0.0182931465622683,500
PARM_GSE301246_Task_C_stress_test,M02_GC_length_char6,384,-2.8098270455271988,0.5237136223762909,0.4082663202874263,-0.1152858436700953,-2.4442698669450547,-2.4505328814192278,-2.752881611394948,-2.116836170855748,-1.9655294320656616,-0.3592941641079714,0.9920159680638724,0.3906246711443663,0.01764164914306,500
PARM_GSE301246_Task_C_stress_test,M08_dynamic_condition_weighted_char6,384,-2.8098270455271988,0.5237136223762909,0.4082663202874263,-0.1152858436700953,-2.438854211485076,-2.445763474495141,-2.7201784645400644,-2.128535882651601,-1.939508565254754,-0.3640635710320579,0.996007984031936,0.3893092253687182,0.018957094918708,500
PARM_GSE301246_Task_C_stress_test,M02_GC_length_char6,384,-2.8098270455271988,0.5237136223762909,0.4082663202874263,-0.1152858436700953,-2.4535488193686787,-2.460417054519513,-2.806061885155396,-2.1223329051586224,-1.981189525165392,-0.3494099910076853,0.9760479041916168,0.3898817569783032,0.0183845633091231,500
PARM_GSE301246_Task_C_stress_test,M08_dynamic_condition_weighted_char6,384,-2.8098270455271988,0.5237136223762909,0.4082663202874263,-0.1152858436700953,-2.448403238028793,-2.44691074050682,-2.761743056807733,-2.136615949663427,-2.04944754702921,-0.3629163050203789,0.9900199600798404,0.3902072513603568,0.0180590689270694,500
PARM_GSE301246_held_out_context_track,M02_GC_length_char6,384,-2.8098270455271988,0.5237136223762909,0.4082663202874263,-0.1152858436700953,-2.4507619026211214,-2.452484704366294,-2.7579480139193646,-2.160305402298591,-1.9840795188417109,-0.3573423411609049,0.9880239520958084,0.3905866461602648,0.0176796741271614,500
PARM_GSE301246_held_out_context_track,M08_dynamic_condition_weighted_char6,384,-2.8098270455271988,0.5237136223762909,0.4082663202874263,-0.1152858436700953,-2.449273971256781,-2.448019551434824,-2.765842354020919,-2.128354145827624,-1.9954888958366048,-0.3618074940923748,0.9860279441117764,0.3904091813767751,0.0178571389106511,500
PARM_GSE301246_held_out_context_track,M02_GC_length_char6,384,-2.8098270455271988,0.5237136223762909,0.4082663202874263,-0.1152858436700953,-2.452240749711667,-2.460781969859073,-2.747238695097224,-2.134280354696302,-1.9385492001898008,-0.3490450756681258,0.996007984031936,0.3900895255602598,0.0181767947271664,500
PARM_GSE301246_held_out_context_track,M08_dynamic_condition_weighted_char6,384,-2.8098270455271988,0.5237136223762909,0.4082663202874263,-0.1152858436700953,-2.447721344808423,-2.4395321966255925,-2.775135607623298,-2.1348263650654533,-1.9393344036033813,-0.3702948489016062,0.9900199600798404,0.3895972074360152,0.018669112851411,500
PARM_GSE301246_held_out_context_track,M02_GC_length_char6,384,-2.8098270455271988,0.5237136223762909,0.4082663202874263,-0.1152858436700953,-2.454672653289106,-2.4660321260007514,-2.7735325938970994,-2.122314237020224,-1.8764260456143784,-0.3437949195264473,0.9880239520958084,0.3918117375410397,0.0164545827463865,500
PARM_GSE301246_held_out_context_track,M08_dynamic_condition_weighted_char6,384,-2.8098270455271988,0.5237136223762909,0.4082663202874263,-0.1152858436700953,-2.4449032633208163,-2.4358202547615564,-2.764015954827892,-2.139228385225788,-1.9571273957819888,-0.3740067907656423,0.9900199600798404,0.3899111587608059,0.0183551615266203,500
PARM_GSE301246_held_out_context_track,M02_GC_length_char6,384,-2.8098270455271988,0.5237136223762909,0.4082663202874263,-0.1152858436700953,-2.451293982266773,-2.4489270060081254,-2.77698615740402,-2.1165463049963904,-1.8821394448442708,-0.3609000395190733,0.9880239520958084,0.3906007540303468,0.0176655662570794,500
PARM_GSE301246_held_out_context_track,M08_dynamic_condition_weighted_char6,384,-2.8098270455271988,0.5237136223762909,0.4082663202874263,-0.1152858436700953,-2.447884623910254,-2.4410893654132257,-2.784036147109959,-2.1202049179448426,-1.9150742197837087,-0.368737680113973,0.9820359281437124,0.389726483363539,0.0185398369238873,500
PARM_GSE301246_Task_C_stress_test,M10_char6_residual_rescue,384,-4.247417528714954,0.6146304201168108,0.4724460126723845,-0.1152335471912186,-3.791117606396847,-3.778247178162089,-4.1903275004699925,-3.426974137582416,-3.1721066862769,-0.4691703505528655,0.9860279441117764,0.4518765411880215,0.020569471484363,500
PARM_GSE301246_Task_C_stress_test,M10_char6_residual_rescue,384,-4.247417528714954,0.6146304201168108,0.4724460126723845,-0.1152335471912186,-3.777226557411305,-3.788869906427543,-4.142599370150068,-3.391650299073599,-3.068253954698425,-0.4585476222874112,0.996007984031936,0.4509022945931752,0.0215437180792093,500
PARM_GSE301246_held_out_context_track,M10_char6_residual_rescue,384,-4.247417528714954,0.6146304201168108,0.4724460126723845,-0.1152335471912186,-3.7851495146201857,-3.800280686440486,-4.152842819349887,-3.3806573983502064,-3.074541944288411,-0.4471368422744679,0.9920159680638724,0.4521097160042524,0.0203362966681321,500
PARM_GSE301246_held_out_context_track,M10_char6_residual_rescue,384,-4.247417528714954,0.6146304201168108,0.4724460126723845,-0.1152335471912186,-3.7840868857888825,-3.775499419845693,-4.156859193277534,-3.37928046856147,-3.2557798397325213,-0.4719181088692612,0.9920159680638724,0.4518727369321287,0.0205732757402558,500
PARM_GSE301246_held_out_context_track,M10_char6_residual_rescue,384,-4.247417528714954,0.6146304201168108,0.4724460126723845,-0.1152335471912186,-3.801353951486088,-3.799699843744536,-4.180329982786149,-3.452268072801729,-3.287423184398293,-0.4477176849704181,0.9880239520958084,0.4523408826802969,0.0201051299920876,500
PARM_GSE301246_held_out_context_track,M10_char6_residual_rescue,384,-4.247417528714954,0.6146304201168108,0.4724460126723845,-0.1152335471912186,-3.797945105546003,-3.799683516518417,-4.194242421321186,-3.434990863638408,-3.2015216643925166,-0.4477340121965372,0.9860279441117764,0.4524536552978754,0.0199923573745091,500
PARM_GSE301246_held_out_context_track_TaskB,M06_GC_length_condition_gated_char6,133,-4.822214226176052,1.5857082548509016,1.077726260240232,0.1293856249270256,-5.389923002154001,-5.402646287610633,-6.1338869644407215,-4.534676532559779,-4.002962678465898,0.580432061434581,0.0938123752495009,1.156285003138359,-0.0785587428981269,500
PARM_GSE301246_held_out_context_track_TaskB,M06_GC_length_condition_gated_char6,133,-4.822214226176052,1.5857082548509016,1.077726260240232,0.1293856249270256,-5.4486589993866295,-5.451554409947067,-6.183437536876435,-4.66402827201659,-4.229096658276864,0.6293401837710153,0.06187624750499,1.160638735114237,-0.0829124748740053,500
Random_Promoter_DREAM_base_track,M02_GC_length_char6,348,-5.001366821587855,0.5417023071383608,0.4217286523903553,0.0811211362253111,-5.396248360569126,-5.3968204060728535,-5.856838828555024,-4.9247037113374414,-4.683936123349592,0.3954535844849989,0.0558882235528942,0.4450076841184421,-0.0232790317280867,500
Random_Promoter_DREAM_base_track,M08_dynamic_condition_weighted_char6,348,-5.001366821587855,0.5417023071383608,0.4217286523903553,0.0811211362253111,-5.370603418274872,-5.35935107075913,-5.886998177053473,-4.884745854633868,-4.339800048286821,0.3579842491712757,0.0878243512974051,0.4434934003148147,-0.0217647479244594,500
Random_Promoter_DREAM_base_track,M02_GC_length_char6,348,-5.001366821587855,0.5417023071383608,0.4217286523903553,0.0811211362253111,-5.371593171094743,-5.379164803148498,-5.846450927410963,-4.910393117961006,-4.66812682213061,0.3777979815606436,0.0678642714570858,0.4441677859730213,-0.022439133582666,500
Random_Promoter_DREAM_base_track,M08_dynamic_condition_weighted_char6,348,-5.001366821587855,0.5417023071383608,0.4217286523903553,0.0811211362253111,-5.369210086443782,-5.361536792676658,-5.831516366144612,-4.8996405374779375,-4.680292645508958,0.3601699710888031,0.0758483033932135,0.4442364728563366,-0.0225078204659812,500
Random_Promoter_DREAM_base_track,M02_GC_length_char6,348,-5.001366821587855,0.5417023071383608,0.4217286523903553,0.0811211362253111,-5.386170606572587,-5.3949896890408375,-5.868462451502623,-4.892864476906705,-4.619032158120558,0.3936228674529829,0.0698602794411177,0.444965459190581,-0.0232368068002257,500
Random_Promoter_DREAM_base_track,M08_dynamic_condition_weighted_char6,348,-5.001366821587855,0.5417023071383608,0.4217286523903553,0.0811211362253111,-5.3692497805094535,-5.373089382256428,-5.871777780434444,-4.847952746956148,-4.713842860305813,0.371722560668573,0.0818363273453093,0.4435932070633365,-0.0218645546729811,500
Random_Promoter_DREAM_base_track,M02_GC_length_char6,348,-5.001366821587855,0.5417023071383608,0.4217286523903553,0.0811211362253111,-5.366520809899643,-5.359309881512035,-5.833464233062293,-4.908562209580765,-4.784447703258011,0.3579430599241799,0.0518962075848303,0.4438526988461442,-0.0221240464557888,500
Random_Promoter_DREAM_base_track,M08_dynamic_condition_weighted_char6,348,-5.001366821587855,0.5417023071383608,0.4217286523903553,0.0811211362253111,-5.392532176439532,-5.393481177450985,-5.8409549026933085,-4.925595151420868,-4.633986744599511,0.3921143558631303,0.0518962075848303,0.4441647019184225,-0.0224360495280671,500
Random_Promoter_DREAM_base_track,M05_GC_length_windowed_multi_char6,348,-5.280614183567352,0.5541618910098808,0.4022973862109732,-0.0013167869237335,-5.249409027447276,-5.254007282327692,-5.696989055540294,-4.796680716557512,-4.541639924214091,-0.0266069012396608,0.5349301397205589,0.3991227780575861,0.003174608153387,500
Random_Promoter_DREAM_base_track,M05_GC_length_windowed_multi_char6,348,-5.280614183567352,0.5541618910098808,0.4022973862109732,-0.0013167869237335,-5.26161866327289,-5.246299808553218,-5.7189488322831945,-4.82420745386263,-4.623589172521466,-0.0343143750141345,0.5588822355289421,0.3982130314138292,0.004084354797144,500
Random_Promoter_DREAM_base_track,M05_GC_length_windowed_multi_char6,348,-5.280614183567352,0.5541618910098808,0.4022973862109732,-0.0013167869237335,-5.269421301557656,-5.262376805517525,-5.743670354554099,-4.795048809650013,-4.641536091968668,-0.018237378049827,0.5169660678642715,0.3984484944415695,0.0038488917694036,500
Random_Promoter_DREAM_base_track,M05_GC_length_windowed_multi_char6,348,-5.280614183567352,0.5541618910098808,0.4022973862109732,-0.0013167869237335,-5.275375473086045,-5.279534290640969,-5.724772505481136,-4.76062840831517,-4.488513663046886,-0.0010798929263833,0.500998003992016,0.3989172653709116,0.0033801208400616,500
PARM_GSE301246_Task_C_stress_test,M04_GC_length_windowed_char6,384,-5.786882533810086,0.6989987620107752,0.4846540623467465,-0.0724569577215715,-5.457912984233478,-5.464608853817918,-5.9129910445194485,-5.002207852310895,-4.7449168213774255,-0.3222736799921684,0.9161676646706588,0.495258970964238,-0.0106049086174914,500
PARM_GSE301246_Task_C_stress_test,M04_GC_length_windowed_char6,384,-5.786882533810086,0.6989987620107752,0.4846540623467465,-0.0724569577215715,-5.476215565298432,-5.477364163125728,-5.891070693700027,-5.043661415963693,-4.790298956990942,-0.3095183706843585,0.9261477045908184,0.4965575583634824,-0.0119034960167359,500
PARM_GSE301246_held_out_context_track,M04_GC_length_windowed_char6,384,-5.786882533810086,0.6989987620107752,0.4846540623467465,-0.0724569577215715,-5.470486374399295,-5.470322827854378,-5.918552564793187,-5.027428157545282,-4.791765947376158,-0.3165597059557079,0.9021956087824352,0.4961905341467858,-0.0115364718000393,500
PARM_GSE301246_held_out_context_track,M04_GC_length_windowed_char6,384,-5.786882533810086,0.6989987620107752,0.4846540623467465,-0.0724569577215715,-5.461248324880839,-5.471140760829285,-5.889507698948167,-5.01894989329203,-4.762427571011708,-0.3157417729808012,0.9261477045908184,0.4963632762130002,-0.0117092138662537,500
PARM_GSE301246_held_out_context_track,M04_GC_length_windowed_char6,384,-5.786882533810086,0.6989987620107752,0.4846540623467465,-0.0724569577215715,-5.486063705303804,-5.49674308139797,-5.901496813446783,-5.053831924468161,-4.837858539681167,-0.2901394524121166,0.9141716566866268,0.49704134190316,-0.0123872795564135,500
PARM_GSE301246_held_out_context_track,M04_GC_length_windowed_char6,384,-5.786882533810086,0.6989987620107752,0.4846540623467465,-0.0724569577215715,-5.469261924247189,-5.469766913091807,-5.940393528589859,-4.950994859236571,-4.765123897616008,-0.3171156207182788,0.9041916167664672,0.4964306706173768,-0.0117766082706302,500
PARM_GSE301246_held_out_context_track_6,M05_GC_length_windowed_multi_char6,10,-5.8797778805408845,79.36529113099763,66.93751831054688,0.120679332679937,-6.1785905962338585,-6.17770905270126,-7.655153042800765,-4.671010591714234,-4.42613114281759,0.2979311721603759,0.3632734530938123,68.9781707763672,-2.040652465820316,500
PARM_GSE301246_held_out_context_track_6,M05_GC_length_windowed_multi_char6,10,-5.8797778805408845,79.36529113099763,66.93751831054688,0.120679332679937,-6.189477951755811,-6.192207626380137,-7.6326044689266945,-4.785415481551415,-4.616710413315396,0.3124297458392524,0.3812375249500998,69.26274108886719,-2.3252227783203097,500
Random_Promoter_DREAM_base_track,M10_char6_residual_rescue,348,-7.401807659864453,0.6409467745399094,0.4910192804143387,0.0596031852757768,-7.719584908970765,-7.72580222371145,-8.26501363010741,-7.105602929704874,-6.838400266738603,0.3239945638469974,0.1457085828343313,0.516273643652646,-0.0252543632383073,500
Random_Promoter_DREAM_base_track,M10_char6_residual_rescue,348,-7.401807659864453,0.6409467745399094,0.4910192804143387,0.0596031852757768,-7.7553798574329935,-7.757818730834857,-8.350463456811191,-7.190687325752289,-6.899647270971147,0.3560110709704043,0.1137724550898203,0.5169065949261804,-0.0258873145118416,500
Random_Promoter_DREAM_base_track,M10_char6_residual_rescue,348,-7.401807659864453,0.6409467745399094,0.4910192804143387,0.0596031852757768,-7.74311038997812,-7.746807830820024,-8.312893768413458,-7.164235144703351,-6.747623228390571,0.3450001709555712,0.1317365269461078,0.5175683812820706,-0.0265491008677318,500
Random_Promoter_DREAM_base_track,M10_char6_residual_rescue,348,-7.401807659864453,0.6409467745399094,0.4910192804143387,0.0596031852757768,-7.693368649037494,-7.699555515774602,-8.240617235748891,-7.163859060615893,-6.881606009947278,0.2977478559101492,0.1656686626746507,0.5148652791594814,-0.0238459987451427,500
PARM_GSE301246_held_out_context_track_6,M04_GC_length_windowed_char6,10,-8.055830351983776,91.05578530254004,80.22581176757812,0.2804314460569327,-8.872398145548294,-8.907321919847211,-10.57835266304462,-7.216957824674243,-6.876832632713089,0.8514915678634356,0.1996007984031936,81.5001708984375,-1.274359130859381,500
PARM_GSE301246_held_out_context_track_6,M04_GC_length_windowed_char6,10,-8.055830351983776,91.05578530254004,80.22581176757812,0.2804314460569327,-8.833916010200404,-8.727156489561334,-10.63080074150663,-7.244546983254017,-6.897584612503805,0.6713261375775588,0.217564870259481,81.5001708984375,-1.274359130859381,500
PARM_GSE301246_held_out_context_track_5,M04_GC_length_windowed_char6,10,-8.060361193813682,86.65370703544671,65.72562866210937,-0.5318181454329348,-6.318832892822305,-6.348209694900834,-8.558463778831879,-3.928073100581882,-3.211868642645019,-1.7121514989128477,0.9261477045908184,61.58711624145508,4.138512420654294,500
PARM_GSE301246_held_out_context_track_5,M04_GC_length_windowed_char6,10,-8.060361193813682,86.65370703544671,65.72562866210937,-0.5318181454329348,-6.299678444787418,-6.385669875677133,-8.303048246592855,-3.958843080520112,-3.318266840623492,-1.6746913181365493,0.9461077844311376,62.97145080566406,2.7541778564453097,500
Random_Promoter_DREAM_base_track,M04_GC_length_windowed_char6,348,-8.246563740521877,0.6723970241299467,0.4914164233855543,0.0565815697076034,-8.594511216283536,-8.59549725894731,-9.218149699014896,-8.025281189947101,-7.623297788525956,0.3489335184254329,0.1576846307385229,0.4741390112053937,0.0172774121801606,500
Random_Promoter_DREAM_base_track,M04_GC_length_windowed_char6,348,-8.246563740521877,0.6723970241299467,0.4914164233855543,0.0565815697076034,-8.598528264872716,-8.589245295529222,-9.225051443573966,-8.035525121714565,-7.425843208717904,0.3426815550073456,0.1377245508982036,0.4740808222848354,0.0173356011007189,500
Random_Promoter_DREAM_base_track,M04_GC_length_windowed_char6,348,-8.246563740521877,0.6723970241299467,0.4914164233855543,0.0565815697076034,-8.586494494071223,-8.57789869216888,-9.173040442081849,-7.947767965390209,-7.720733713056044,0.331334951647003,0.1317365269461078,0.4745411438655359,0.0168752795200183,500
Random_Promoter_DREAM_base_track,M04_GC_length_windowed_char6,348,-8.246563740521877,0.6723970241299467,0.4914164233855543,0.0565815697076034,-8.550442356649876,-8.540456082149822,-9.209903954597952,-7.9162147086149375,-7.703404637067006,0.2938923416279451,0.1696606786427145,0.4738459142865586,0.0175705090989956,500
extra_test_maude_shift_predictions_v0,M07_GC_length_condition_gated_multi_char6,20000,-12.362497074374517,7.642407985254492,7.499512341507557,0.9390684958670912,-12.973386813647476,-12.973690143991837,-12.982208356977374,-12.96437167841728,-12.957740773846169,0.61119306961732,0.0019960079840319,7.499512341507559,-1.7763568394002505e-15,500
extra_test_maude_shift_predictions_v0,M11_multi_char6_residual_rescue,20000,-12.402122232529578,7.653730998138824,7.509203209166894,0.947364547689204,-13.000329631002622,-13.00021904511052,-13.008378554228171,-12.9915806463204,-12.990264999475473,0.5980968125809412,0.0019960079840319,7.509203209166894,0.0,500
extra_test_maude_shift_predictions_v0,M03_GC_length_multi_char6,20000,-12.402130144844188,7.653733257434689,7.509202648382554,0.9473646207291638,-13.000396335497951,-13.000236550586475,-13.009767261705704,-12.99211846450443,-12.98712363338363,0.5981064057422874,0.0019960079840319,7.509202648382555,-8.881784197001252e-16,500
extra_test_maude_shift_predictions_v0,M09_dynamic_condition_weighted_multi_char6,20000,-12.402130144844188,7.653733257434689,7.509202648382554,0.9473646207291638,-13.00014544961477,-13.000498101502616,-13.008208253602016,-12.991586169539207,-12.985843140963386,0.5983679566584286,0.0019960079840319,7.509202648382554,0.0,500
extra_test_maude_shift_predictions_v0,M12_dynamic_multi_char6_residual_rescue,20000,-12.402130144844188,7.653733257434689,7.509202648382554,0.9473646207291638,-13.000287555185372,-13.000274562738682,-13.008336452591593,-12.991552964747846,-12.987913575616968,0.5981444178944937,0.0019960079840319,7.509202648382554,0.0,500
extra_test_maude_shift_predictions_v0,T04_observable_alignment_proxy,20000,-12.402130144844188,7.653733257434689,7.509202648382554,0.9473646207291638,-13.000485882272226,-13.000655592793716,-13.008987817997458,-12.99215288588894,-12.9880833312681,0.5985254479495286,0.0019960079840319,7.509202648382554,0.0,500
extra_test_maude_shift_predictions_v0,M10_char6_residual_rescue,20000,-12.41561831587727,7.657583723769463,7.509202941923508,0.9344099800728056,-12.99806508798108,-12.997970798632071,-13.00682006497842,-12.989251399000665,-12.983579470324973,0.5823524827548017,0.0019960079840319,7.509202941923508,0.0,500
extra_test_maude_shift_predictions_v0,M02_GC_length_char6,20000,-12.415631697319816,7.657587542806674,7.509202854519257,0.9344101829530268,-12.997761476827309,-12.99784425017431,-13.005768517356522,-12.989583001892395,-12.983387325530195,0.582212552854493,0.0019960079840319,7.509202854519259,-1.7763568394002505e-15,500
extra_test_maude_shift_predictions_v0,M08_dynamic_condition_weighted_char6,20000,-12.415631697319816,7.657587542806674,7.509202854519257,0.9344101829530268,-12.997907281352449,-12.998083655720835,-13.00608896761848,-12.989631214250489,-12.985686690561776,0.5824519584010197,0.0019960079840319,7.509202854519259,-1.7763568394002505e-15,500
extra_test_maude_shift_predictions_v0,T05_uncertainty_ensemble_proxy,20000,-12.43718139393606,7.663735314203388,7.509879267262588,0.8214922762433463,-13.035699168437768,-13.035846752323016,-13.045229935110164,-13.025219258877192,-13.020079964390028,0.5986653583869579,0.0019960079840319,7.510102857554117,-0.0002235902915295,500
extra_test_maude_shift_predictions_v0,M05_GC_length_windowed_multi_char6,20000,-12.478434118698477,7.675490297542854,7.509203332238564,0.8718668180308098,-12.985145437474094,-12.985241418926378,-12.992588425093452,-12.977392911649522,-12.97054563989724,0.5068073002279014,0.0019960079840319,7.509203332238566,-1.7763568394002505e-15,500
extra_test_maude_shift_predictions_v0,M04_GC_length_windowed_char6,20000,-12.505914997041396,7.683311006090339,7.509203173582921,0.8430564666119013,-12.979758517688678,-12.979761873176235,-12.987456678690682,-12.971862637593205,-12.967877268172598,0.4738468761348411,0.0019960079840319,7.509203173582921,0.0,500
extra_test_maude_shift_predictions_v0,M01_GC_length,20000,-12.798229048901876,7.766012440295008,7.509203017824063,0.4295068196747473,-12.921185303034118,-12.921002863589496,-12.92564868536974,-12.91713543351655,-12.915690793646084,0.1227738146876209,0.0019960079840319,7.509203017824063,0.0,500
extra_test_maude_shift_predictions_v0,T04_observable_alignment_proxy,20000,-13.01139830213891,7.825771200403587,7.653910667816873,0.9078248944486056,-13.465324178326464,-13.46521539322185,-13.472494387367362,-13.458768041892776,-13.455658873878976,0.4538170910829411,0.0019960079840319,7.653910667816873,0.0,500
extra_test_maude_shift_predictions_v0,T05_uncertainty_ensemble_proxy,20000,-13.02147881721643,7.828585823862347,7.656032577058862,0.902501382578209,-13.47255007545972,-13.472489244575794,-13.479422739857338,-13.465858049436155,-13.463026107466328,0.451010427359364,0.0019960079840319,7.656032577058862,0.0,500
extra_test_maude_shift_predictions_v0,M06_GC_length_condition_gated_char6,20000,-13.351315350861258,7.920129099806512,7.735407340904764,0.9174968833081952,-13.733089410622306,-13.732891967892646,-13.739733146773714,-13.72750642252904,-13.723131808046586,0.3815766170313885,0.0019960079840319,7.735407340904764,0.0,500
extra_test_inregime_predictions_v0,M07_GC_length_condition_gated_multi_char6,20000,-20.841590102074893,7.009865152372414,6.913943706214977,0.7645143290605152,-21.365419430600053,-21.365668270381853,-21.374893486219623,-21.35560011536488,-21.3503257119939,0.5240781683069606,0.0019960079840319,6.913943706214975,1.7763568394002505e-15,500
extra_test_inregime_predictions_v0,M10_char6_residual_rescue,20000,-20.91118783351592,7.021024657719142,6.924579330058424,0.8187125450019672,-21.40378620414237,-21.40409549157901,-21.412172244472064,-21.395230729950804,-21.39140614214232,0.4929076580630962,0.0019960079840319,6.924579330058424,0.0,500
extra_test_inregime_predictions_v0,M02_GC_length_char6,20000,-20.91141319526793,7.021060764076345,6.9245788808539785,0.8181480619277633,-21.40412696001501,-21.40383861693921,-21.412616819681997,-21.396150254958517,-21.390839542803786,0.4924254216712818,0.0019960079840319,6.9245788808539785,0.0,500
extra_test_inregime_predictions_v0,M08_dynamic_condition_weighted_char6,20000,-20.91141319526793,7.021060764076345,6.9245788808539785,0.8181480619277633,-21.40391078246201,-21.403826093800525,-21.41204958083022,-21.39588650747796,-21.39154007276152,0.4924128985325957,0.0019960079840319,6.9245788808539785,0.0,500
extra_test_inregime_predictions_v0,M11_multi_char6_residual_rescue,20000,-20.92229690348545,7.022804277588788,6.924579702861635,0.7558667623416394,-21.423199503599584,-21.423443070951144,-21.432494912582825,-21.41340279526369,-21.407001704913032,0.5011461674656985,0.0019960079840319,6.924579702861635,0.0,500
extra_test_inregime_predictions_v0,M03_GC_length_multi_char6,20000,-20.922554323293777,7.022845509664791,6.92458031286749,0.7553324959818033,-21.4230072488368,-21.423085541616505,-21.43209174303473,-21.4135684681973,-21.408902700029483,0.5005312183227275,0.0019960079840319,6.92458031286749,0.0,500
extra_test_inregime_predictions_v0,M09_dynamic_condition_weighted_multi_char6,20000,-20.922554323293777,7.022845509664791,6.92458031286749,0.7553324959818033,-21.42342198278877,-21.423730891367875,-21.432970321306872,-21.41408213437622,-21.40736880981032,0.5011765680740972,0.0019960079840319,6.92458031286749,0.0,500
extra_test_inregime_predictions_v0,M12_dynamic_multi_char6_residual_rescue,20000,-20.922554323293777,7.022845509664791,6.92458031286749,0.7553324959818033,-21.422968016874336,-21.42309704494525,-21.432178731640303,-21.41352712303488,-21.4090064238251,0.5005427216514775,0.0019960079840319,6.92458031286749,0.0,500
extra_test_inregime_predictions_v0,T04_observable_alignment_proxy,20000,-20.922554323293777,7.022845509664791,6.92458031286749,0.7553324959818033,-21.423047902301036,-21.42313981279468,-21.432835233332685,-21.41341824821067,-21.41014227239955,0.500585489500903,0.0019960079840319,6.92458031286749,0.0,500
extra_test_inregime_predictions_v0,T05_uncertainty_ensemble_proxy,20000,-20.96733281927421,7.03001420075488,6.923672569336024,0.6245117502877225,-21.46918099087997,-21.469028152880405,-21.48033410799332,-21.456935061032294,-21.45193507415869,0.5016953336061931,0.0019960079840319,6.923672569336024,0.0,500
extra_test_inregime_predictions_v0,M05_GC_length_windowed_multi_char6,20000,-21.01967455487528,7.038384452645931,6.924578576798765,0.6410973619900711,-21.402622890835296,-21.402399865291414,-21.411404077766093,-21.39478845165827,-21.38807803366937,0.3827253104161379,0.0019960079840319,6.924578576798765,0.0,500
extra_test_inregime_predictions_v0,M04_GC_length_windowed_char6,20000,-21.027720221303767,7.039670196481511,6.924580542655317,0.6718208906051962,-21.38335438152572,-21.38347943623352,-21.391035274299306,-21.3754846061059,-21.373836290672557,0.3557592149297512,0.0019960079840319,6.924580542655317,0.0,500
extra_test_inregime_predictions_v0,M01_GC_length,20000,-21.152844798180716,7.05963568605369,6.924579704876272,0.5387066205929371,-21.345161811491067,-21.34515261630644,-21.350060328447988,-21.340388531965377,-21.337566983525644,0.1923078181257231,0.0019960079840319,6.924579704876272,0.0,500
extra_val_inregime_predictions_v0,M07_GC_length_condition_gated_multi_char6,20000,-21.15647020137654,6.997334729384808,6.903733762890004,0.7589425829391105,-21.69206619409514,-21.69208121420148,-21.702434931501177,-21.6820559469138,-21.6790452587138,0.5356110128249405,0.0019960079840319,6.903733762890004,0.0,500
extra_val_inregime_predictions_v0,M10_char6_residual_rescue,20000,-21.283248275083235,7.01732535134024,6.922842411576334,0.8150432248945693,-21.780425654162027,-21.78048862853675,-21.78823956802932,-21.772715343365533,-21.768564255776383,0.4972403534535168,0.0019960079840319,6.922842411576334,0.0,500
extra_val_inregime_predictions_v0,M02_GC_length_char6,20000,-21.283515717190507,7.017367461956815,6.922842861257616,0.8142765955609154,-21.780424449547507,-21.78063034240753,-21.78829557459643,-21.77183615798343,-21.76757450329732,0.4971146252170229,0.0019960079840319,6.922842861257616,0.0,500
extra_val_inregime_predictions_v0,M08_dynamic_condition_weighted_char6,20000,-21.283515717190507,7.017367461956815,6.922842861257616,0.8142765955609154,-21.77991055404913,-21.77998990144105,-21.788428654197,-21.771690125270123,-21.76773938913922,0.4964741842505447,0.0019960079840319,6.922842861257616,0.0,500
extra_val_inregime_predictions_v0,M11_multi_char6_residual_rescue,20000,-21.293962360006905,7.01901216072278,6.9228433530316975,0.7554859048598966,-21.7991273246727,-21.799003765616987,-21.80841537033689,-21.79065276118163,-21.78486785446557,0.5050414056100827,0.0019960079840319,6.9228433530316975,0.0,500
extra_val_inregime_predictions_v0,M03_GC_length_multi_char6,20000,-21.294100617694987,7.019033925155538,6.9228451181755695,0.7551201621387584,-21.799008662803825,-21.7987962609325,-21.809765129982758,-21.788970532793208,-21.7838916975472,0.5046956432375147,0.0019960079840319,6.9228451181755695,0.0,500
extra_val_inregime_predictions_v0,M09_dynamic_condition_weighted_multi_char6,20000,-21.294100617694987,7.019033925155538,6.9228451181755695,0.7551201621387584,-21.798750759324257,-21.79879060896596,-21.80726274573206,-21.78991500254986,-21.78534729504573,0.5046899912709719,0.0019960079840319,6.9228451181755695,0.0,500
extra_val_inregime_predictions_v0,M12_dynamic_multi_char6_residual_rescue,20000,-21.294100617694987,7.019033925155538,6.9228451181755695,0.7551201621387584,-21.79883381421891,-21.7989000051748,-21.808036318451563,-21.789899984723498,-21.78492283301529,0.5047993874798138,0.0019960079840319,6.9228451181755695,0.0,500
extra_val_inregime_predictions_v0,T04_observable_alignment_proxy,20000,-21.294100617694987,7.019033925155538,6.9228451181755695,0.7551201621387584,-21.79906583686711,-21.7992174483121,-21.807669881030364,-21.789749812613007,-21.786579552235203,0.5051168306171121,0.0019960079840319,6.9228451181755695,0.0,500
extra_val_inregime_predictions_v0,T05_uncertainty_ensemble_proxy,20000,-21.313730985097727,7.022123439723644,6.917442292375985,0.6180962259476095,-21.823224114150225,-21.822785459737304,-21.834310038605395,-21.81233021346685,-21.80082149304129,0.5090544746395764,0.0019960079840319,6.917442292375985,0.0,500
extra_val_inregime_predictions_v0,M05_GC_length_windowed_multi_char6,20000,-21.399752773019333,7.035645933085124,6.922841871510569,0.629814793078226,-21.77728392648533,-21.777381651551107,-21.78538267094978,-21.769824445715685,-21.760665567653778,0.3776288785317732,0.0019960079840319,6.922841871510569,0.0,500
extra_val_inregime_predictions_v0,M04_GC_length_windowed_char6,20000,-21.40506260571916,7.03647977910026,6.922842383061472,0.6688417553629208,-21.756081840371262,-21.75616748533277,-21.76288041198358,-21.74868122699472,-21.74279819568073,0.3511048796136151,0.0019960079840319,6.922842383061472,0.0,500
extra_test_inregime_predictions_v0,T04_observable_alignment_proxy,20000,-21.413462569287383,7.101040906062281,6.990875780671241,0.6889971633093498,-21.803451311757595,-21.803457277104457,-21.810828676621995,-21.79630315065644,-21.791627696255155,0.389994707817074,0.0019960079840319,6.990875780671241,0.0,500
extra_test_inregime_predictions_v0,T05_uncertainty_ensemble_proxy,20000,-21.527115474085598,7.119021916773315,7.009110034110123,0.6784874454029373,-21.921299475351187,-21.92145182686237,-21.928828281212574,-21.91283679831873,-21.905160511743173,0.3943363527767758,0.0019960079840319,7.009110034110123,0.0,500
extra_val_inregime_predictions_v0,M01_GC_length,20000,-21.52990413330525,7.056056260952532,6.922842449413362,0.5292507154390027,-21.719033401979488,-21.718953011088143,-21.7241360623254,-21.71411655981432,-21.71181577390166,0.1890488777828949,0.0019960079840319,6.922842449413362,0.0,500
extra_val_inregime_predictions_v0,T04_observable_alignment_proxy,20000,-22.111285578972154,7.146516735884672,7.035090952457924,0.6692169288983608,-22.466597030367627,-22.466695624392518,-22.47365324569852,-22.460072977483087,-22.456226935009735,0.3554100454203599,0.0019960079840319,7.035090952457924,0.0,500
extra_val_inregime_predictions_v0,T05_uncertainty_ensemble_proxy,20000,-22.32745758004926,7.179861508155534,7.068743262056554,0.6593395728904562,-22.68416604969692,-22.684004216682283,-22.692020064264444,-22.676670893307296,-22.674464525744423,0.3565466366330234,0.0019960079840319,7.068743262056554,0.0,500
extra_test_inregime_predictions_v0,M06_GC_length_condition_gated_char6,20000,-22.460925307662123,7.265075062458837,7.150011349336696,0.7948474127825997,-22.75863814259488,-22.758595808812306,-22.763864220436663,-22.753532754130973,-22.75138349880263,0.2976705011501828,0.0019960079840319,7.150011349336696,0.0,500
extra_val_inregime_predictions_v0,M06_GC_length_condition_gated_char6,20000,-22.840981195656685,7.25845896058722,7.145696125431336,0.7887392977316996,-23.142202671969308,-23.14226315883913,-23.14773053380343,-23.136950487764267,-23.13355821271269,0.3012819631824435,0.0019960079840319,7.145696125431336,0.0,500
